hint: Using 'master' as the name for the initial branch. This default branch name
hint: will change to "main" in Git 3.0. To configure the initial branch name
hint: to use in all of your new repositories, which will suppress this warning,
hint: call:
hint:
hint: 	git config --global init.defaultBranch <name>
hint:
hint: Names commonly chosen instead of 'master' are 'main', 'trunk' and
hint: 'development'. The just-created branch can be renamed via this command:
hint:
hint: 	git branch -m <name>
hint:
hint: Disable this message with "git config set advice.defaultBranchName false"
Initialized empty Git repository in /home/runner/work/wayne-hyperos4/wayne-hyperos4/sources/kernel-6.6-probe/.git/
From https://github.com/sdm660-mainline/linux
 * branch                6a4e475000ecc7e864911959a1984a0664088464 -> FETCH_HEAD
HEAD is now at 6a4e47500 arm64: dts: qcom: Add Xiaomi Mi Pad 4 Plus device tree
make: Entering directory '/home/runner/work/wayne-hyperos4/wayne-hyperos4/sources/kernel-6.6-probe'
make[1]: Entering directory '/home/runner/work/wayne-hyperos4/wayne-hyperos4/sources/kernel-6.6-probe/out'
  GEN     Makefile
  HOSTCC  scripts/basic/fixdep
  HOSTCC  scripts/kconfig/conf.o
  HOSTCC  scripts/kconfig/confdata.o
  HOSTCC  scripts/kconfig/expr.o
  LEX     scripts/kconfig/lexer.lex.c
  YACC    scripts/kconfig/parser.tab.[ch]
  HOSTCC  scripts/kconfig/lexer.lex.o
  HOSTCC  scripts/kconfig/menu.o
  HOSTCC  scripts/kconfig/parser.tab.o
  HOSTCC  scripts/kconfig/preprocess.o
  HOSTCC  scripts/kconfig/symbol.o
  HOSTCC  scripts/kconfig/util.o
  HOSTLD  scripts/kconfig/conf
#
# configuration written to .config
#
make[1]: Leaving directory '/home/runner/work/wayne-hyperos4/wayne-hyperos4/sources/kernel-6.6-probe/out'
make: Leaving directory '/home/runner/work/wayne-hyperos4/wayne-hyperos4/sources/kernel-6.6-probe'
Using /home/runner/work/wayne-hyperos4/wayne-hyperos4/sources/kernel-6.6-probe/out/.config as base
Merging /home/runner/work/wayne-hyperos4/wayne-hyperos4/config/kernel-6.6-android.fragment
Value of CONFIG_ANDROID_BINDERFS is redefined by fragment /home/runner/work/wayne-hyperos4/wayne-hyperos4/config/kernel-6.6-android.fragment:
Previous value: # CONFIG_ANDROID_BINDERFS is not set
New value: CONFIG_ANDROID_BINDERFS=y

Value of CONFIG_SECURITY_NETWORK is redefined by fragment /home/runner/work/wayne-hyperos4/wayne-hyperos4/config/kernel-6.6-android.fragment:
Previous value: # CONFIG_SECURITY_NETWORK is not set
New value: CONFIG_SECURITY_NETWORK=y

Value of CONFIG_LSM is redefined by fragment /home/runner/work/wayne-hyperos4/wayne-hyperos4/config/kernel-6.6-android.fragment:
Previous value: CONFIG_LSM="lockdown,yama,loadpin,safesetid,integrity"
New value: CONFIG_LSM="landlock,lockdown,yama,integrity,selinux,bpf"

Value of CONFIG_FS_ENCRYPTION is redefined by fragment /home/runner/work/wayne-hyperos4/wayne-hyperos4/config/kernel-6.6-android.fragment:
Previous value: # CONFIG_FS_ENCRYPTION is not set
New value: CONFIG_FS_ENCRYPTION=y

Value of CONFIG_EROFS_FS is redefined by fragment /home/runner/work/wayne-hyperos4/wayne-hyperos4/config/kernel-6.6-android.fragment:
Previous value: # CONFIG_EROFS_FS is not set
New value: CONFIG_EROFS_FS=y

#
# merged configuration written to /home/runner/work/wayne-hyperos4/wayne-hyperos4/sources/kernel-6.6-probe/out/.config (needs make)
#
make: Entering directory '/home/runner/work/wayne-hyperos4/wayne-hyperos4/sources/kernel-6.6-probe'
make[1]: Entering directory '/home/runner/work/wayne-hyperos4/wayne-hyperos4/sources/kernel-6.6-probe/out'
  GEN     Makefile
.config:6733:warning: override: DEFAULT_SECURITY_SELINUX changes choice state
#
# configuration written to .config
#
make[1]: Leaving directory '/home/runner/work/wayne-hyperos4/wayne-hyperos4/sources/kernel-6.6-probe/out'
make: Leaving directory '/home/runner/work/wayne-hyperos4/wayne-hyperos4/sources/kernel-6.6-probe'
make: Entering directory '/home/runner/work/wayne-hyperos4/wayne-hyperos4/sources/kernel-6.6-probe'
make[1]: Entering directory '/home/runner/work/wayne-hyperos4/wayne-hyperos4/sources/kernel-6.6-probe/out'
  SYNC    include/config/auto.conf.cmd
  GEN     Makefile
  GEN     Makefile
  WRAP    arch/arm64/include/generated/uapi/asm/kvm_para.h
  WRAP    arch/arm64/include/generated/uapi/asm/errno.h
  WRAP    arch/arm64/include/generated/uapi/asm/ioctl.h
  WRAP    arch/arm64/include/generated/uapi/asm/ioctls.h
  WRAP    arch/arm64/include/generated/uapi/asm/ipcbuf.h
  WRAP    arch/arm64/include/generated/uapi/asm/msgbuf.h
  WRAP    arch/arm64/include/generated/uapi/asm/poll.h
  WRAP    arch/arm64/include/generated/uapi/asm/resource.h
  HOSTCC  scripts/dtc/dtc.o
  WRAP    arch/arm64/include/generated/uapi/asm/sembuf.h
  WRAP    arch/arm64/include/generated/uapi/asm/shmbuf.h
  WRAP    arch/arm64/include/generated/uapi/asm/siginfo.h
  WRAP    arch/arm64/include/generated/uapi/asm/socket.h
  WRAP    arch/arm64/include/generated/uapi/asm/sockios.h
  WRAP    arch/arm64/include/generated/uapi/asm/stat.h
  WRAP    arch/arm64/include/generated/uapi/asm/swab.h
  WRAP    arch/arm64/include/generated/uapi/asm/termbits.h
  WRAP    arch/arm64/include/generated/uapi/asm/termios.h
  WRAP    arch/arm64/include/generated/uapi/asm/types.h
  HOSTCC  scripts/dtc/flattree.o
  UPD     include/generated/uapi/linux/version.h
  UPD     include/config/kernel.release
  WRAP    arch/arm64/include/generated/asm/early_ioremap.h
  WRAP    arch/arm64/include/generated/asm/mcs_spinlock.h
  WRAP    arch/arm64/include/generated/asm/qrwlock.h
  UPD     include/generated/compile.h
  WRAP    arch/arm64/include/generated/asm/qspinlock.h
  WRAP    arch/arm64/include/generated/asm/parport.h
  WRAP    arch/arm64/include/generated/asm/user.h
  WRAP    arch/arm64/include/generated/asm/bugs.h
  WRAP    arch/arm64/include/generated/asm/delay.h
  WRAP    arch/arm64/include/generated/asm/div64.h
  WRAP    arch/arm64/include/generated/asm/dma-mapping.h
  WRAP    arch/arm64/include/generated/asm/dma.h
  WRAP    arch/arm64/include/generated/asm/emergency-restart.h
  UPD     include/generated/utsrelease.h
  WRAP    arch/arm64/include/generated/asm/hw_irq.h
  WRAP    arch/arm64/include/generated/asm/irq_regs.h
  HOSTCC  scripts/dtc/fstree.o
  WRAP    arch/arm64/include/generated/asm/kdebug.h
  WRAP    arch/arm64/include/generated/asm/kmap_size.h
  WRAP    arch/arm64/include/generated/asm/local.h
  WRAP    arch/arm64/include/generated/asm/local64.h
  WRAP    arch/arm64/include/generated/asm/mmiowb.h
  WRAP    arch/arm64/include/generated/asm/msi.h
  WRAP    arch/arm64/include/generated/asm/serial.h
  WRAP    arch/arm64/include/generated/asm/softirq_stack.h
  WRAP    arch/arm64/include/generated/asm/switch_to.h
  WRAP    arch/arm64/include/generated/asm/trace_clock.h
  WRAP    arch/arm64/include/generated/asm/unaligned.h
  WRAP    arch/arm64/include/generated/asm/vga.h
  HOSTCC  scripts/dtc/data.o
  HOSTCC  scripts/dtc/livetree.o
  HOSTCC  scripts/dtc/treesource.o
  HOSTCC  scripts/dtc/srcpos.o
  HOSTCC  scripts/dtc/checks.o
  HOSTCC  scripts/dtc/util.o
  LEX     scripts/dtc/dtc-lexer.lex.c
  YACC    scripts/dtc/dtc-parser.tab.[ch]
  HOSTCC  scripts/dtc/libfdt/fdt.o
  HOSTCC  scripts/dtc/libfdt/fdt_ro.o
  HOSTCC  scripts/dtc/libfdt/fdt_wip.o
  HOSTCC  scripts/dtc/libfdt/fdt_sw.o
  HOSTCC  scripts/dtc/libfdt/fdt_rw.o
  HOSTCC  scripts/dtc/libfdt/fdt_strerror.o
  HOSTCC  scripts/dtc/libfdt/fdt_empty_tree.o
  HOSTCC  scripts/dtc/libfdt/fdt_addresses.o
  HOSTCC  scripts/dtc/libfdt/fdt_overlay.o
  HOSTCC  scripts/dtc/fdtoverlay.o
  HOSTCC  scripts/dtc/dtc-lexer.lex.o
  HOSTCC  scripts/dtc/dtc-parser.tab.o
  HOSTLD  scripts/dtc/fdtoverlay
  HOSTLD  scripts/dtc/dtc
  HOSTCC  scripts/kallsyms
  HOSTCC  scripts/sorttable
  HOSTCC  scripts/selinux/genheaders/genheaders
  DTC     arch/arm64/boot/dts/qcom/sdm660-xiaomi-wayne.dtb
  HOSTCC  scripts/selinux/mdp/mdp
  HOSTCC  scripts/asn1_compiler
  GEN     arch/arm64/include/generated/asm/cpucaps.h
  GEN     arch/arm64/include/generated/asm/sysreg-defs.h
  CC      scripts/mod/empty.o
  HOSTCC  scripts/mod/mk_elfconfig
  CC      scripts/mod/devicetable-offsets.s
  UPD     scripts/mod/devicetable-offsets.h
  MKELF   scripts/mod/elfconfig.h
  HOSTCC  scripts/mod/modpost.o
  HOSTCC  scripts/mod/file2alias.o
  HOSTCC  scripts/mod/sumversion.o
  HOSTLD  scripts/mod/modpost
  CC      kernel/bounds.s
  CHKSHA1 ../include/linux/atomic/atomic-arch-fallback.h
  CHKSHA1 ../include/linux/atomic/atomic-instrumented.h
  UPD     include/generated/timeconst.h
  CHKSHA1 ../include/linux/atomic/atomic-long.h
  UPD     include/generated/bounds.h
  CC      arch/arm64/kernel/asm-offsets.s
  UPD     include/generated/asm-offsets.h
  CALL    ../scripts/checksyscalls.sh
  LDS     arch/arm64/kernel/vdso/vdso.lds
  CC      arch/arm64/kernel/vdso/vgettimeofday.o
  AS      arch/arm64/kernel/vdso/note.o
  AS      arch/arm64/kernel/vdso/sigreturn.o
  LD      arch/arm64/kernel/vdso/vdso.so.dbg
  VDSOSYM include/generated/vdso-offsets.h
  OBJCOPY arch/arm64/kernel/vdso/vdso.so
  HOSTCC  usr/gen_init_cpio
  CC      init/main.o
  CC      arch/arm64/kernel/pi/kaslr_early.o
  CC      kernel/sched/core.o
  CC      arch/arm64/kernel/pi/lib-fdt.o
  GEN     usr/initramfs_data.cpio
  COPY    usr/initramfs_inc_data
  AS      usr/initramfs_data.o
  AR      usr/built-in.a
  CC      kernel/locking/mutex.o
  CC      arch/arm64/kernel/pi/lib-fdt_ro.o
  OBJCOPY arch/arm64/kernel/pi/kaslr_early.pi.o
  OBJCOPY arch/arm64/kernel/pi/lib-fdt.pi.o
  OBJCOPY arch/arm64/kernel/pi/lib-fdt_ro.pi.o
  AR      arch/arm64/kernel/pi/built-in.a
  AR      arch/arm64/kernel/probes/built-in.a
  LDS     arch/arm64/kernel/vmlinux.lds
  CC      arch/arm64/kernel/debug-monitors.o
  UPD     init/utsversion-tmp.h
  CC      init/do_mounts.o
  CC      kernel/locking/semaphore.o
  AS      arch/arm64/kernel/entry.o
  CC      arch/arm64/kernel/irq.o
  CC      kernel/locking/rwsem.o
  CC      init/do_mounts_rd.o
  CC      arch/arm64/kernel/fpsimd.o
  CC      init/do_mounts_initrd.o
  CC      kernel/locking/percpu-rwsem.o
  CC      init/initramfs.o
  CC      kernel/locking/spinlock.o
  CC      arch/arm64/kernel/entry-common.o
  CC      kernel/locking/osq_lock.o
  CC      kernel/sched/fair.o
  CC      init/calibrate.o
  CC      kernel/locking/qspinlock.o
  AS      arch/arm64/kernel/entry-fpsimd.o
  CC      arch/arm64/kernel/process.o
  CC      init/init_task.o
  CC      kernel/locking/rtmutex_api.o
  CC      init/version.o
  AR      init/built-in.a
  CC      kernel/power/qos.o
  CC      arch/arm64/kernel/ptrace.o
  CC      kernel/locking/qrwlock.o
  CC      kernel/power/main.o
  AR      kernel/locking/built-in.a
  CC      arch/arm64/mm/dma-mapping.o
  CC      kernel/power/console.o
  CC      arch/arm64/mm/extable.o
  CC      arch/arm64/kernel/setup.o
  CC      arch/arm64/mm/fault.o
  CC      kernel/power/process.o
  CC      arch/arm64/kernel/signal.o
  CC      arch/arm64/mm/init.o
  CC      kernel/power/suspend.o
  CC      kernel/sched/build_policy.o
  AS      arch/arm64/mm/cache.o
  CC      arch/arm64/mm/copypage.o
  CC      kernel/power/hibernate.o
  CC      arch/arm64/kernel/sys.o
  CC      arch/arm64/mm/flush.o
  CC      arch/arm64/kernel/stacktrace.o
  CC      arch/arm64/mm/ioremap.o
  CC      kernel/power/snapshot.o
  CC      arch/arm64/mm/mmap.o
  CC      arch/arm64/kernel/time.o
  CC      arch/arm64/mm/pgd.o
  CC      arch/arm64/kernel/traps.o
  CC      arch/arm64/mm/mmu.o
  CC      kernel/power/swap.o
  CC      arch/arm64/kernel/io.o
  CC      arch/arm64/kernel/vdso.o
  CC      kernel/sched/build_utility.o
  CC      arch/arm64/mm/context.o
  AS      arch/arm64/kernel/hyp-stub.o
  CC      kernel/power/user.o
  CC      arch/arm64/kernel/psci.o
  AS      arch/arm64/mm/proc.o
  CC      arch/arm64/mm/pageattr.o
  CC      arch/arm64/kernel/cpu_ops.o
  CC      kernel/power/poweroff.o
  CC      arch/arm64/mm/fixmap.o
  AR      kernel/power/built-in.a
  CC      arch/arm64/net/bpf_jit_comp.o
  CC      arch/arm64/kernel/return_address.o
  CC      arch/arm64/mm/hugetlbpage.o
  CC      arch/arm64/kernel/cpuinfo.o
  CC      arch/arm64/kernel/cpu_errata.o
  CC      arch/arm64/mm/trans_pgd.o
  CC      arch/arm64/kernel/cpufeature.o
  AS      arch/arm64/mm/trans_pgd-asm.o
  AR      arch/arm64/net/built-in.a
  CC      arch/arm64/mm/mteswap.o
  CC      certs/system_keyring.o
  HOSTCC  certs/extract-cert
  AR      kernel/sched/built-in.a
  CC      kernel/printk/printk.o
  CERT    certs/x509_certificate_list
  CERT    certs/signing_key.x509
  AS      certs/system_certificates.o
  AR      arch/arm64/mm/built-in.a
  AR      certs/built-in.a
  CC      arch/arm64/kernel/alternative.o
  CC      mm/filemap.o
  CC      mm/mempool.o
  CC      arch/arm64/kernel/cacheinfo.o
  CC      arch/arm64/kernel/smp.o
  CC      kernel/irq/irqdesc.o
  CC      kernel/printk/printk_safe.o
  CC      kernel/irq/handle.o
  CC      arch/arm64/kernel/smp_spin_table.o
  CC      kernel/printk/printk_ringbuffer.o
  CC      kernel/irq/manage.o
  CC      arch/arm64/kernel/topology.o
  CC      kernel/printk/sysctl.o
  CC      mm/oom_kill.o
  AS      arch/arm64/kernel/smccc-call.o
  CC      arch/arm64/kernel/syscall.o
  AR      kernel/printk/built-in.a
  CC      arch/arm64/crypto/sha1-ce-glue.o
  CC      arch/arm64/kernel/proton-pack.o
  AS      arch/arm64/crypto/sha1-ce-core.o
  CC      arch/arm64/crypto/sha2-ce-glue.o
  CC      kernel/irq/spurious.o
  CC      mm/fadvise.o
  AS      arch/arm64/crypto/sha2-ce-core.o
  CC      arch/arm64/crypto/ghash-ce-glue.o
  CC      kernel/irq/resend.o
  CC      arch/arm64/kernel/idreg-override.o
  CC      mm/maccess.o
  CC      kernel/irq/chip.o
  CC      arch/arm64/kernel/idle.o
  AS      arch/arm64/crypto/ghash-ce-core.o
  AS      arch/arm64/crypto/aes-ce-core.o
  CC      arch/arm64/crypto/aes-ce-glue.o
  CC      mm/page-writeback.o
  CC      arch/arm64/kernel/patching.o
  CC      arch/arm64/crypto/aes-ce-ccm-glue.o
  CC      kernel/irq/dummychip.o
  CC      arch/arm64/kernel/sys32.o
  AS      arch/arm64/crypto/aes-ce-ccm-core.o
  CC      arch/arm64/crypto/aes-glue-ce.o
  CC      kernel/irq/devres.o
  CC      arch/arm64/kernel/signal32.o
  CC      kernel/irq/autoprobe.o
  AS      arch/arm64/crypto/aes-ce.o
  CC      arch/arm64/crypto/sha256-glue.o
  CC      mm/folio-compat.o
  CC      kernel/irq/irqdomain.o
  CC      arch/arm64/kernel/sys_compat.o
  PERLASM arch/arm64/crypto/sha256-core.S
  AS      arch/arm64/crypto/aes-cipher-core.o
  CC      mm/readahead.o
  CC      arch/arm64/crypto/aes-cipher-glue.o
  AS      arch/arm64/kernel/sigreturn32.o
  AS      arch/arm64/crypto/sha256-core.o
  CC      arch/arm64/kernel/compat_alignment.o
  AR      arch/arm64/crypto/built-in.a
  CC      fs/notify/dnotify/dnotify.o
  CC      kernel/irq/proc.o
  CC      mm/swap.o
  AR      fs/notify/dnotify/built-in.a
  CC      fs/notify/inotify/inotify_fsnotify.o
  AS      arch/arm64/kernel/kuser32.o
  CC      arch/arm64/kernel/module.o
  CC      kernel/irq/cpuhotplug.o
  CC      fs/notify/inotify/inotify_user.o
  CC      kernel/irq/pm.o
  CC      arch/arm64/kernel/module-plts.o
  AR      fs/notify/inotify/built-in.a
  CC      kernel/irq/msi.o
  CC      fs/notify/fanotify/fanotify.o
  CC      arch/arm64/kernel/perf_regs.o
  CC      mm/truncate.o
  CC      arch/arm64/kernel/perf_callchain.o
  CC      fs/notify/fanotify/fanotify_user.o
  CC      mm/vmscan.o
  CC      kernel/irq/ipi.o
  CC      arch/arm64/kernel/hw_breakpoint.o
  CC      kernel/irq/affinity.o
  AS      arch/arm64/kernel/sleep.o
  CC      arch/arm64/kernel/suspend.o
  AR      kernel/irq/built-in.a
  CC      kernel/rcu/update.o
  AR      fs/notify/fanotify/built-in.a
  CC      fs/notify/fsnotify.o
  CC      arch/arm64/kernel/cpuidle.o
  CC      arch/arm64/kernel/jump_label.o
  CC      arch/arm64/kernel/kaslr.o
  CC      fs/notify/notification.o
  CC      arch/arm64/kernel/hibernate.o
  CC      kernel/rcu/sync.o
  CC      fs/notify/group.o
  CC      kernel/rcu/srcutree.o
  AS      arch/arm64/kernel/hibernate-asm.o
  CC      arch/arm64/kernel/elfcore.o
  CC      fs/notify/mark.o
  CC      arch/arm64/kernel/machine_kexec.o
  CC      kernel/rcu/tree.o
  CC      fs/notify/fdinfo.o
  AS      arch/arm64/kernel/relocate_kernel.o
  AS      arch/arm64/kernel/cpu-reset.o
  CC      arch/arm64/kernel/crash_dump.o
  AR      fs/notify/built-in.a
  CC      fs/crypto/crypto.o
  CC      arch/arm64/kernel/crash_core.o
  CC      mm/shmem.o
  CC      arch/arm64/kernel/pointer_auth.o
  CC      fs/crypto/fname.o
  CC      arch/arm64/kernel/mte.o
  CC      fs/crypto/hkdf.o
  AS      arch/arm64/kernel/vdso-wrap.o
  AS      arch/arm64/kernel/head.o
  AR      arch/arm64/kernel/built-in.a
  AR      arch/arm64/built-in.a
  CC      fs/iomap/trace.o
  CC      fs/crypto/hooks.o
  CC      fs/iomap/iter.o
  CC      fs/crypto/keyring.o
  CC      fs/iomap/buffered-io.o
  CC      kernel/rcu/rcu_segcblist.o
  CC      mm/util.o
  AR      kernel/rcu/built-in.a
  AR      kernel/livepatch/built-in.a
  CC      kernel/dma/mapping.o
  CC      fs/crypto/keysetup.o
  CC      mm/mmzone.o
  CC      kernel/dma/direct.o
  CC      fs/crypto/keysetup_v1.o
  CC      mm/vmstat.o
  CC      fs/iomap/direct-io.o
  CC      fs/crypto/policy.o
  CC      kernel/dma/ops_helpers.o
  CC      fs/iomap/fiemap.o
  CC      kernel/dma/dummy.o
  CC      fs/crypto/bio.o
  CC      mm/backing-dev.o
  CC      fs/iomap/seek.o
  CC      kernel/dma/contiguous.o
  AR      fs/crypto/built-in.a
  CC      ipc/compat.o
  CC      fs/iomap/swapfile.o
  CC      kernel/dma/coherent.o
  CC      ipc/util.o
  AR      fs/iomap/built-in.a
  CC      mm/mm_init.o
  CC      fs/quota/dquot.o
  CC      kernel/dma/swiotlb.o
  CC      ipc/msgutil.o
  CC      kernel/dma/pool.o
  CC      mm/percpu.o
  CC      ipc/msg.o
  CC      kernel/dma/remap.o
  CC      fs/quota/quota.o
  AR      kernel/dma/built-in.a
  AR      kernel/entry/built-in.a
  CC      kernel/module/main.o
  CC      ipc/sem.o
  CC      mm/slab_common.o
  CC      fs/quota/kqid.o
  AR      fs/quota/built-in.a
  CC      fs/proc/task_mmu.o
  CC      kernel/module/strict_rwx.o
  CC      mm/compaction.o
  CC      ipc/shm.o
  CC      kernel/module/kmod.o
  CC      fs/proc/inode.o
  CC      kernel/module/tree_lookup.o
  CC      kernel/module/kallsyms.o
  CC      ipc/syscall.o
  CC      fs/proc/root.o
  CC      mm/show_mem.o
  CC      ipc/ipc_sysctl.o
  CC      kernel/module/procfs.o
  CC      fs/proc/base.o
  CC      ipc/mqueue.o
  CC      kernel/module/sysfs.o
  CC      mm/shmem_quota.o
  AR      kernel/module/built-in.a
  CC      kernel/time/time.o
  CC      mm/interval_tree.o
  CC      ipc/namespace.o
  CC      kernel/time/timer.o
  CC      mm/list_lru.o
  CC      fs/proc/generic.o
  CC      ipc/mq_sysctl.o
  AR      ipc/built-in.a
  CC      mm/workingset.o
  CC      kernel/futex/core.o
  CC      kernel/time/hrtimer.o
  CC      fs/proc/array.o
  CC      mm/debug.o
  CC      kernel/futex/syscalls.o
  CC      kernel/time/timekeeping.o
  CC      fs/proc/fd.o
  CC      mm/gup.o
  CC      kernel/futex/pi.o
  CC      fs/proc/proc_tty.o
  CC      kernel/futex/requeue.o
  CC      fs/proc/cmdline.o
  CC      kernel/time/ntp.o
  CC      kernel/futex/waitwake.o
  CC      fs/proc/consoles.o
  CC      kernel/time/clocksource.o
  CC      fs/proc/cpuinfo.o
  CC      mm/mmap_lock.o
  AR      kernel/futex/built-in.a
  CC      fs/kernfs/mount.o
  CC      fs/proc/devices.o
  CC      mm/highmem.o
  CC      kernel/time/jiffies.o
  CC      fs/kernfs/inode.o
  CC      fs/proc/interrupts.o
  CC      kernel/time/timer_list.o
  CC      mm/memory.o
  CC      fs/proc/loadavg.o
  CC      fs/kernfs/dir.o
  CC      kernel/time/timeconv.o
  CC      fs/proc/meminfo.o
  CC      kernel/time/timecounter.o
  CC      kernel/time/alarmtimer.o
  CC      fs/proc/stat.o
  CC      fs/kernfs/file.o
  CC      kernel/time/posix-timers.o
  CC      fs/proc/uptime.o
  CC      fs/kernfs/symlink.o
  CC      fs/proc/util.o
  CC      fs/proc/version.o
  AR      fs/kernfs/built-in.a
  CC      security/keys/gc.o
  CC      kernel/time/posix-cpu-timers.o
  CC      fs/proc/softirqs.o
  CC      security/keys/key.o
  CC      fs/proc/namespaces.o
  CC      mm/mincore.o
  CC      kernel/time/posix-clock.o
  CC      fs/proc/self.o
  CC      security/keys/keyring.o
  CC      fs/proc/thread_self.o
  CC      mm/mlock.o
  CC      kernel/time/itimer.o
  CC      fs/proc/proc_sysctl.o
  CC      kernel/time/clockevents.o
  CC      security/keys/keyctl.o
  CC      mm/mmap.o
  CC      kernel/time/tick-common.o
  CC      fs/proc/proc_net.o
  CC      security/keys/permission.o
  CC      kernel/time/tick-broadcast.o
  CC      security/keys/process_keys.o
  CC      fs/proc/vmcore.o
  CC      kernel/time/tick-broadcast-hrtimer.o
  CC      security/keys/request_key.o
  CC      mm/mmu_gather.o
  CC      kernel/time/sched_clock.o
  CC      fs/proc/kmsg.o
  CC      kernel/time/tick-oneshot.o
  CC      fs/proc/page.o
  CC      security/keys/request_key_auth.o
  CC      mm/mprotect.o
  CC      kernel/time/tick-sched.o
  CC      security/keys/user_defined.o
  AR      fs/proc/built-in.a
  CC      fs/sysfs/file.o
  CC      security/keys/compat.o
  CC      kernel/time/vsyscall.o
  CC      mm/mremap.o
  CC      fs/sysfs/dir.o
  CC      kernel/time/timekeeping_debug.o
  CC      security/keys/compat_dh.o
  CC      fs/sysfs/symlink.o
  CC      kernel/time/namespace.o
  CC      security/keys/proc.o
  CC      fs/sysfs/mount.o
  CC      mm/msync.o
  CC      security/keys/sysctl.o
  AR      kernel/time/built-in.a
  CC      kernel/cgroup/cgroup.o
  CC      fs/sysfs/group.o
  CC      mm/page_vma_mapped.o
  CC      security/keys/dh.o
  AR      fs/sysfs/built-in.a
  CC      fs/configfs/inode.o
  CC      mm/pagewalk.o
  CC      security/keys/keyctl_pkey.o
  CC      fs/configfs/file.o
  AR      security/keys/built-in.a
  GEN     security/selinux/flask.h security/selinux/av_permissions.h
  CC      security/selinux/avc.o
  CC      mm/pgtable-generic.o
  CC      fs/configfs/dir.o
  CC      mm/rmap.o
  CC      security/selinux/hooks.o
  CC      fs/configfs/symlink.o
  CC      fs/configfs/mount.o
  CC      fs/configfs/item.o
  CC      kernel/cgroup/rstat.o
  CC      mm/vmalloc.o
  AR      fs/configfs/built-in.a
  CC      fs/devpts/inode.o
  CC      kernel/cgroup/namespace.o
  AR      fs/devpts/built-in.a
  CC      fs/ext4/balloc.o
  CC      kernel/cgroup/cgroup-v1.o
  CC      fs/ext4/bitmap.o
  CC      kernel/cgroup/freezer.o
  CC      security/selinux/selinuxfs.o
  CC      fs/ext4/block_validity.o
  CC      mm/process_vm_access.o
  CC      kernel/cgroup/legacy_freezer.o
  CC      fs/ext4/dir.o
  CC      mm/page_alloc.o
  CC      kernel/cgroup/pids.o
  CC      security/selinux/netlink.o
  CC      kernel/cgroup/cpuset.o
  CC      fs/ext4/ext4_jbd2.o
  CC      security/selinux/nlmsgtab.o
  CC      fs/ext4/extents.o
  CC      security/selinux/netif.o
  CC      security/selinux/netnode.o
  CC      kernel/cgroup/misc.o
  CC      mm/init-mm.o
  AR      kernel/cgroup/built-in.a
  CC      security/selinux/netport.o
  CC      kernel/bpf/core.o
  CC      mm/memblock.o
  CC      security/selinux/status.o
  CC      fs/ext4/extents_status.o
  CC      mm/madvise.o
  CC      security/selinux/ss/ebitmap.o
  CC      fs/ext4/file.o
  CC      security/selinux/ss/hashtab.o
  CC      kernel/bpf/syscall.o
  CC      mm/page_io.o
  CC      security/selinux/ss/symtab.o
  CC      security/selinux/ss/sidtab.o
  CC      fs/ext4/fsmap.o
  CC      mm/swap_state.o
  CC      fs/ext4/fsync.o
  CC      security/selinux/ss/avtab.o
  CC      fs/ext4/hash.o
  CC      mm/swapfile.o
  CC      security/selinux/ss/policydb.o
  CC      fs/ext4/ialloc.o
  CC      kernel/bpf/verifier.o
  CC      fs/ext4/indirect.o
  CC      mm/swap_slots.o
  CC      security/selinux/ss/services.o
  CC      mm/dmapool.o
  CC      fs/ext4/inline.o
  CC      mm/hugetlb.o
  CC      security/selinux/ss/conditional.o
  CC      fs/ext4/inode.o
  CC      security/selinux/ss/mls.o
  CC      security/selinux/ss/context.o
  AR      security/selinux/built-in.a
  CC      security/integrity/iint.o
  CC      mm/sparse.o
  CC      security/integrity/integrity_audit.o
  CC      mm/sparse-vmemmap.o
  AR      security/integrity/built-in.a
  CC      security/commoncap.o
  CC      fs/ext4/ioctl.o
  CC      mm/ksm.o
  CC      security/min_addr.o
  CC      security/security.o
  CC      fs/ext4/mballoc.o
  CC      mm/slub.o
  CC      kernel/bpf/inode.o
  CC      security/inode.o
  CC      kernel/bpf/helpers.o
  CC      security/lsm_audit.o
  CC      fs/ext4/migrate.o
  CC      security/device_cgroup.o
  CC      mm/migrate.o
  CC      fs/ext4/mmp.o
  CC      kernel/bpf/tnum.o
  CC      kernel/bpf/log.o
  AR      security/built-in.a
  CC      mm/huge_memory.o
  CC      fs/ext4/move_extent.o
  CC      kernel/bpf/bpf_iter.o
  CC      kernel/events/core.o
  CC      fs/ext4/namei.o
  CC      kernel/bpf/map_iter.o
  CC      kernel/bpf/task_iter.o
  CC      mm/khugepaged.o
  CC      kernel/bpf/prog_iter.o
  CC      fs/ext4/page-io.o
  CC      kernel/bpf/link_iter.o
  CC      mm/page_counter.o
  CC      fs/ext4/readpage.o
  CC      kernel/bpf/hashtab.o
  CC      mm/memcontrol.o
  CC      fs/ext4/resize.o
  CC      kernel/bpf/arraymap.o
  CC      fs/ext4/super.o
  CC      kernel/events/ring_buffer.o
  CC      kernel/events/callchain.o
  CC      kernel/bpf/percpu_freelist.o
  CC      kernel/bpf/bpf_lru_list.o
  CC      kernel/events/hw_breakpoint.o
  CC      mm/vmpressure.o
  CC      kernel/bpf/lpm_trie.o
  CC      mm/swap_cgroup.o
  AR      kernel/events/built-in.a
  CC      fs/jbd2/transaction.o
  CC      kernel/bpf/map_in_map.o
  CC      mm/hugetlb_cgroup.o
  CC      kernel/bpf/bloom_filter.o
  CC      fs/ext4/symlink.o
  CC      mm/memory-failure.o
  CC      fs/jbd2/commit.o
  CC      kernel/bpf/local_storage.o
  CC      fs/ext4/sysfs.o
  CC      fs/ext4/xattr.o
  CC      kernel/bpf/queue_stack_maps.o
  CC      fs/jbd2/recovery.o
  CC      mm/page_isolation.o
  CC      kernel/bpf/ringbuf.o
  CC      fs/jbd2/checkpoint.o
  CC      mm/early_ioremap.o
  CC      kernel/bpf/bpf_local_storage.o
  CC      fs/jbd2/revoke.o
  CC      fs/ext4/xattr_hurd.o
  CC      mm/cma.o
  CC      fs/ext4/xattr_trusted.o
  CC      fs/jbd2/journal.o
  CC      kernel/bpf/bpf_task_storage.o
  CC      mm/secretmem.o
  CC      fs/ext4/xattr_user.o
  CC      kernel/bpf/disasm.o
  CC      fs/ext4/fast_commit.o
  CC      mm/memfd.o
  CC      kernel/bpf/mprog.o
  AR      fs/jbd2/built-in.a
  CC      crypto/async_tx/async_tx.o
  CC      mm/ioremap.o
  AR      mm/built-in.a
  CC      fs/ext4/orphan.o
  CC      crypto/async_tx/async_memcpy.o
  CC      kernel/bpf/trampoline.o
  CC      crypto/asymmetric_keys/asymmetric_type.o
  CC      crypto/async_tx/async_xor.o
  CC      crypto/asymmetric_keys/restrict.o
  CC      fs/ext4/acl.o
  CC      crypto/async_tx/async_pq.o
  CC      crypto/asymmetric_keys/signature.o
  CC      kernel/bpf/btf.o
  CC      fs/ext4/xattr_security.o
  CC      crypto/asymmetric_keys/public_key.o
  CC      crypto/async_tx/async_raid6_recov.o
  CC      fs/ext4/crypto.o
  ASN.1   crypto/asymmetric_keys/x509.asn1.[ch]
  ASN.1   crypto/asymmetric_keys/x509_akid.asn1.[ch]
  CC      crypto/asymmetric_keys/x509_loader.o
  CC      crypto/asymmetric_keys/x509_public_key.o
  AR      crypto/async_tx/built-in.a
  CC      kernel/fork.o
  ASN.1   crypto/asymmetric_keys/pkcs7.asn1.[ch]
  CC      crypto/asymmetric_keys/pkcs7_trust.o
  AR      fs/ext4/built-in.a
  CC      fs/squashfs/block.o
  CC      crypto/asymmetric_keys/pkcs7_verify.o
  CC      crypto/asymmetric_keys/x509.asn1.o
  CC      crypto/asymmetric_keys/x509_akid.asn1.o
  CC      fs/squashfs/cache.o
  CC      crypto/asymmetric_keys/x509_cert_parser.o
  CC      crypto/asymmetric_keys/pkcs7.asn1.o
  CC      crypto/asymmetric_keys/pkcs7_parser.o
  CC      fs/squashfs/dir.o
  CC      fs/squashfs/export.o
  AR      crypto/asymmetric_keys/built-in.a
  CC      crypto/api.o
  CC      block/partitions/core.o
  CC      fs/squashfs/file.o
  CC      crypto/cipher.o
  CC      block/partitions/msdos.o
  CC      crypto/compress.o
  CC      fs/squashfs/fragment.o
  CC      block/partitions/efi.o
  CC      fs/squashfs/id.o
  CC      kernel/bpf/memalloc.o
  CC      crypto/algapi.o
  CC      fs/squashfs/inode.o
  AR      block/partitions/built-in.a
  CC      block/bdev.o
  CC      fs/squashfs/namei.o
  CC      crypto/scatterwalk.o
  CC      kernel/bpf/dispatcher.o
  CC      fs/squashfs/super.o
  CC      block/fops.o
  CC      crypto/proc.o
  CC      kernel/bpf/devmap.o
  CC      fs/squashfs/symlink.o
  CC      crypto/aead.o
  CC      block/bio.o
  CC      fs/squashfs/decompressor.o
  CC      crypto/skcipher.o
  CC      fs/squashfs/page_actor.o
  CC      kernel/bpf/cpumap.o
  CC      fs/squashfs/file_cache.o
  CC      crypto/ahash.o
  CC      block/elevator.o
  CC      fs/squashfs/decompressor_single.o
  CC      kernel/bpf/offload.o
  CC      crypto/shash.o
  CC      fs/squashfs/xattr.o
  CC      block/blk-core.o
  CC      fs/squashfs/xattr_id.o
  CC      crypto/akcipher.o
  CC      fs/squashfs/xz_wrapper.o
  CC      kernel/bpf/net_namespace.o
  CC      fs/squashfs/zlib_wrapper.o
  CC      crypto/sig.o
  CC      block/blk-sysfs.o
  CC      fs/squashfs/zstd_wrapper.o
  CC      crypto/kpp.o
  CC      kernel/bpf/tcx.o
  CC      block/blk-flush.o
  AR      fs/squashfs/built-in.a
  CC      fs/ramfs/inode.o
  CC      crypto/dh.o
  CC      kernel/bpf/stackmap.o
  CC      fs/ramfs/file-mmu.o
  CC      crypto/dh_helper.o
  CC      block/blk-settings.o
  ASN.1   crypto/rsapubkey.asn1.[ch]
  ASN.1   crypto/rsaprivkey.asn1.[ch]
  CC      crypto/rsa.o
  AR      fs/ramfs/built-in.a
  CC      fs/hugetlbfs/inode.o
  CC      block/blk-ioc.o
  CC      crypto/rsa_helper.o
  CC      kernel/bpf/cgroup_iter.o
  CC      crypto/rsa-pkcs1pad.o
  CC      block/blk-map.o
  CC      kernel/bpf/bpf_cgrp_storage.o
  AR      fs/hugetlbfs/built-in.a
  CC      crypto/acompress.o
  CC      fs/fat/cache.o
  CC      block/blk-merge.o
  CC      crypto/scompress.o
  CC      fs/fat/dir.o
  CC      kernel/bpf/cgroup.o
  CC      crypto/algboss.o
  CC      block/blk-timeout.o
  CC      crypto/testmgr.o
  CC      fs/fat/fatent.o
  CC      block/blk-lib.o
  CC      crypto/hmac.o
  CC      block/blk-mq.o
  CC      kernel/bpf/reuseport_array.o
  CC      crypto/crypto_null.o
  CC      fs/fat/file.o
  CC      crypto/sha1_generic.o
  CC      kernel/bpf/bpf_struct_ops.o
  CC      fs/fat/inode.o
  CC      crypto/sha256_generic.o
  CC      crypto/sha512_generic.o
  CC      kernel/bpf/cpumask.o
  CC      crypto/sha3_generic.o
  CC      fs/fat/misc.o
  CC      crypto/blake2b_generic.o
  CC      kernel/bpf/relo_core.o
  CC      fs/fat/nfs.o
  CC      block/blk-mq-tag.o
  CC      fs/fat/namei_vfat.o
  CC      crypto/ecb.o
  AR      kernel/bpf/built-in.a
  CC      kernel/exec_domain.o
  CC      crypto/xts.o
  CC      block/blk-stat.o
  CC      kernel/panic.o
  AR      fs/fat/built-in.a
  CC      fs/exfat/inode.o
  CC      crypto/cryptd.o
  CC      block/blk-mq-sysfs.o
  CC      kernel/cpu.o
  CC      block/blk-mq-cpumap.o
  CC      fs/exfat/namei.o
  CC      crypto/aes_generic.o
  CC      block/blk-mq-sched.o
  CC      fs/exfat/dir.o
  CC      crypto/deflate.o
  CC      block/ioctl.o
  CC      kernel/exit.o
  CC      crypto/crc32c_generic.o
  CC      crypto/crc32_generic.o
  CC      fs/exfat/super.o
  CC      block/genhd.o
  CC      crypto/lz4.o
  CC      crypto/xxhash_generic.o
  CC      fs/exfat/fatent.o
  CC      kernel/softirq.o
  CC      crypto/rng.o
  CC      block/ioprio.o
  CC      fs/exfat/cache.o
  CC      crypto/ansi_cprng.o
  CC      kernel/resource.o
  CC      block/badblocks.o
  CC      fs/exfat/nls.o
  CC      crypto/drbg.o
  CC      block/blk-rq-qos.o
  CC      kernel/sysctl.o
  CC      fs/exfat/misc.o
  CC      crypto/jitterentropy.o
  CC      crypto/jitterentropy-kcapi.o
  CC      block/disk-events.o
  CC      fs/exfat/file.o
  CC      crypto/zstd.o
  CC      block/blk-ia-ranges.o
  CC      crypto/xor.o
  CC      fs/exfat/balloc.o
  CC      kernel/capability.o
  CC      block/early-lookup.o
  CC      crypto/hash_info.o
  CC      crypto/kdf_sp800108.o
  AR      fs/exfat/built-in.a
  CC      fs/exportfs/expfs.o
  CC      kernel/ptrace.o
  CC      block/bsg.o
  CC      crypto/rsapubkey.asn1.o
  CC      crypto/rsaprivkey.asn1.o
  AR      crypto/built-in.a
  CC      io_uring/io_uring.o
  AR      fs/exportfs/built-in.a
  CC      fs/nls/nls_base.o
  CC      block/blk-cgroup.o
  CC      fs/nls/nls_cp437.o
  CC      kernel/user.o
  CC      fs/nls/nls_iso8859-1.o
  CC      kernel/signal.o
  AR      fs/nls/built-in.a
  AR      fs/unicode/built-in.a
  CC      fs/autofs/init.o
  CC      fs/autofs/inode.o
  CC      block/blk-cgroup-rwstat.o
  CC      fs/autofs/root.o
  CC      block/blk-throttle.o
  CC      fs/autofs/symlink.o
  CC      io_uring/xattr.o
  CC      fs/autofs/waitq.o
  CC      io_uring/nop.o
  CC      block/mq-deadline.o
  CC      fs/autofs/expire.o
  CC      kernel/sys.o
  CC      io_uring/fs.o
  CC      fs/autofs/dev-ioctl.o
  CC      block/kyber-iosched.o
  CC      io_uring/splice.o
  AR      fs/autofs/built-in.a
  AR      fs/hostfs/built-in.a
  CC      fs/debugfs/inode.o
  CC      io_uring/sync.o
  CC      block/blk-mq-virtio.o
  CC      fs/debugfs/file.o
  CC      io_uring/advise.o
  CC      kernel/umh.o
  CC      block/blk-mq-debugfs.o
  CC      io_uring/filetable.o
  CC      kernel/workqueue.o
  AR      fs/debugfs/built-in.a
  CC      fs/btrfs/super.o
  CC      block/blk-pm.o
  CC      io_uring/openclose.o
  CC      block/holder.o
  AR      block/built-in.a
  CC      io_uring/uring_cmd.o
  CC      fs/btrfs/ctree.o
  CC      io_uring/epoll.o
  CC      fs/f2fs/dir.o
  CC      io_uring/statx.o
  CC      io_uring/net.o
  CC      kernel/pid.o
  CC      fs/f2fs/file.o
  CC      kernel/task_work.o
  CC      io_uring/msg_ring.o
  CC      kernel/extable.o
  CC      fs/btrfs/extent-tree.o
  CC      io_uring/timeout.o
  CC      kernel/params.o
  CC      io_uring/sqpoll.o
  CC      kernel/kthread.o
  CC      io_uring/fdinfo.o
  CC      kernel/sys_ni.o
  CC      kernel/nsproxy.o
  CC      fs/f2fs/inode.o
  CC      io_uring/tctx.o
  CC      fs/btrfs/print-tree.o
  CC      kernel/notifier.o
  CC      io_uring/poll.o
  CC      fs/btrfs/root-tree.o
  CC      fs/f2fs/namei.o
  CC      kernel/ksysfs.o
  CC      io_uring/cancel.o
  CC      kernel/cred.o
  CC      fs/btrfs/dir-item.o
  CC      io_uring/kbuf.o
  CC      fs/f2fs/hash.o
  CC      fs/btrfs/file-item.o
  CC      kernel/reboot.o
  CC      fs/f2fs/super.o
  CC      io_uring/rsrc.o
  CC      kernel/async.o
  CC      fs/btrfs/inode-item.o
  CC      kernel/range.o
  CC      kernel/smpboot.o
  CC      kernel/ucount.o
  CC      io_uring/rw.o
  CC      fs/btrfs/disk-io.o
  CC      kernel/regset.o
  CC      kernel/ksyms_common.o
  CC      kernel/groups.o
  CC      fs/f2fs/inline.o
  CC      io_uring/opdef.o
  CC      kernel/kcmp.o
  CC      io_uring/notif.o
  CC      kernel/freezer.o
  CC      fs/f2fs/checkpoint.o
  CC      io_uring/io-wq.o
  CC      fs/btrfs/transaction.o
  CC      kernel/profile.o
  CC      kernel/stacktrace.o
  AR      io_uring/built-in.a
  CC      fs/pstore/inode.o
  CC      kernel/smp.o
  CC      fs/f2fs/gc.o
  CC      fs/pstore/platform.o
  CC      fs/btrfs/inode.o
  CC      kernel/uid16.o
  CC      fs/pstore/pmsg.o
  CC      fs/pstore/ram.o
  CC      kernel/kallsyms.o
  CC      fs/pstore/ram_core.o
  CC      fs/f2fs/data.o
  CC      kernel/acct.o
  AR      fs/pstore/built-in.a
  CC      fs/erofs/super.o
  CC      kernel/crash_core.o
  CC      fs/erofs/inode.o
  CC      kernel/kexec_core.o
  CC      fs/erofs/data.o
  CC      kernel/kexec.o
  CC      fs/erofs/namei.o
  CC      fs/f2fs/node.o
  CC      kernel/compat.o
  CC      fs/erofs/dir.o
  CC      fs/btrfs/file.o
  CC      fs/erofs/utils.o
  CC      kernel/utsname.o
  CC      kernel/user_namespace.o
  CC      fs/erofs/sysfs.o
  CC      fs/erofs/xattr.o
  CC      kernel/pid_namespace.o
  CC      fs/btrfs/defrag.o
  CC      fs/erofs/decompressor.o
  UPD     kernel/config_data
  CC      kernel/stop_machine.o
  CC      fs/f2fs/segment.o
  CC      fs/erofs/zmap.o
  CC      kernel/audit.o
  CC      fs/btrfs/extent_map.o
  CC      fs/erofs/zdata.o
  CC      fs/btrfs/sysfs.o
  CC      kernel/auditfilter.o
  CC      fs/erofs/pcpubuf.o
  AR      fs/erofs/built-in.a
  CC      fs/btrfs/accessors.o
  AS      arch/arm64/lib/clear_page.o
  AS      arch/arm64/lib/clear_user.o
  AS      arch/arm64/lib/copy_from_user.o
  AS      arch/arm64/lib/copy_page.o
  AS      arch/arm64/lib/copy_to_user.o
  CC      arch/arm64/lib/csum.o
  CC      kernel/auditsc.o
  CC      arch/arm64/lib/delay.o
  CC      fs/btrfs/xattr.o
  CC      arch/arm64/lib/insn.o
  CC      fs/f2fs/recovery.o
  AS      arch/arm64/lib/memchr.o
  AS      arch/arm64/lib/memcmp.o
  AS      arch/arm64/lib/memcpy.o
  AS      arch/arm64/lib/memset.o
  CC      fs/btrfs/ordered-data.o
  AS      arch/arm64/lib/strchr.o
  AS      arch/arm64/lib/strcmp.o
  AS      arch/arm64/lib/strlen.o
  AS      arch/arm64/lib/strncmp.o
  AS      arch/arm64/lib/strnlen.o
  AS      arch/arm64/lib/strrchr.o
  AS      arch/arm64/lib/tishift.o
  CC      arch/arm64/lib/xor-neon.o
  CC      kernel/audit_watch.o
  CC      fs/f2fs/shrinker.o
  AS      arch/arm64/lib/crc32.o
  AS      arch/arm64/lib/mte.o
  AR      arch/arm64/lib/lib.a
  AR      arch/arm64/lib/built-in.a
  CC      fs/btrfs/extent_io.o
  CC      kernel/audit_fsnotify.o
  CC      fs/btrfs/volumes.o
  CC      fs/f2fs/extent_cache.o
  CC      kernel/audit_tree.o
  CC      fs/f2fs/sysfs.o
  CC      kernel/watchdog.o
  CC      fs/f2fs/debug.o
  CC      kernel/watchdog_buddy.o
  CC      lib/math/div64.o
  CC      lib/math/gcd.o
  CC      lib/math/lcm.o
  CC      lib/math/int_log.o
  CC      kernel/seccomp.o
  CC      lib/math/int_pow.o
  CC      lib/math/int_sqrt.o
  CC      lib/math/reciprocal_div.o
  CC      lib/math/rational.o
  AR      lib/math/built-in.a
  CC      fs/f2fs/xattr.o
  CC      lib/crypto/mpi/generic_mpih-lshift.o
  CC      lib/crypto/mpi/generic_mpih-mul1.o
  CC      fs/btrfs/async-thread.o
  CC      lib/crypto/mpi/generic_mpih-mul2.o
  CC      kernel/utsname_sysctl.o
  CC      fs/f2fs/acl.o
  CC      fs/btrfs/ioctl.o
  CC      kernel/delayacct.o
  CC      lib/crypto/mpi/generic_mpih-mul3.o
  CC      kernel/taskstats.o
  CC      lib/crypto/mpi/generic_mpih-rshift.o
  CC      fs/f2fs/iostat.o
  CC      lib/crypto/mpi/generic_mpih-sub1.o
  CC      kernel/tsacct.o
  AR      fs/f2fs/built-in.a
  AR      drivers/cache/built-in.a
  CC      lib/crypto/mpi/generic_mpih-add1.o
  CC      drivers/irqchip/irqchip.o
  CC      kernel/irq_work.o
  CC      lib/crypto/mpi/ec.o
  CC      drivers/irqchip/irq-gic.o
  CC      kernel/cpu_pm.o
  CC      kernel/crash_dump.o
  CC      fs/btrfs/locking.o
  CC      lib/crypto/mpi/mpicoder.o
  CC      drivers/irqchip/irq-gic-common.o
  CC      kernel/jump_label.o
  CC      drivers/irqchip/irq-gic-v3.o
  CC      fs/btrfs/orphan.o
  CC      lib/crypto/mpi/mpi-add.o
  CC      kernel/context_tracking.o
  CC      lib/crypto/mpi/mpi-bit.o
  CC      fs/btrfs/export.o
  CC      kernel/iomem.o
  CC      lib/crypto/mpi/mpi-cmp.o
  CC      drivers/irqchip/irq-gic-v3-mbi.o
  CC      fs/btrfs/tree-log.o
  CC      kernel/rseq.o
  CC      lib/crypto/mpi/mpi-sub-ui.o
  CC      drivers/irqchip/irq-gic-v3-its.o
  CC      lib/crypto/mpi/mpi-div.o
  GZIP    kernel/config_data.gz
  CC      kernel/configs.o
  CC      lib/crypto/mpi/mpi-inv.o
  AR      kernel/built-in.a
  CC      lib/crypto/memneq.o
  CC      lib/zlib_inflate/inffast.o
  CC      lib/crypto/mpi/mpi-mod.o
  CC      lib/zlib_inflate/inflate.o
  CC      lib/crypto/mpi/mpi-mul.o
  CC      lib/zlib_inflate/infutil.o
  CC      lib/crypto/mpi/mpih-cmp.o
  CC      lib/zlib_inflate/inftrees.o
  CC      lib/zlib_inflate/inflate_syms.o
  CC      lib/crypto/mpi/mpih-div.o
  AR      lib/zlib_inflate/built-in.a
  CC      lib/crypto/utils.o
  CC      drivers/irqchip/irq-gic-v3-its-platform-msi.o
  CC      fs/btrfs/free-space-cache.o
  CC      lib/zlib_deflate/deflate.o
  CC      lib/crypto/mpi/mpih-mul.o
  CC      drivers/irqchip/irq-gic-v4.o
  CC      drivers/irqchip/irq-partition-percpu.o
  CC      lib/zlib_deflate/deftree.o
  CC      lib/crypto/mpi/mpi-pow.o
  AR      drivers/irqchip/built-in.a
  AR      drivers/bus/mhi/built-in.a
  CC      drivers/bus/qcom-ssc-block-bus.o
  CC      lib/zlib_deflate/deflate_syms.o
  CC      lib/crypto/mpi/mpiutil.o
  AR      lib/zlib_deflate/built-in.a
  CC      drivers/bus/simple-pm-bus.o
  AR      lib/crypto/mpi/built-in.a
  CC      lib/crypto/chacha.o
  CC      fs/btrfs/zlib.o
  CC      lib/crypto/aes.o
  AR      drivers/bus/built-in.a
  AR      drivers/phy/allwinner/built-in.a
  AR      drivers/phy/amlogic/built-in.a
  AR      drivers/phy/broadcom/built-in.a
  AR      drivers/phy/cadence/built-in.a
  AR      drivers/phy/freescale/built-in.a
  AR      drivers/phy/hisilicon/built-in.a
  AR      drivers/phy/ingenic/built-in.a
  AR      drivers/phy/intel/built-in.a
  AR      drivers/phy/lantiq/built-in.a
  AR      drivers/phy/marvell/built-in.a
  AR      drivers/phy/mediatek/built-in.a
  AR      drivers/phy/microchip/built-in.a
  AR      sound/built-in.a
  AR      drivers/phy/motorola/built-in.a
  AR      drivers/phy/mscc/built-in.a
  CC      drivers/phy/qualcomm/phy-qcom-qmp-combo.o
  AR      drivers/phy/ralink/built-in.a
  CC      lib/reed_solomon/reed_solomon.o
  CC      lib/crypto/gf128mul.o
  CC      fs/btrfs/lzo.o
  AR      lib/reed_solomon/built-in.a
  CC      net/core/sock.o
  CC      lib/crypto/blake2s.o
  CC      fs/btrfs/zstd.o
  CC      lib/crypto/blake2s-generic.o
  CC      drivers/phy/qualcomm/phy-qcom-qmp-ufs.o
  CC      lib/crypto/sha1.o
  CC      fs/btrfs/compression.o
  CC      drivers/phy/qualcomm/phy-qcom-qmp-usb.o
  CC      lib/crypto/sha256.o
  AR      lib/crypto/built-in.a
  CC      lib/lzo/lzo1x_compress.o
  CC      drivers/phy/qualcomm/phy-qcom-qusb2.o
  CC      fs/btrfs/delayed-ref.o
  CC      lib/lzo/lzo1x_decompress_safe.o
  CC      drivers/phy/qualcomm/phy-qcom-snps-eusb2.o
  AR      lib/lzo/built-in.a
  CC      lib/lz4/lz4_compress.o
  CC      net/core/request_sock.o
  CC      fs/btrfs/relocation.o
  CC      drivers/phy/qualcomm/phy-qcom-eusb2-repeater.o
  CC      net/core/skbuff.o
  CC      drivers/phy/qualcomm/phy-qcom-usb-hs.o
  CC      lib/lz4/lz4_decompress.o
  AR      drivers/phy/qualcomm/built-in.a
  AR      drivers/phy/renesas/built-in.a
  AR      drivers/phy/rockchip/built-in.a
  AR      drivers/phy/samsung/built-in.a
  AR      drivers/phy/socionext/built-in.a
  AR      drivers/phy/st/built-in.a
  AR      drivers/phy/starfive/built-in.a
  AR      drivers/phy/sunplus/built-in.a
  AR      drivers/phy/tegra/built-in.a
  AR      drivers/phy/ti/built-in.a
  AR      drivers/phy/xilinx/built-in.a
  CC      drivers/phy/phy-core.o
  AR      drivers/phy/built-in.a
  AR      drivers/pinctrl/actions/built-in.a
  AR      drivers/pinctrl/bcm/built-in.a
  AR      drivers/pinctrl/cirrus/built-in.a
  AR      drivers/pinctrl/freescale/built-in.a
  AR      drivers/pinctrl/mediatek/built-in.a
  AR      drivers/pinctrl/mvebu/built-in.a
  AR      drivers/pinctrl/nomadik/built-in.a
  AR      drivers/pinctrl/nuvoton/built-in.a
  AR      drivers/pinctrl/nxp/built-in.a
  CC      drivers/pinctrl/qcom/pinctrl-msm.o
  CC      fs/btrfs/delayed-inode.o
  AR      lib/lz4/built-in.a
  CC      lib/zstd/zstd_compress_module.o
  CC      lib/zstd/compress/fse_compress.o
  CC      lib/zstd/compress/hist.o
  CC      drivers/pinctrl/qcom/pinctrl-spmi-gpio.o
  CC      lib/zstd/compress/huf_compress.o
  CC      fs/btrfs/scrub.o
  CC      drivers/pinctrl/qcom/pinctrl-spmi-mpp.o
  CC      lib/zstd/compress/zstd_compress.o
  CC      net/core/datagram.o
  CC      drivers/pinctrl/qcom/pinctrl-ssbi-gpio.o
  CC      drivers/pinctrl/qcom/pinctrl-ssbi-mpp.o
  CC      fs/btrfs/backref.o
  CC      net/core/stream.o
  CC      drivers/pinctrl/qcom/pinctrl-sdm660.o
  AR      drivers/pinctrl/qcom/built-in.a
  AR      drivers/pinctrl/sprd/built-in.a
  AR      drivers/pinctrl/sunplus/built-in.a
  AR      drivers/pinctrl/ti/built-in.a
  CC      drivers/pinctrl/core.o
  CC      net/core/scm.o
  CC      lib/zstd/compress/zstd_compress_literals.o
  CC      lib/zstd/compress/zstd_compress_sequences.o
  CC      lib/zstd/compress/zstd_compress_superblock.o
  CC      net/core/gen_stats.o
  CC      lib/zstd/compress/zstd_double_fast.o
  CC      drivers/pinctrl/pinctrl-utils.o
  CC      fs/btrfs/ulist.o
  CC      drivers/pinctrl/pinmux.o
  CC      net/core/gen_estimator.o
  CC      fs/btrfs/qgroup.o
  CC      drivers/pinctrl/pinconf.o
  CC      net/core/net_namespace.o
  CC      drivers/pinctrl/pinconf-generic.o
  CC      drivers/pinctrl/devicetree.o
  CC      drivers/pinctrl/pinctrl-single.o
  CC      lib/zstd/compress/zstd_fast.o
  CC      net/core/secure_seq.o
  CC      fs/btrfs/send.o
  AR      drivers/pinctrl/built-in.a
  CC      drivers/gpio/gpiolib.o
  CC      net/core/flow_dissector.o
  CC      net/core/sysctl_net_core.o
  CC      lib/zstd/compress/zstd_lazy.o
  CC      drivers/gpio/gpiolib-devres.o
  CC      drivers/gpio/gpiolib-legacy.o
  CC      net/core/dev.o
  CC      drivers/gpio/gpiolib-of.o
  CC      fs/btrfs/dev-replace.o
  CC      drivers/gpio/gpiolib-cdev.o
  CC      fs/btrfs/raid56.o
  CC      drivers/gpio/gpiolib-swnode.o
  AR      drivers/gpio/built-in.a
  CC      fs/btrfs/uuid-tree.o
  CC      drivers/pwm/core.o
  CC      fs/btrfs/props.o
  CC      drivers/pwm/sysfs.o
  AR      drivers/pwm/built-in.a
  AR      drivers/pci/controller/dwc/built-in.a
  AR      drivers/pci/controller/mobiveil/built-in.a
  AR      drivers/pci/controller/built-in.a
  AR      drivers/pci/switch/built-in.a
  CC      drivers/pci/of.o
  CC      fs/btrfs/free-space-tree.o
  AR      drivers/pci/built-in.a
  CC      drivers/video/console/dummycon.o
  AR      drivers/video/console/built-in.a
  CC      drivers/video/logo/logo.o
  HOSTCC  drivers/video/logo/pnmtologo
  CC      fs/btrfs/tree-checker.o
  LOGO    drivers/video/logo/logo_linux_mono.c
  LOGO    drivers/video/logo/logo_linux_vga16.c
  LOGO    drivers/video/logo/logo_linux_clut224.c
  CC      drivers/video/logo/logo_linux_mono.o
  CC      drivers/video/logo/logo_linux_vga16.o
  CC      drivers/video/logo/logo_linux_clut224.o
  AR      drivers/video/logo/built-in.a
  CC      drivers/video/backlight/backlight.o
  CC      net/core/dev_addr_lists.o
  CC      drivers/video/backlight/lp855x_bl.o
  CC      fs/btrfs/space-info.o
  CC      net/core/dst.o
  CC      drivers/video/backlight/pwm_bl.o
  CC      drivers/video/backlight/qcom-wled.o
  CC      fs/btrfs/block-rsv.o
  CC      net/core/netevent.o
  CC      net/core/neighbour.o
  CC      fs/btrfs/delalloc-space.o
  AR      drivers/video/backlight/built-in.a
  CC      drivers/video/fbdev/core/fb_notify.o
  CC      fs/btrfs/block-group.o
  CC      drivers/video/fbdev/core/fb_info.o
  CC      drivers/video/fbdev/core/fbmem.o
  CC      drivers/video/fbdev/core/fbcmap.o
  CC      net/core/rtnetlink.o
  CC      drivers/video/fbdev/core/modedb.o
  CC      fs/btrfs/discard.o
  CC      lib/zstd/compress/zstd_ldm.o
  CC      drivers/video/fbdev/core/fbcvt.o
  CC      lib/zstd/compress/zstd_opt.o
  CC      fs/btrfs/reflink.o
  CC      drivers/video/fbdev/core/fb_cmdline.o
  CC      fs/btrfs/subpage.o
  CC      drivers/video/fbdev/core/fb_io_fops.o
  CC      drivers/video/fbdev/core/fb_backlight.o
  CC      fs/btrfs/tree-mod-log.o
  CC      drivers/video/fbdev/core/fbmon.o
  CC      net/core/utils.o
  CC      lib/zstd/zstd_decompress_module.o
  CC      lib/zstd/decompress/huf_decompress.o
  CC      fs/btrfs/extent-io-tree.o
  CC      drivers/video/fbdev/core/fb_defio.o
  CC      net/core/link_watch.o
  CC      drivers/video/fbdev/core/fb_chrdev.o
  CC      net/core/filter.o
  CC      fs/btrfs/fs.o
  CC      lib/zstd/decompress/zstd_ddict.o
  CC      drivers/video/fbdev/core/fb_procfs.o
  CC      lib/zstd/decompress/zstd_decompress.o
  CC      fs/btrfs/messages.o
  CC      drivers/video/fbdev/core/fbsysfs.o
  CC      lib/zstd/decompress/zstd_decompress_block.o
  CC      fs/btrfs/bio.o
  CC      drivers/video/fbdev/core/fbcon.o
  CC      fs/btrfs/lru_cache.o
  AR      fs/btrfs/built-in.a
  CC      fs/open.o
  CC      lib/zstd/zstd_common_module.o
  CC      lib/zstd/common/debug.o
  CC      lib/zstd/common/entropy_common.o
  CC      lib/zstd/common/error_private.o
  CC      lib/zstd/common/fse_decompress.o
  CC      drivers/video/fbdev/core/bitblit.o
  CC      lib/zstd/common/zstd_common.o
  AR      lib/zstd/built-in.a
  CC      lib/xz/xz_dec_syms.o
  CC      fs/read_write.o
  CC      drivers/video/fbdev/core/softcursor.o
  CC      lib/xz/xz_dec_stream.o
  CC      lib/xz/xz_dec_lzma2.o
  CC      drivers/video/fbdev/core/fbcon_rotate.o
  CC      lib/xz/xz_dec_bcj.o
  CC      drivers/video/fbdev/core/fbcon_cw.o
  CC      fs/file_table.o
  AR      lib/xz/built-in.a
  CC      lib/raid6/algos.o
  CC      net/core/sock_diag.o
  CC      drivers/video/fbdev/core/fbcon_ud.o
  CC      fs/super.o
  CC      lib/raid6/recov.o
  HOSTCC  lib/raid6/mktables
  CC      net/core/dev_ioctl.o
  UNROLL  lib/raid6/int1.c
  UNROLL  lib/raid6/int2.c
  UNROLL  lib/raid6/int4.c
  UNROLL  lib/raid6/int8.c
  UNROLL  lib/raid6/int16.c
  UNROLL  lib/raid6/int32.c
  CC      lib/raid6/neon.o
  CC      drivers/video/fbdev/core/fbcon_ccw.o
  UNROLL  lib/raid6/neon1.c
  UNROLL  lib/raid6/neon2.c
  UNROLL  lib/raid6/neon4.c
  UNROLL  lib/raid6/neon8.c
  CC      lib/raid6/recov_neon.o
  CC      fs/char_dev.o
  CC      drivers/video/fbdev/core/sysfillrect.o
  CC      net/core/tso.o
  CC      lib/raid6/recov_neon_inner.o
  TABLE   lib/raid6/tables.c
  CC      lib/raid6/int1.o
  CC      fs/stat.o
  CC      drivers/video/fbdev/core/syscopyarea.o
  CC      net/core/sock_reuseport.o
  CC      lib/raid6/int2.o
  CC      drivers/video/fbdev/core/sysimgblt.o
  CC      fs/exec.o
  CC      lib/raid6/int4.o
  CC      lib/raid6/int8.o
  CC      net/core/fib_notifier.o
  CC      drivers/video/fbdev/core/fb_sys_fops.o
  CC      lib/raid6/int16.o
  CC      net/core/xdp.o
  AR      drivers/video/fbdev/core/built-in.a
  AR      drivers/video/fbdev/omap/built-in.a
  AR      drivers/video/fbdev/omap2/omapfb/dss/built-in.a
  AR      drivers/video/fbdev/omap2/omapfb/displays/built-in.a
  AR      drivers/video/fbdev/omap2/omapfb/built-in.a
  AR      drivers/video/fbdev/omap2/built-in.a
  AR      drivers/video/fbdev/built-in.a
  CC      drivers/video/aperture.o
  CC      fs/pipe.o
  CC      lib/raid6/int32.o
  CC      drivers/video/cmdline.o
  CC      lib/raid6/neon1.o
  CC      lib/raid6/neon2.o
  CC      net/core/flow_offload.o
  CC      drivers/video/nomodeset.o
  CC      fs/namei.o
  CC      lib/raid6/neon4.o
  CC      drivers/video/hdmi.o
  CC      lib/raid6/neon8.o
  CC      net/core/gro.o
  CC      lib/raid6/tables.o
  CC      drivers/video/display_timing.o
  CC      drivers/video/videomode.o
  AR      lib/raid6/built-in.a
  CC      drivers/video/of_display_timing.o
  CC      lib/fonts/fonts.o
  CC      lib/fonts/font_8x8.o
  CC      lib/fonts/font_8x16.o
  CC      drivers/video/of_videomode.o
  AR      drivers/video/built-in.a
  AR      drivers/idle/built-in.a
  AR      drivers/char/ipmi/built-in.a
  AR      lib/fonts/built-in.a
  CC      net/core/netdev-genl.o
  CC      drivers/amba/bus.o
  CC      lib/argv_split.o
  CC      lib/bug.o
  CC      net/core/netdev-genl-gen.o
  AR      drivers/amba/built-in.a
  AR      drivers/clk/actions/built-in.a
  CC      lib/buildid.o
  AR      drivers/clk/analogbits/built-in.a
  AR      drivers/clk/bcm/built-in.a
  AR      drivers/clk/imgtec/built-in.a
  AR      drivers/clk/imx/built-in.a
  AR      drivers/clk/ingenic/built-in.a
  AR      drivers/clk/mediatek/built-in.a
  AR      drivers/clk/microchip/built-in.a
  AR      drivers/clk/mstar/built-in.a
  AR      drivers/clk/mvebu/built-in.a
  CC      drivers/clk/qcom/common.o
  CC      fs/fcntl.o
  CC      net/core/gso.o
  CC      lib/clz_tab.o
  CC      lib/cmdline.o
  CC      drivers/clk/qcom/clk-regmap.o
  CC      lib/cpumask.o
  CC      drivers/clk/qcom/clk-alpha-pll.o
  CC      fs/ioctl.o
  CC      lib/ctype.o
  CC      lib/dec_and_lock.o
  CC      net/core/net-sysfs.o
  CC      lib/decompress.o
  CC      lib/decompress_bunzip2.o
  CC      fs/readdir.o
  CC      lib/decompress_inflate.o
  CC      drivers/clk/qcom/clk-pll.o
  CC      lib/decompress_unlz4.o
  CC      drivers/clk/qcom/clk-rcg.o
  CC      fs/select.o
  CC      lib/decompress_unlzma.o
  CC      net/core/page_pool.o
  CC      drivers/clk/qcom/clk-rcg2.o
  CC      lib/decompress_unlzo.o
  CC      lib/decompress_unxz.o
  CC      net/core/net-procfs.o
  CC      drivers/clk/qcom/clk-branch.o
  CC      lib/decompress_unzstd.o
  CC      fs/dcache.o
  CC      drivers/clk/qcom/clk-regmap-divider.o
  CC      lib/dump_stack.o
  CC      net/core/fib_rules.o
  CC      drivers/clk/qcom/clk-regmap-mux.o
  CC      lib/earlycpio.o
  CC      drivers/clk/qcom/clk-regmap-mux-div.o
  CC      lib/extable.o
  CC      drivers/clk/qcom/clk-regmap-phy-mux.o
  CC      lib/fdt.o
  CC      lib/fdt_addresses.o
  CC      lib/fdt_empty_tree.o
  CC      drivers/clk/qcom/clk-hfpll.o
  CC      lib/fdt_ro.o
  CC      fs/inode.o
  CC      net/core/ptp_classifier.o
  CC      drivers/clk/qcom/reset.o
  CC      lib/fdt_rw.o
  CC      lib/fdt_strerror.o
  CC      drivers/clk/qcom/gdsc.o
  CC      lib/fdt_sw.o
  CC      lib/fdt_wip.o
  CC      net/core/netprio_cgroup.o
  CC      lib/flex_proportions.o
  CC      lib/idr.o
  CC      drivers/clk/qcom/clk-rpmh.o
  CC      fs/attr.o
  CC      net/core/netclassid_cgroup.o
  CC      lib/irq_regs.o
  CC      drivers/clk/qcom/clk-smd-rpm.o
  CC      lib/is_single_threaded.o
  CC      lib/klist.o
  CC      fs/bad_inode.o
  CC      drivers/clk/qcom/gcc-sdm660.o
  CC      net/core/dst_cache.o
  CC      lib/kobject.o
  CC      fs/file.o
  CC      drivers/clk/qcom/mmcc-sdm660.o
  CC      net/core/gro_cells.o
  CC      lib/kobject_uevent.o
  CC      drivers/clk/qcom/gpucc-sdm660.o
  AR      drivers/clk/qcom/built-in.a
  AR      drivers/clk/ralink/built-in.a
  AR      drivers/clk/renesas/built-in.a
  AR      drivers/clk/socfpga/built-in.a
  AR      drivers/clk/sprd/built-in.a
  AR      drivers/clk/starfive/built-in.a
  AR      drivers/clk/sunxi-ng/built-in.a
  AR      drivers/clk/ti/built-in.a
  AR      drivers/clk/versatile/built-in.a
  AR      drivers/clk/xilinx/built-in.a
  CC      drivers/clk/clk-devres.o
  CC      net/core/skmsg.o
  CC      fs/filesystems.o
  CC      lib/logic_pio.o
  CC      drivers/clk/clk-bulk.o
  CC      fs/namespace.o
  CC      lib/maple_tree.o
  CC      drivers/clk/clkdev.o
  CC      drivers/clk/clk.o
  CC      net/core/sock_map.o
  CC      net/core/bpf_sk_storage.o
  CC      drivers/clk/clk-divider.o
  CC      fs/seq_file.o
  CC      drivers/clk/clk-fixed-factor.o
  CC      fs/xattr.o
  CC      net/core/of_net.o
  CC      drivers/clk/clk-fixed-rate.o
  CC      drivers/clk/clk-gate.o
  CC      lib/memcat_p.o
  AR      net/core/built-in.a
  CC      net/ethernet/eth.o
  CC      lib/nmi_backtrace.o
  CC      fs/libfs.o
  CC      drivers/clk/clk-multiplier.o
  CC      lib/plist.o
  CC      lib/radix-tree.o
  CC      drivers/clk/clk-mux.o
  AR      net/ethernet/built-in.a
  AR      net/802/built-in.a
  CC      net/sched/sch_generic.o
  CC      drivers/clk/clk-composite.o
  CC      fs/fs-writeback.o
  CC      lib/ratelimit.o
  CC      drivers/clk/clk-fractional-divider.o
  CC      lib/rbtree.o
  CC      drivers/clk/clk-gpio.o
  CC      lib/seq_buf.o
  CC      drivers/clk/clk-conf.o
  CC      lib/siphash.o
  CC      net/sched/sch_mq.o
  AR      drivers/clk/built-in.a
  CC      fs/pnode.o
  AR      drivers/dma/idxd/built-in.a
  AR      drivers/dma/mediatek/built-in.a
  CC      drivers/dma/qcom/bam_dma.o
  CC      lib/string.o
  CC      net/sched/sch_frag.o
  CC      fs/splice.o
  CC      lib/timerqueue.o
  CC      lib/vsprintf.o
  CC      drivers/dma/qcom/gpi.o
  CC      net/sched/sch_api.o
  CC      fs/sync.o
  AR      drivers/dma/qcom/built-in.a
  AR      drivers/dma/ti/built-in.a
  AR      drivers/dma/xilinx/built-in.a
  CC      drivers/dma/dmaengine.o
  CC      fs/utimes.o
  CC      net/sched/sch_blackhole.o
  CC      fs/d_path.o
  CC      lib/win_minmax.o
  CC      drivers/dma/virt-dma.o
  CC      net/sched/cls_api.o
  CC      lib/xarray.o
  CC      fs/stack.o
  CC      drivers/dma/of-dma.o
  CC      fs/fs_struct.o
  AR      drivers/dma/built-in.a
  AR      drivers/soc/apple/built-in.a
  AR      drivers/soc/aspeed/built-in.a
  AR      drivers/soc/bcm/built-in.a
  AR      drivers/soc/fsl/built-in.a
  AR      drivers/soc/fujitsu/built-in.a
  AR      drivers/soc/hisilicon/built-in.a
  AR      drivers/soc/imx/built-in.a
  AR      drivers/soc/ixp4xx/built-in.a
  AR      drivers/soc/loongson/built-in.a
  AR      drivers/soc/mediatek/built-in.a
  AR      drivers/soc/microchip/built-in.a
  AR      drivers/soc/nuvoton/built-in.a
  AR      drivers/soc/pxa/built-in.a
  AR      drivers/soc/amlogic/built-in.a
  CC      drivers/soc/qcom/cmd-db.o
  CC      fs/statfs.o
  CC      lib/lockref.o
  CC      drivers/soc/qcom/rpmh-rsc.o
  CC      lib/bcd.o
  CC      lib/sort.o
  CC      lib/parser.o
  CC      fs/fs_pin.o
  CC      lib/debug_locks.o
  CC      fs/nsfs.o
  CC      lib/random32.o
  CC      drivers/soc/qcom/rpmh.o
  CC      net/sched/sch_fifo.o
  CC      lib/bust_spinlocks.o
  CC      fs/fs_types.o
  CC      drivers/soc/qcom/rpm-proc.o
  CC      lib/kasprintf.o
  CC      fs/fs_context.o
  AR      net/sched/built-in.a
  CC      net/netlink/af_netlink.o
  CC      drivers/soc/qcom/smd-rpm.o
  CC      lib/bitmap.o
  CC      drivers/soc/qcom/smem.o
  CC      fs/fs_parser.o
  CC      lib/scatterlist.o
  CC      drivers/soc/qcom/smem_state.o
  CC      fs/fsopen.o
  CC      drivers/soc/qcom/smp2p.o
  CC      fs/init.o
  CC      lib/list_sort.o
  CC      lib/uuid.o
  CC      drivers/soc/qcom/smsm.o
  CC      lib/iov_iter.o
  CC      fs/kernel_read_file.o
  CC      net/netlink/genetlink.o
  CC      fs/mnt_idmapping.o
  CC      drivers/soc/qcom/socinfo.o
  CC      fs/remap_range.o
  AR      drivers/soc/qcom/built-in.a
  AR      drivers/soc/renesas/built-in.a
  AR      drivers/soc/rockchip/built-in.a
  AR      drivers/soc/sifive/built-in.a
  AR      drivers/soc/sunxi/built-in.a
  AR      drivers/soc/ti/built-in.a
  AR      drivers/soc/xilinx/built-in.a
  AR      drivers/soc/built-in.a
  AR      drivers/pmdomain/actions/built-in.a
  AR      drivers/pmdomain/amlogic/built-in.a
  AR      drivers/pmdomain/apple/built-in.a
  AR      drivers/pmdomain/bcm/built-in.a
  AR      drivers/pmdomain/imx/built-in.a
  AR      drivers/pmdomain/mediatek/built-in.a
  CC      drivers/pmdomain/qcom/rpmpd.o
  CC      net/netlink/policy.o
  CC      drivers/pmdomain/qcom/rpmhpd.o
  CC      fs/buffer.o
  CC      lib/clz_ctz.o
  AR      drivers/pmdomain/qcom/built-in.a
  AR      drivers/pmdomain/renesas/built-in.a
  AR      drivers/pmdomain/rockchip/built-in.a
  AR      drivers/pmdomain/samsung/built-in.a
  AR      drivers/pmdomain/st/built-in.a
  CC      lib/bsearch.o
  AR      drivers/pmdomain/starfive/built-in.a
  AR      drivers/pmdomain/sunxi/built-in.a
  AR      drivers/pmdomain/tegra/built-in.a
  AR      net/netlink/built-in.a
  AR      drivers/pmdomain/ti/built-in.a
  AR      drivers/pmdomain/xilinx/built-in.a
  CC      net/bpf/test_run.o
  AR      drivers/pmdomain/built-in.a
  CC      drivers/virtio/virtio.o
  CC      lib/find_bit.o
  CC      drivers/virtio/virtio_ring.o
  CC      lib/llist.o
  CC      lib/memweight.o
  CC      lib/kfifo.o
  CC      lib/percpu-refcount.o
  CC      net/bpf/bpf_dummy_struct_ops.o
  CC      fs/mpage.o
  CC      drivers/virtio/virtio_anchor.o
  CC      lib/rhashtable.o
  AR      net/bpf/built-in.a
  CC      net/ethtool/ioctl.o
  AR      drivers/virtio/built-in.a
  CC      drivers/regulator/core.o
  CC      fs/proc_namespace.o
  CC      lib/base64.o
  CC      fs/direct-io.o
  CC      lib/once.o
  CC      lib/refcount.o
  CC      lib/rcuref.o
  CC      lib/usercopy.o
  CC      fs/eventpoll.o
  CC      lib/errseq.o
  CC      lib/bucket_locks.o
  CC      lib/generic-radix-tree.o
  CC      net/ethtool/common.o
  CC      lib/string_helpers.o
  CC      drivers/regulator/dummy.o
  CC      fs/anon_inodes.o
  CC      net/ethtool/netlink.o
  CC      lib/hexdump.o
  CC      drivers/regulator/fixed-helper.o
  CC      lib/kstrtox.o
  CC      fs/signalfd.o
  CC      drivers/regulator/helpers.o
  CC      lib/pci_iomap.o
  CC      net/ethtool/bitset.o
  CC      fs/timerfd.o
  CC      lib/iomap_copy.o
  CC      drivers/regulator/devres.o
  CC      lib/devres.o
  CC      fs/eventfd.o
  CC      net/ethtool/strset.o
  CC      lib/hweight.o
  CC      drivers/regulator/irq_helpers.o
  CC      lib/assoc_array.o
  CC      fs/aio.o
  CC      drivers/regulator/of_regulator.o
  CC      lib/bitrev.o
  CC      lib/linear_ranges.o
  CC      net/ethtool/linkinfo.o
  CC      lib/crc16.o
  CC      drivers/regulator/fixed.o
  HOSTCC  lib/gen_crc32table
  CC      net/ethtool/linkmodes.o
  CC      lib/libcrc32c.o
  CC      lib/xxhash.o
  CC      drivers/regulator/qcom-rpmh-regulator.o
  CC      fs/locks.o
  CC      net/ethtool/rss.o
  CC      lib/genalloc.o
  CC      drivers/regulator/qcom_smd-regulator.o
  CC      net/ethtool/linkstate.o
  CC      lib/percpu_counter.o
  CC      drivers/regulator/qcom_spmi-regulator.o
  CC      lib/audit.o
  CC      net/ethtool/debug.o
  CC      fs/binfmt_script.o
  CC      lib/compat_audit.o
  CC      lib/syscall.o
  CC      fs/binfmt_elf.o
  CC      drivers/regulator/qcom_usb_vbus-regulator.o
  CC      net/ethtool/wol.o
  CC      lib/dynamic_debug.o
  CC      drivers/regulator/pwm-regulator.o
  CC      net/ethtool/features.o
  AR      drivers/regulator/built-in.a
  CC      fs/compat_binfmt_elf.o
  AR      drivers/reset/hisilicon/built-in.a
  AR      drivers/reset/starfive/built-in.a
  CC      drivers/reset/core.o
  CC      lib/errname.o
  CC      net/ethtool/privflags.o
  CC      lib/nlattr.o
  AR      drivers/reset/built-in.a
  CC      drivers/tty/vt/vt_ioctl.o
  CC      net/ethtool/rings.o
  CC      fs/mbcache.o
  CC      lib/checksum.o
  CC      lib/cpu_rmap.o
  CC      drivers/tty/vt/vc_screen.o
  CC      fs/posix_acl.o
  CC      net/ethtool/channels.o
  CC      lib/dynamic_queue_limits.o
  CC      lib/glob.o
  CC      lib/strncpy_from_user.o
  CC      drivers/tty/vt/selection.o
  CC      net/ethtool/coalesce.o
  CC      fs/coredump.o
  CC      lib/strnlen_user.o
  CC      drivers/tty/vt/keyboard.o
  CC      lib/net_utils.o
  CC      net/ethtool/pause.o
  CC      lib/sg_pool.o
  CC      fs/drop_caches.o
  CC      net/ethtool/eee.o
  CC      lib/stackdepot.o
  CC      fs/sysctls.o
  CC      drivers/tty/vt/consolemap.o
  CC      fs/fhandle.o
  CC      lib/asn1_decoder.o
  CC      net/ethtool/tsinfo.o
  AR      fs/built-in.a
  AR      drivers/tty/serial/8250/built-in.a
  CC      drivers/tty/serial/serial_core.o
  GEN     lib/oid_registry_data.c
  CC      lib/sbitmap.o
  HOSTCC  drivers/tty/vt/conmakehash
  CC      drivers/tty/vt/vt.o
  CC      net/ethtool/cabletest.o
  CC      lib/group_cpus.o
  CC      net/ethtool/tunnels.o
  CC      lib/devmem_is_allowed.o
  AR      lib/lib.a
  GEN     lib/crc32table.h
  CC      lib/oid_registry.o
  CC      drivers/tty/serial/serial_base_bus.o
  CC      net/ethtool/fec.o
  CC      lib/crc32.o
  CC      drivers/tty/serial/serial_ctrl.o
  COPY    drivers/tty/vt/defkeymap.c
  CONMK   drivers/tty/vt/consolemap_deftbl.c
  CC      drivers/tty/vt/defkeymap.o
  AR      lib/built-in.a
  CC      drivers/tty/serdev/core.o
  CC      drivers/tty/vt/consolemap_deftbl.o
  AR      drivers/tty/vt/built-in.a
  AR      drivers/char/agp/built-in.a
  CC      drivers/char/mem.o
  CC      net/ethtool/eeprom.o
  CC      drivers/tty/serial/serial_port.o
  CC      drivers/tty/serdev/serdev-ttyport.o
  CC      drivers/tty/serial/earlycon.o
  CC      drivers/char/random.o
  CC      net/ethtool/stats.o
  AR      drivers/tty/serdev/built-in.a
  CC      net/netfilter/core.o
  CC      drivers/tty/serial/msm_serial.o
  CC      net/ethtool/phc_vclocks.o
  CC      drivers/char/misc.o
  CC      net/netfilter/nf_log.o
  AR      drivers/tty/serial/built-in.a
  CC      net/ethtool/mm.o
  AR      drivers/tty/ipwireless/built-in.a
  CC      drivers/tty/tty_io.o
  AR      drivers/char/built-in.a
  CC      drivers/tty/n_tty.o
  CC      net/netfilter/nf_queue.o
  CC      net/ethtool/module.o
  CC      net/ethtool/pse-pd.o
  AR      virt/lib/built-in.a
  AR      virt/built-in.a
  AR      net/ipv4/netfilter/built-in.a
  CC      net/ipv4/route.o
  CC      net/netfilter/nf_sockopt.o
  CC      drivers/tty/tty_ioctl.o
  CC      net/ethtool/plca.o
  CC      net/netfilter/utils.o
  CC      drivers/tty/tty_ldisc.o
  AR      net/ethtool/built-in.a
  AR      drivers/iommu/amd/built-in.a
  AR      drivers/iommu/intel/built-in.a
  CC      drivers/iommu/arm/arm-smmu/qcom_iommu.o
  CC      drivers/tty/tty_buffer.o
  CC      net/netfilter/nf_bpf_link.o
  CC      drivers/iommu/arm/arm-smmu/arm-smmu.o
  CC      drivers/tty/tty_port.o
  CC      net/ipv4/inetpeer.o
  AR      net/netfilter/built-in.a
  CC      drivers/iommu/arm/arm-smmu-v3/arm-smmu-v3.o
  CC      drivers/tty/tty_mutex.o
  CC      net/ipv4/protocol.o
  CC      drivers/tty/tty_ldsem.o
  CC      drivers/iommu/arm/arm-smmu/arm-smmu-impl.o
  CC      net/ipv4/ip_input.o
  CC      drivers/tty/tty_baudrate.o
  CC      drivers/iommu/arm/arm-smmu/arm-smmu-nvidia.o
  CC      drivers/tty/tty_jobctrl.o
  AR      drivers/iommu/arm/arm-smmu-v3/built-in.a
  AR      drivers/gpu/host1x/built-in.a
  AR      drivers/gpu/drm/tests/built-in.a
  AR      drivers/gpu/drm/arm/built-in.a
  AR      drivers/gpu/drm/display/built-in.a
  AR      drivers/gpu/drm/renesas/rcar-du/built-in.a
  AR      drivers/gpu/drm/renesas/built-in.a
  AR      drivers/gpu/drm/omapdrm/built-in.a
  AR      drivers/gpu/drm/tilcdc/built-in.a
  AR      drivers/gpu/drm/imx/built-in.a
  AR      drivers/gpu/drm/i2c/built-in.a
  CC      drivers/gpu/drm/panel/panel-dsi-cm.o
  CC      drivers/iommu/arm/arm-smmu/arm-smmu-qcom.o
  CC      net/ipv4/ip_fragment.o
  CC      drivers/tty/n_null.o
  CC      drivers/gpu/drm/panel/panel-simple.o
  AR      drivers/iommu/arm/arm-smmu/built-in.a
  AR      drivers/iommu/arm/built-in.a
  AR      drivers/iommu/iommufd/built-in.a
  CC      drivers/iommu/iommu.o
  CC      drivers/tty/pty.o
  CC      net/ipv4/ip_forward.o
  AR      drivers/gpu/drm/panel/built-in.a
  AR      drivers/gpu/drm/bridge/analogix/built-in.a
  AR      drivers/gpu/drm/bridge/cadence/built-in.a
  AR      drivers/gpu/drm/bridge/imx/built-in.a
  AR      drivers/gpu/drm/bridge/synopsys/built-in.a
  AR      drivers/gpu/drm/bridge/built-in.a
  AR      drivers/gpu/drm/hisilicon/built-in.a
  AR      drivers/gpu/drm/mxsfb/built-in.a
  CC      drivers/gpu/drm/tiny/simpledrm.o
  CC      drivers/tty/tty_audit.o
  CC      drivers/tty/sysrq.o
  CC      net/ipv4/ip_options.o
  CC      drivers/iommu/iommu-traces.o
  AR      drivers/gpu/drm/tiny/built-in.a
  AR      drivers/gpu/drm/xlnx/built-in.a
  AR      drivers/gpu/drm/gud/built-in.a
  AR      drivers/gpu/drm/solomon/built-in.a
  CC      drivers/gpu/drm/drm_aperture.o
  CC      drivers/iommu/iommu-sysfs.o
  CC      drivers/gpu/drm/drm_atomic.o
  AR      drivers/tty/built-in.a
  AR      drivers/gpu/vga/built-in.a
  CC      net/ipv4/ip_output.o
  CC      drivers/iommu/iommu-debugfs.o
  CC      drivers/gpu/drm/drm_atomic_uapi.o
  CC      drivers/iommu/dma-iommu.o
  CC      drivers/gpu/drm/drm_auth.o
  CC      net/unix/af_unix.o
  CC      drivers/gpu/drm/drm_blend.o
  CC      drivers/iommu/io-pgtable.o
  CC      net/ipv4/ip_sockglue.o
  CC      drivers/gpu/drm/drm_bridge.o
  CC      drivers/iommu/io-pgtable-arm-v7s.o
  CC      drivers/gpu/drm/drm_cache.o
  CC      drivers/iommu/io-pgtable-arm.o
  CC      drivers/gpu/drm/drm_client.o
  CC      net/ipv4/inet_hashtables.o
  CC      net/unix/garbage.o
  CC      drivers/iommu/iova.o
  CC      drivers/gpu/drm/drm_client_modeset.o
  CC      drivers/iommu/of_iommu.o
  CC      net/unix/sysctl_net_unix.o
  CC      drivers/gpu/drm/drm_color_mgmt.o
  AR      drivers/iommu/built-in.a
  AR      net/ipv6/netfilter/built-in.a
  CC      net/ipv6/addrconf_core.o
  CC      net/unix/unix_bpf.o
  CC      net/ipv4/inet_timewait_sock.o
  CC      drivers/gpu/drm/drm_connector.o
  CC      net/ipv6/exthdrs_core.o
  CC      net/unix/scm.o
  CC      net/ipv4/inet_connection_sock.o
  CC      net/ipv6/ip6_checksum.o
  AR      net/unix/built-in.a
  CC      net/packet/af_packet.o
  CC      drivers/gpu/drm/drm_crtc.o
  CC      net/ipv6/ip6_icmp.o
  CC      drivers/gpu/drm/drm_displayid.o
  CC      drivers/gpu/drm/drm_drv.o
  CC      net/ipv6/output_core.o
  CC      net/ipv4/tcp.o
  CC      drivers/gpu/drm/drm_dumb_buffers.o
  CC      net/ipv6/protocol.o
  CC      drivers/gpu/drm/drm_edid.o
  CC      net/ipv6/ip6_offload.o
  AR      net/packet/built-in.a
  CC      drivers/connector/cn_queue.o
  CC      net/ipv6/tcpv6_offload.o
  CC      drivers/connector/connector.o
  CC      drivers/connector/cn_proc.o
  CC      net/ipv6/exthdrs_offload.o
  CC      net/ipv4/tcp_input.o
  CC      drivers/gpu/drm/drm_encoder.o
  CC      net/ipv6/inet6_hashtables.o
  AR      drivers/connector/built-in.a
  CC      drivers/base/power/sysfs.o
  CC      drivers/gpu/drm/drm_file.o
  CC      drivers/base/power/generic_ops.o
  CC      drivers/base/power/common.o
  CC      net/ipv6/mcast_snoop.o
  CC      drivers/gpu/drm/drm_fourcc.o
  CC      drivers/base/power/qos.o
  CC      drivers/gpu/drm/drm_framebuffer.o
  AR      net/ipv6/built-in.a
  CC      net/ipv4/tcp_output.o
  CC      drivers/base/power/runtime.o
  CC      drivers/gpu/drm/drm_gem.o
  CC      drivers/base/power/wakeirq.o
  CC      drivers/gpu/drm/drm_ioctl.o
  CC      drivers/block/brd.o
  CC      drivers/base/power/main.o
  CC      drivers/gpu/drm/drm_lease.o
  CC      drivers/block/loop.o
  CC      net/ipv4/tcp_timer.o
  CC      drivers/base/power/wakeup.o
  CC      drivers/gpu/drm/drm_managed.o
  CC      drivers/gpu/drm/drm_mm.o
  CC      drivers/block/nbd.o
  CC      drivers/base/power/wakeup_stats.o
  CC      net/ipv4/tcp_ipv4.o
  CC      drivers/gpu/drm/drm_mode_config.o
  CC      drivers/base/power/domain.o
  CC      drivers/gpu/drm/drm_mode_object.o
  CC      drivers/gpu/drm/drm_modes.o
  AR      drivers/block/built-in.a
  CC      drivers/base/firmware_loader/builtin/main.o
  CC      drivers/base/power/domain_governor.o
  AR      drivers/base/firmware_loader/builtin/built-in.a
  CC      drivers/base/firmware_loader/fallback_table.o
  CC      net/ipv4/tcp_minisocks.o
  CC      drivers/base/power/clock_ops.o
  CC      drivers/base/firmware_loader/main.o
  AR      drivers/base/power/built-in.a
  AR      net/dsa/built-in.a
  CC      drivers/gpu/drm/drm_modeset_lock.o
  AR      drivers/misc/eeprom/built-in.a
  AR      drivers/misc/cb710/built-in.a
  AR      drivers/misc/ti-st/built-in.a
  AR      drivers/misc/lis3lv02d/built-in.a
  AR      drivers/misc/cardreader/built-in.a
  AR      drivers/misc/built-in.a
  CC      net/ipv4/tcp_cong.o
  CC      drivers/base/firmware_loader/fallback.o
  CC      drivers/base/regmap/regmap.o
  CC      drivers/gpu/drm/drm_plane.o
  CC      drivers/base/firmware_loader/sysfs.o
  CC      net/ipv4/tcp_metrics.o
  AR      drivers/base/firmware_loader/built-in.a
  CC      net/ipv4/tcp_fastopen.o
  CC      drivers/gpu/drm/drm_prime.o
  CC      drivers/base/regmap/regcache.o
  CC      drivers/gpu/drm/drm_print.o
  AR      drivers/base/test/built-in.a
  CC      drivers/mfd/qcom_rpm.o
  CC      net/ipv4/tcp_rate.o
  CC      drivers/base/regmap/regcache-rbtree.o
  CC      drivers/gpu/drm/drm_property.o
  CC      drivers/mfd/qcom-spmi-pmic.o
  CC      drivers/base/regmap/regcache-flat.o
  CC      drivers/mfd/syscon.o
  CC      net/ipv4/tcp_recovery.o
  CC      drivers/gpu/drm/drm_syncobj.o
  CC      drivers/base/regmap/regcache-maple.o
  AR      drivers/mfd/built-in.a
  CC      net/8021q/vlan_core.o
  CC      drivers/base/regmap/regmap-debugfs.o
  CC      net/ipv4/tcp_ulp.o
  AR      net/8021q/built-in.a
  AR      net/wireless/built-in.a
  CC      drivers/base/component.o
  CC      drivers/base/regmap/regmap-i2c.o
  CC      drivers/gpu/drm/drm_sysfs.o
  CC      net/ipv4/tcp_offload.o
  AR      drivers/nfc/built-in.a
  CC      net/l3mdev/l3mdev.o
  CC      drivers/base/regmap/regmap-spmi.o
  CC      drivers/gpu/drm/drm_trace_points.o
  CC      drivers/base/regmap/regmap-mmio.o
  AR      net/l3mdev/built-in.a
  CC      drivers/base/regmap/regmap-irq.o
  CC      drivers/gpu/drm/drm_vblank.o
  CC      net/ipv4/tcp_plb.o
  CC      drivers/base/core.o
  AR      drivers/base/regmap/built-in.a
  CC      drivers/gpu/drm/drm_vblank_work.o
  CC      net/ipv4/datagram.o
  AR      drivers/dax/hmem/built-in.a
  AR      drivers/dax/built-in.a
  CC      drivers/base/bus.o
  CC      drivers/gpu/drm/drm_vma_manager.o
  CC      net/ipv4/raw.o
  CC      drivers/gpu/drm/drm_gpuva_mgr.o
  CC      drivers/dma-buf/dma-buf.o
  CC      drivers/gpu/drm/drm_writeback.o
  CC      drivers/base/dd.o
  CC      drivers/dma-buf/dma-fence.o
  CC      net/ipv4/udp.o
  CC      drivers/gpu/drm/drm_ioc32.o
  CC      drivers/dma-buf/dma-fence-array.o
  CC      drivers/base/syscore.o
  CC      drivers/gpu/drm/drm_panel.o
  CC      drivers/dma-buf/dma-fence-chain.o
  CC      drivers/base/driver.o
  CC      drivers/gpu/drm/drm_of.o
  CC      drivers/dma-buf/dma-fence-unwrap.o
  CC      drivers/base/class.o
  CC      drivers/dma-buf/dma-resv.o
  CC      drivers/gpu/drm/drm_debugfs.o
  CC      drivers/base/platform.o
  CC      drivers/dma-buf/sync_file.o
  CC      drivers/gpu/drm/drm_debugfs_crc.o
  CC      drivers/base/cpu.o
  AR      drivers/dma-buf/built-in.a
  CC      net/ipv4/udplite.o
  AR      drivers/cxl/core/built-in.a
  AR      drivers/cxl/built-in.a
  CC      drivers/gpu/drm/../../accel/drm_accel.o
  CC      drivers/base/firmware.o
  CC      net/ipv4/udp_offload.o
  CC      drivers/base/init.o
  CC      drivers/gpu/drm/drm_panel_orientation_quirks.o
  AR      drivers/macintosh/built-in.a
  CC      drivers/base/map.o
  CC      drivers/gpu/drm/drm_gem_shmem_helper.o
  CC      net/ipv4/arp.o
  CC      drivers/base/devres.o
  CC      drivers/scsi/scsi.o
  CC      drivers/gpu/drm/drm_atomic_helper.o
  CC      drivers/base/attribute_container.o
  CC      net/ipv4/icmp.o
  CC      drivers/scsi/hosts.o
  CC      drivers/base/transport_class.o
  CC      drivers/base/topology.o
  CC      drivers/scsi/scsi_ioctl.o
  CC      drivers/base/container.o
  CC      drivers/gpu/drm/drm_atomic_state_helper.o
  CC      drivers/base/property.o
  CC      net/ipv4/devinet.o
  CC      drivers/scsi/scsicam.o
  CC      drivers/gpu/drm/drm_bridge_connector.o
  CC      drivers/scsi/scsi_error.o
  CC      drivers/base/cacheinfo.o
  CC      drivers/gpu/drm/drm_crtc_helper.o
  CC      drivers/base/swnode.o
  CC      net/ipv4/af_inet.o
  CC      drivers/gpu/drm/drm_damage_helper.o
  CC      drivers/scsi/scsi_lib.o
  CC      drivers/gpu/drm/drm_encoder_slave.o
  CC      drivers/base/auxiliary.o
  CC      drivers/base/devtmpfs.o
  CC      drivers/gpu/drm/drm_flip_work.o
  CC      drivers/gpu/drm/drm_format_helper.o
  CC      net/ipv4/igmp.o
  CC      drivers/base/module.o
  CC      drivers/scsi/scsi_lib_dma.o
  CC      drivers/base/soc.o
  CC      drivers/scsi/scsi_scan.o
  CC      drivers/gpu/drm/drm_gem_atomic_helper.o
  CC      drivers/base/pinctrl.o
  CC      drivers/base/devcoredump.o
  CC      drivers/gpu/drm/drm_gem_framebuffer_helper.o
  GEN     drivers/scsi/scsi_devinfo_tbl.c
  CC      drivers/scsi/scsi_devinfo.o
  CC      drivers/base/platform-msi.o
  CC      drivers/gpu/drm/drm_kms_helper_common.o
  CC      drivers/base/arch_topology.o
  CC      net/ipv4/fib_frontend.o
  CC      drivers/scsi/scsi_sysctl.o
  CC      drivers/gpu/drm/drm_modeset_helper.o
  CC      drivers/scsi/scsi_debugfs.o
  CC      drivers/gpu/drm/drm_plane_helper.o
  AR      drivers/base/built-in.a
  CC      net/ipv4/fib_semantics.o
  CC      drivers/scsi/scsi_trace.o
  CC      drivers/gpu/drm/drm_probe_helper.o
  CC      drivers/scsi/scsi_logging.o
  AR      drivers/nvme/host/built-in.a
  AR      drivers/nvme/target/built-in.a
  AR      drivers/nvme/built-in.a
  CC      drivers/gpu/drm/drm_rect.o
  CC      net/ipv4/fib_trie.o
  CC      drivers/gpu/drm/drm_self_refresh_helper.o
  CC      drivers/scsi/scsi_pm.o
  CC      drivers/spi/spi.o
  CC      drivers/gpu/drm/drm_simple_kms_helper.o
  CC      drivers/scsi/scsi_bsg.o
  CC      drivers/gpu/drm/bridge/panel.o
  CC      drivers/scsi/scsi_common.o
  CC      drivers/scsi/sd.o
  CC      drivers/gpu/drm/drm_fbdev_generic.o
  CC      net/ipv4/fib_notifier.o
  CC      drivers/gpu/drm/drm_fb_helper.o
  CC      drivers/spi/spi-mem.o
  CC      net/ipv4/inet_fragment.o
  CC      drivers/spi/spi-qup.o
  CC      drivers/gpu/drm/drm_mipi_dsi.o
  CC      drivers/scsi/scsi_sysfs.o
  CC      net/ipv4/ping.o
  AR      drivers/spi/built-in.a
  CC      net/ipv4/ip_tunnel_core.o
  AR      drivers/gpu/drm/built-in.a
  AR      drivers/gpu/built-in.a
  CC      net/ipv4/gre_offload.o
  AR      drivers/scsi/built-in.a
  CC      drivers/spmi/spmi.o
  CC      net/devres.o
  CC      drivers/net/phy/mdio-boardinfo.o
  CC      drivers/spmi/spmi-pmic-arb.o
  CC      net/ipv4/metrics.o
  AR      drivers/firewire/built-in.a
  CC      net/ipv4/netlink.o
  CC      drivers/net/phy/stubs.o
  AR      drivers/net/pse-pd/built-in.a
  CC      net/socket.o
  AR      drivers/spmi/built-in.a
  CC      net/ipv4/nexthop.o
  AR      drivers/net/phy/built-in.a
  AR      drivers/net/mdio/built-in.a
  AR      drivers/net/pcs/built-in.a
  AR      drivers/net/ethernet/qualcomm/emac/built-in.a
  AR      drivers/net/ethernet/qualcomm/built-in.a
  AR      drivers/net/ethernet/built-in.a
  AR      drivers/net/wireless/ath/built-in.a
  AR      drivers/net/wireless/legacy/built-in.a
  AR      drivers/net/wireless/virtual/built-in.a
  AR      drivers/net/wireless/built-in.a
  CC      net/compat.o
  AR      drivers/net/usb/built-in.a
  CC      drivers/net/loopback.o
  AR      drivers/net/built-in.a
  AR      drivers/cdrom/built-in.a
  AR      drivers/auxdisplay/built-in.a
  CC      drivers/usb/common/common.o
  CC      net/ipv4/udp_tunnel_stub.o
  CC      drivers/usb/common/led.o
  CC      drivers/input/keyboard/gpio_keys.o
  CC      drivers/usb/core/usb.o
  CC      drivers/usb/common/ulpi.o
  CC      net/ipv4/sysctl_net_ipv4.o
  AR      drivers/usb/common/built-in.a
  CC      drivers/rtc/lib.o
  CC      drivers/input/keyboard/gpio_keys_polled.o
  CC      drivers/usb/core/hub.o
  CC      drivers/rtc/class.o
  AR      drivers/input/keyboard/built-in.a
  AR      drivers/input/mouse/built-in.a
  CC      net/ipv4/proc.o
  AR      drivers/input/joystick/built-in.a
  AR      drivers/input/tablet/built-in.a
  AR      drivers/input/touchscreen/built-in.a
  CC      drivers/input/misc/pm8941-pwrkey.o
  CC      drivers/rtc/interface.o
  CC      drivers/input/misc/pm8xxx-vibrator.o
  CC      drivers/rtc/nvmem.o
  CC      net/ipv4/fib_rules.o
  CC      drivers/input/misc/uinput.o
  CC      drivers/rtc/dev.o
  AR      drivers/input/misc/built-in.a
  CC      drivers/input/rmi4/rmi_bus.o
  CC      net/ipv4/ipconfig.o
  CC      drivers/rtc/proc.o
  CC      drivers/rtc/sysfs.o
  CC      drivers/input/rmi4/rmi_driver.o
  CC      drivers/usb/core/hcd.o
  CC      drivers/rtc/rtc-pm8xxx.o
  CC      net/ipv4/netfilter.o
  CC      drivers/input/rmi4/rmi_f01.o
  AR      drivers/rtc/built-in.a
  CC      drivers/usb/phy/of.o
  CC      drivers/input/rmi4/rmi_2d_sensor.o
  CC      drivers/usb/phy/phy-ulpi.o
  CC      drivers/usb/core/urb.o
  CC      net/ipv4/inet_diag.o
  CC      drivers/input/rmi4/rmi_f11.o
  CC      drivers/usb/phy/phy-ulpi-viewport.o
  CC      drivers/usb/core/message.o
  AR      drivers/usb/phy/built-in.a
  CC      net/sysctl_net.o
  CC      drivers/input/rmi4/rmi_f12.o
  CC      net/ipv4/tcp_diag.o
  CC      drivers/input/rmi4/rmi_i2c.o
  CC      drivers/i2c/algos/i2c-algo-bit.o
  CC      drivers/usb/core/driver.o
  CC      net/ipv4/tcp_cubic.o
  AR      drivers/input/rmi4/built-in.a
  CC      drivers/input/input.o
  AR      drivers/i2c/algos/built-in.a
  CC      drivers/i2c/busses/i2c-gpio.o
  CC      drivers/usb/core/config.o
  CC      net/ipv4/tcp_bpf.o
  CC      drivers/i2c/busses/i2c-qup.o
  CC      drivers/input/input-compat.o
  CC      drivers/usb/core/file.o
  CC      drivers/input/input-mt.o
  AR      drivers/i2c/busses/built-in.a
  AR      drivers/i2c/muxes/built-in.a
  CC      drivers/i2c/i2c-boardinfo.o
  CC      net/ipv4/udp_bpf.o
  CC      drivers/usb/core/buffer.o
  CC      drivers/input/input-poller.o
  CC      drivers/i2c/i2c-core-base.o
  CC      drivers/usb/core/sysfs.o
  CC      drivers/input/ff-core.o
  CC      net/ipv4/bpf_tcp_ca.o
  CC      drivers/input/touchscreen.o
  CC      drivers/usb/core/endpoint.o
  CC      drivers/input/ff-memless.o
  AR      net/ipv4/built-in.a
  AR      net/built-in.a
  CC      drivers/usb/core/devio.o
  CC      drivers/usb/dwc3/core.o
  CC      drivers/i2c/i2c-core-smbus.o
  CC      drivers/input/input-leds.o
  CC      drivers/i2c/i2c-core-slave.o
  CC      drivers/input/evdev.o
  CC      drivers/usb/dwc3/host.o
  CC      drivers/i2c/i2c-core-of.o
  CC      drivers/usb/dwc3/gadget.o
  CC      drivers/i2c/i2c-dev.o
  AR      drivers/input/built-in.a
  CC      drivers/usb/host/ehci-hcd.o
  CC      drivers/usb/core/notify.o
  CC      drivers/usb/core/generic.o
  CC      drivers/i2c/i2c-mux.o
  CC      drivers/usb/core/quirks.o
  AR      drivers/i2c/built-in.a
  CC      drivers/usb/storage/scsiglue.o
  CC      drivers/usb/core/devices.o
  CC      drivers/usb/dwc3/ep0.o
  CC      drivers/usb/core/phy.o
  CC      drivers/usb/storage/protocol.o
  CC      drivers/usb/dwc3/drd.o
  CC      drivers/usb/storage/transport.o
  CC      drivers/usb/core/port.o
  CC      drivers/usb/dwc3/ulpi.o
  CC      drivers/usb/core/of.o
  CC      drivers/usb/storage/usb.o
  CC      drivers/usb/host/ehci-platform.o
  AR      drivers/usb/core/built-in.a
  AR      drivers/usb/misc/built-in.a
  AR      drivers/i3c/built-in.a
  CC      drivers/usb/dwc3/debugfs.o
  CC      drivers/usb/host/xhci.o
  CC      drivers/usb/storage/initializers.o
  AR      drivers/media/i2c/built-in.a
  AR      drivers/media/tuners/built-in.a
  AR      drivers/media/rc/keymaps/built-in.a
  AR      drivers/media/rc/built-in.a
  AR      drivers/media/common/b2c2/built-in.a
  AR      drivers/media/common/saa7146/built-in.a
  AR      drivers/media/common/siano/built-in.a
  AR      drivers/media/common/v4l2-tpg/built-in.a
  AR      drivers/media/common/videobuf2/built-in.a
  AR      drivers/media/common/built-in.a
  AR      drivers/media/platform/allegro-dvt/built-in.a
  AR      drivers/media/platform/amlogic/meson-ge2d/built-in.a
  AR      drivers/media/platform/amlogic/built-in.a
  AR      drivers/media/platform/amphion/built-in.a
  AR      drivers/media/platform/aspeed/built-in.a
  AR      drivers/media/platform/atmel/built-in.a
  AR      drivers/media/platform/cadence/built-in.a
  AR      drivers/media/platform/chips-media/built-in.a
  AR      drivers/media/platform/intel/built-in.a
  AR      drivers/media/platform/marvell/built-in.a
  AR      drivers/media/platform/mediatek/jpeg/built-in.a
  AR      drivers/media/platform/mediatek/mdp/built-in.a
  AR      drivers/media/platform/mediatek/vcodec/common/built-in.a
  AR      drivers/media/platform/mediatek/vcodec/encoder/built-in.a
  AR      drivers/media/platform/mediatek/vcodec/decoder/built-in.a
  AR      drivers/media/platform/mediatek/vcodec/built-in.a
  AR      drivers/media/platform/mediatek/vpu/built-in.a
  AR      drivers/media/platform/mediatek/mdp3/built-in.a
  AR      drivers/media/platform/mediatek/built-in.a
  AR      drivers/media/platform/microchip/built-in.a
  AR      drivers/media/platform/nvidia/tegra-vde/built-in.a
  AR      drivers/media/platform/nvidia/built-in.a
  AR      drivers/media/platform/nxp/dw100/built-in.a
  AR      drivers/media/platform/nxp/imx-jpeg/built-in.a
  AR      drivers/media/platform/nxp/imx8-isi/built-in.a
  AR      drivers/media/platform/nxp/built-in.a
  AR      drivers/media/platform/qcom/camss/built-in.a
  AR      drivers/media/platform/qcom/venus/built-in.a
  AR      drivers/media/platform/qcom/built-in.a
  AR      drivers/media/platform/renesas/rcar-vin/built-in.a
  AR      drivers/media/platform/renesas/rzg2l-cru/built-in.a
  AR      drivers/media/platform/renesas/vsp1/built-in.a
  AR      drivers/media/platform/renesas/built-in.a
  AR      drivers/media/platform/rockchip/rga/built-in.a
  AR      drivers/media/platform/rockchip/rkisp1/built-in.a
  AR      drivers/media/platform/rockchip/built-in.a
  AR      drivers/media/platform/samsung/exynos-gsc/built-in.a
  AR      drivers/media/platform/samsung/exynos4-is/built-in.a
  AR      drivers/media/platform/samsung/s3c-camif/built-in.a
  AR      drivers/media/platform/samsung/s5p-g2d/built-in.a
  AR      drivers/media/platform/samsung/s5p-jpeg/built-in.a
  AR      drivers/media/platform/samsung/s5p-mfc/built-in.a
  AR      drivers/media/platform/samsung/built-in.a
  AR      drivers/media/platform/st/sti/bdisp/built-in.a
  AR      drivers/media/platform/st/sti/c8sectpfe/built-in.a
  CC      drivers/usb/storage/sierra_ms.o
  AR      drivers/media/platform/st/sti/delta/built-in.a
  AR      drivers/media/platform/st/sti/hva/built-in.a
  AR      drivers/media/platform/st/stm32/built-in.a
  AR      drivers/media/platform/st/built-in.a
  AR      drivers/media/platform/sunxi/sun4i-csi/built-in.a
  AR      drivers/media/platform/sunxi/sun6i-csi/built-in.a
  AR      drivers/media/platform/sunxi/sun6i-mipi-csi2/built-in.a
  AR      drivers/media/platform/sunxi/sun8i-a83t-mipi-csi2/built-in.a
  AR      drivers/media/platform/sunxi/sun8i-di/built-in.a
  AR      drivers/media/platform/sunxi/sun8i-rotate/built-in.a
  AR      drivers/media/platform/sunxi/built-in.a
  CC      drivers/usb/dwc3/dwc3-of-simple.o
  AR      drivers/media/platform/ti/am437x/built-in.a
  AR      drivers/media/platform/ti/cal/built-in.a
  AR      drivers/media/platform/ti/vpe/built-in.a
  AR      drivers/media/platform/ti/davinci/built-in.a
  AR      drivers/media/platform/ti/omap/built-in.a
  AR      drivers/media/platform/ti/omap3isp/built-in.a
  AR      drivers/media/platform/ti/built-in.a
  AR      drivers/media/platform/verisilicon/built-in.a
  AR      drivers/media/platform/via/built-in.a
  AR      drivers/media/platform/xilinx/built-in.a
  AR      drivers/media/platform/built-in.a
  AR      drivers/media/pci/ttpci/built-in.a
  AR      drivers/media/pci/b2c2/built-in.a
  AR      drivers/media/pci/pluto2/built-in.a
  AR      drivers/media/pci/dm1105/built-in.a
  AR      drivers/media/pci/pt1/built-in.a
  AR      drivers/media/pci/pt3/built-in.a
  AR      drivers/media/pci/mantis/built-in.a
  AR      drivers/media/pci/ngene/built-in.a
  AR      drivers/media/pci/ddbridge/built-in.a
  AR      drivers/media/pci/saa7146/built-in.a
  AR      drivers/media/pci/smipcie/built-in.a
  AR      drivers/media/pci/netup_unidvb/built-in.a
  AR      drivers/media/pci/intel/ipu3/built-in.a
  AR      drivers/media/pci/intel/ivsc/built-in.a
  AR      drivers/media/pci/intel/built-in.a
  AR      drivers/media/pci/built-in.a
  AR      drivers/media/usb/b2c2/built-in.a
  AR      drivers/media/usb/dvb-usb/built-in.a
  AR      drivers/media/usb/dvb-usb-v2/built-in.a
  AR      drivers/media/usb/s2255/built-in.a
  AR      drivers/media/usb/siano/built-in.a
  AR      drivers/media/usb/ttusb-budget/built-in.a
  AR      drivers/media/usb/ttusb-dec/built-in.a
  AR      drivers/media/usb/built-in.a
  AR      drivers/media/mmc/siano/built-in.a
  AR      drivers/media/mmc/built-in.a
  AR      drivers/media/firewire/built-in.a
  AR      drivers/media/spi/built-in.a
  AR      drivers/media/test-drivers/built-in.a
  AR      drivers/media/built-in.a
  CC      drivers/usb/host/xhci-mem.o
  CC      drivers/usb/storage/option_ms.o
  CC      drivers/usb/dwc3/dwc3-qcom.o
  CC      drivers/usb/storage/usual-tables.o
  AR      drivers/usb/storage/built-in.a
  CC      drivers/usb/host/xhci-ext-caps.o
  AR      drivers/usb/dwc3/built-in.a
  AR      drivers/pps/clients/built-in.a
  AR      drivers/pps/generators/built-in.a
  CC      drivers/pps/pps.o
  CC      drivers/ptp/ptp_clock.o
  CC      drivers/usb/chipidea/core.o
  CC      drivers/usb/host/xhci-ring.o
  CC      drivers/pps/kapi.o
  CC      drivers/ptp/ptp_chardev.o
  CC      drivers/pps/sysfs.o
  AR      drivers/pps/built-in.a
  CC      drivers/usb/gadget/udc/core.o
  CC      drivers/usb/chipidea/otg.o
  CC      drivers/ptp/ptp_sysfs.o
  CC      drivers/usb/chipidea/debug.o
  CC      drivers/usb/gadget/udc/trace.o
  CC      drivers/ptp/ptp_vclock.o
  AR      drivers/usb/gadget/udc/built-in.a
  CC      drivers/usb/gadget/function/f_acm.o
  CC      drivers/usb/chipidea/ulpi.o
  CC      drivers/usb/host/xhci-hub.o
  CC      drivers/ptp/ptp_kvm_arm.o
  CC      drivers/ptp/ptp_kvm_common.o
  CC      drivers/usb/gadget/function/u_serial.o
  CC      drivers/usb/chipidea/udc.o
  AR      drivers/ptp/built-in.a
  AR      drivers/usb/typec/altmodes/built-in.a
  CC      drivers/usb/typec/ucsi/ucsi.o
  CC      drivers/usb/gadget/function/f_serial.o
  CC      drivers/usb/host/xhci-dbg.o
  CC      drivers/usb/typec/ucsi/debugfs.o
  CC      drivers/usb/host/xhci-trace.o
  CC      drivers/usb/gadget/function/f_obex.o
  CC      drivers/usb/chipidea/trace.o
  CC      drivers/usb/typec/ucsi/psy.o
  CC      drivers/usb/host/xhci-debugfs.o
  CC      drivers/usb/gadget/function/u_ether.o
  CC      drivers/usb/chipidea/host.o
  AR      drivers/usb/typec/ucsi/built-in.a
  AR      drivers/usb/typec/mux/built-in.a
  CC      drivers/usb/typec/class.o
  CC      drivers/usb/host/xhci-pci-renesas.o
  CC      drivers/usb/chipidea/ci_hdrc_usb2.o
  CC      drivers/usb/gadget/function/f_ncm.o
  CC      drivers/usb/typec/mux.o
  CC      drivers/usb/host/xhci-plat.o
  CC      drivers/usb/chipidea/ci_hdrc_msm.o
  CC      drivers/usb/typec/bus.o
  CC      drivers/usb/chipidea/usbmisc_imx.o
  AR      drivers/usb/host/built-in.a
  AR      drivers/usb/gadget/legacy/built-in.a
  CC      drivers/usb/roles/class.o
  CC      drivers/usb/gadget/function/f_ecm.o
  CC      drivers/usb/typec/pd.o
  AR      drivers/usb/roles/built-in.a
  CC      drivers/power/reset/msm-poweroff.o
  CC      drivers/usb/typec/retimer.o
  CC      drivers/usb/chipidea/ci_hdrc_imx.o
  CC      drivers/power/reset/qcom-pon.o
  CC      drivers/usb/gadget/function/f_eem.o
  AR      drivers/usb/typec/built-in.a
  CC      drivers/power/supply/power_supply_core.o
  CC      drivers/power/reset/reboot-mode.o
  CC      drivers/usb/chipidea/ci_hdrc_tegra.o
  CC      drivers/power/reset/syscon-reboot-mode.o
  CC      drivers/usb/gadget/function/f_subset.o
  CC      drivers/power/supply/power_supply_sysfs.o
  AR      drivers/usb/chipidea/built-in.a
  CC      drivers/hwmon/hwmon.o
  CC      drivers/power/reset/nvmem-reboot-mode.o
  CC      drivers/power/supply/power_supply_leds.o
  CC      drivers/usb/gadget/function/f_rndis.o
  AR      drivers/power/reset/built-in.a
  CC      drivers/usb/gadget/usbstring.o
  CC      drivers/power/supply/power_supply_hwmon.o
  AR      drivers/hwmon/built-in.a
  CC      drivers/usb/gadget/config.o
  CC      drivers/usb/gadget/function/rndis.o
  AR      drivers/power/supply/built-in.a
  AR      drivers/power/built-in.a
  CC      drivers/usb/gadget/epautoconf.o
  AR      drivers/thermal/broadcom/built-in.a
  AR      drivers/thermal/samsung/built-in.a
  AR      drivers/thermal/intel/built-in.a
  AR      drivers/thermal/st/built-in.a
  CC      drivers/thermal/qcom/tsens.o
  CC      drivers/watchdog/watchdog_core.o
  CC      drivers/usb/gadget/function/f_mass_storage.o
  AR      drivers/thermal/tegra/built-in.a
  CC      drivers/thermal/qcom/tsens-v2.o
  CC      drivers/watchdog/watchdog_dev.o
  CC      drivers/md/md-linear.o
  CC      drivers/thermal/qcom/tsens-v1.o
  CC      drivers/thermal/qcom/tsens-v0_1.o
  CC      drivers/md/raid0.o
  AR      drivers/watchdog/built-in.a
  CC      drivers/usb/gadget/composite.o
  CC      drivers/thermal/qcom/tsens-8960.o
  CC      drivers/usb/gadget/function/storage_common.o
  AR      drivers/thermal/qcom/built-in.a
  AR      drivers/thermal/mediatek/built-in.a
  CC      drivers/thermal/thermal_core.o
  CC      drivers/md/raid1.o
  CC      drivers/usb/gadget/function/f_fs.o
  CC      drivers/opp/core.o
  CC      drivers/thermal/thermal_sysfs.o
  CC      drivers/thermal/thermal_trip.o
  CC      drivers/thermal/thermal_helpers.o
  CC      drivers/usb/gadget/function/f_hid.o
  CC      drivers/opp/cpu.o
  CC      drivers/thermal/thermal_hwmon.o
  CC      drivers/opp/of.o
  CC      drivers/md/raid10.o
  CC      drivers/thermal/thermal_of.o
  AR      drivers/usb/gadget/function/built-in.a
  CC      drivers/usb/gadget/functions.o
  CC      drivers/thermal/gov_step_wise.o
  CC      drivers/opp/debugfs.o
  CC      drivers/usb/gadget/configfs.o
  CC      drivers/thermal/cpufreq_cooling.o
  AR      drivers/opp/built-in.a
  CC      drivers/cpufreq/cpufreq.o
  AR      drivers/thermal/built-in.a
  CC      drivers/md/raid5.o
  CC      drivers/usb/gadget/u_f.o
  AR      drivers/usb/gadget/built-in.a
  AR      drivers/usb/built-in.a
  CC      drivers/cpufreq/freq_table.o
  CC      drivers/md/raid5-cache.o
  CC      drivers/cpufreq/cpufreq_stats.o
  CC      drivers/cpuidle/governors/menu.o
  CC      drivers/cpufreq/cpufreq_performance.o
  AR      drivers/cpuidle/governors/built-in.a
  CC      drivers/cpuidle/cpuidle.o
  CC      drivers/cpufreq/cpufreq_governor.o
  CC      drivers/cpufreq/cpufreq_governor_attr_set.o
  CC      drivers/cpuidle/driver.o
  CC      drivers/cpufreq/cpufreq-dt.o
  CC      drivers/mmc/core/core.o
  CC      drivers/cpuidle/governor.o
  CC      drivers/cpuidle/sysfs.o
  CC      drivers/cpufreq/cpufreq-dt-platdev.o
  AR      drivers/cpufreq/built-in.a
  CC      drivers/md/raid5-ppl.o
  CC      drivers/cpuidle/dt_idle_states.o
  CC      drivers/mmc/core/bus.o
  CC      drivers/cpuidle/dt_idle_genpd.o
  CC      drivers/mmc/core/host.o
  CC      drivers/cpuidle/cpuidle-psci.o
  CC      drivers/mmc/host/sdhci.o
  CC      drivers/cpuidle/cpuidle-psci-domain.o
  CC      drivers/md/md.o
  CC      drivers/mmc/core/mmc.o
  AR      drivers/cpuidle/built-in.a
  CC      drivers/mmc/host/sdhci-pltfm.o
  CC      drivers/md/md-bitmap.o
  CC      drivers/mmc/core/mmc_ops.o
  CC      drivers/mmc/core/sd.o
  CC      drivers/mmc/host/sdhci-msm.o
  AR      drivers/ufs/built-in.a
  CC      drivers/mmc/core/sd_ops.o
  CC      drivers/mmc/host/cqhci-core.o
  CC      drivers/mmc/core/sdio.o
  CC      drivers/md/md-autodetect.o
  CC      drivers/mmc/core/sdio_ops.o
  CC      drivers/leds/trigger/ledtrig-timer.o
  AR      drivers/mmc/host/built-in.a
  AR      drivers/leds/blink/built-in.a
  CC      drivers/leds/trigger/ledtrig-heartbeat.o
  CC      drivers/md/dm.o
  CC      drivers/leds/trigger/ledtrig-cpu.o
  CC      drivers/mmc/core/sdio_bus.o
  CC      drivers/leds/trigger/ledtrig-default-on.o
  CC      drivers/mmc/core/sdio_cis.o
  CC      drivers/leds/trigger/ledtrig-panic.o
  AR      drivers/firmware/arm_ffa/built-in.a
  AR      drivers/firmware/arm_scmi/built-in.a
  AR      drivers/firmware/broadcom/built-in.a
  AR      drivers/firmware/cirrus/built-in.a
  AR      drivers/firmware/meson/built-in.a
  AR      drivers/firmware/efi/built-in.a
  AR      drivers/firmware/imx/built-in.a
  CC      drivers/firmware/psci/psci.o
  AR      drivers/leds/trigger/built-in.a
  AR      drivers/leds/simple/built-in.a
  CC      drivers/leds/led-core.o
  CC      drivers/mmc/core/sdio_io.o
  CC      drivers/md/dm-table.o
  CC      drivers/leds/led-class.o
  AR      drivers/firmware/psci/built-in.a
  CC      drivers/firmware/smccc/smccc.o
  CC      drivers/mmc/core/sdio_irq.o
  CC      drivers/firmware/smccc/kvm_guest.o
  CC      drivers/leds/led-triggers.o
  CC      drivers/firmware/smccc/soc_id.o
  CC      drivers/mmc/core/slot-gpio.o
  AR      drivers/firmware/smccc/built-in.a
  AR      drivers/firmware/tegra/built-in.a
  AR      drivers/firmware/xilinx/built-in.a
  CC      drivers/firmware/qcom_scm.o
  CC      drivers/md/dm-target.o
  AR      drivers/leds/built-in.a
  CC      drivers/firmware/qcom_scm-smc.o
  CC      drivers/mmc/core/regulator.o
  AR      drivers/crypto/stm32/built-in.a
  AR      drivers/crypto/xilinx/built-in.a
  AR      drivers/crypto/hisilicon/built-in.a
  AR      drivers/crypto/intel/keembay/built-in.a
  AR      drivers/crypto/intel/ixp4xx/built-in.a
  CC      drivers/md/dm-linear.o
  AR      drivers/crypto/intel/built-in.a
  AR      drivers/crypto/starfive/built-in.a
  CC      drivers/crypto/qcom-rng.o
  CC      drivers/firmware/qcom_scm-legacy.o
  CC      drivers/mmc/core/pwrseq.o
  AR      drivers/crypto/built-in.a
  CC      drivers/md/dm-stripe.o
  CC      drivers/mmc/core/debugfs.o
  AR      drivers/firmware/built-in.a
  CC      drivers/md/dm-ioctl.o
  CC      drivers/clocksource/timer-of.o
  CC      drivers/mmc/core/pwrseq_simple.o
  CC      drivers/clocksource/timer-probe.o
  CC      drivers/hid/usbhid/hid-core.o
  CC      drivers/clocksource/arm_arch_timer.o
  CC      drivers/mmc/core/pwrseq_emmc.o
  CC      drivers/md/dm-io.o
  CC      drivers/mmc/core/block.o
  AR      drivers/hid/usbhid/built-in.a
  CC      drivers/hid/hid-core.o
  CC      drivers/clocksource/dummy_timer.o
  CC      drivers/md/dm-kcopyd.o
  AR      drivers/clocksource/built-in.a
  CC      drivers/of/base.o
  CC      drivers/md/dm-sysfs.o
  CC      drivers/mmc/core/queue.o
  CC      drivers/of/cpu.o
  CC      drivers/hid/hid-input.o
  CC      drivers/md/dm-stats.o
  AR      drivers/mmc/core/built-in.a
  AR      drivers/mmc/built-in.a
  CC      drivers/md/dm-rq.o
  CC      drivers/of/device.o
  CC      drivers/of/module.o
  CC      drivers/hid/hid-quirks.o
  CC      drivers/md/dm-io-rewind.o
  CC      drivers/of/platform.o
  AR      drivers/platform/built-in.a
  CC      drivers/md/dm-builtin.o
  CC      drivers/hid/hid-debug.o
  CC      drivers/of/property.o
  CC      drivers/mailbox/mailbox.o
  AR      drivers/md/built-in.a
  CC      drivers/hid/hid-generic.o
  CC      drivers/of/kobj.o
  CC      drivers/mailbox/qcom-apcs-ipc-mailbox.o
  CC      drivers/hid/hid-a4tech.o
  CC      drivers/hwspinlock/hwspinlock_core.o
  CC      drivers/of/dynamic.o
  AR      drivers/mailbox/built-in.a
  CC      drivers/hid/hid-apple.o
  CC      drivers/hwspinlock/qcom_hwspinlock.o
  CC      drivers/of/fdt.o
  CC      drivers/remoteproc/remoteproc_core.o
  AR      drivers/hwspinlock/built-in.a
  CC      drivers/hid/hid-belkin.o
  CC      drivers/of/fdt_address.o
  CC      drivers/hid/hid-cherry.o
  CC      drivers/rpmsg/rpmsg_core.o
  CC      drivers/of/address.o
  CC      drivers/remoteproc/remoteproc_coredump.o
  CC      drivers/hid/hid-chicony.o
  CC      drivers/rpmsg/rpmsg_char.o
  CC      drivers/of/irq.o
  CC      drivers/remoteproc/remoteproc_debugfs.o
  CC      drivers/hid/hid-cypress.o
  CC      drivers/rpmsg/rpmsg_ctrl.o
  CC      drivers/remoteproc/remoteproc_sysfs.o
  CC      drivers/of/of_reserved_mem.o
  CC      drivers/hid/hid-ezkey.o
  CC      drivers/rpmsg/rpmsg_ns.o
  CC      drivers/remoteproc/remoteproc_virtio.o
  CC      drivers/rpmsg/qcom_glink_native.o
  CC      drivers/of/resolver.o
  CC      drivers/hid/hid-ite.o
  CC      drivers/remoteproc/remoteproc_elf_loader.o
  CC      drivers/of/overlay.o
  CC      drivers/hid/hid-kensington.o
  CC      drivers/rpmsg/qcom_glink_ssr.o
  AR      drivers/remoteproc/built-in.a
  CC      drivers/devfreq/devfreq.o
  CC      drivers/hid/hid-lg.o
  AR      drivers/of/built-in.a
  CC      drivers/devfreq/governor_simpleondemand.o
  CC      drivers/rpmsg/qcom_glink_rpm.o
  CC      drivers/hid/hid-lg-g15.o
  CC      drivers/rpmsg/qcom_glink_smem.o
  CC      drivers/devfreq/governor_performance.o
  CC      drivers/extcon/extcon.o
  CC      drivers/rpmsg/qcom_smd.o
  CC      drivers/devfreq/governor_powersave.o
  CC      drivers/hid/hid-microsoft.o
  CC      drivers/devfreq/governor_userspace.o
  CC      drivers/extcon/devres.o
  CC      drivers/devfreq/governor_passive.o
  CC      drivers/hid/hid-monterey.o
  AR      drivers/rpmsg/built-in.a
  CC      drivers/extcon/extcon-gpio.o
  CC      drivers/hid/hid-redragon.o
  AR      drivers/devfreq/built-in.a
  CC      drivers/extcon/extcon-sm5502.o
  AR      drivers/memory/built-in.a
  CC      drivers/extcon/extcon-usb-gpio.o
  CC      drivers/perf/arm_pmu.o
  AR      drivers/hid/built-in.a
  CC      drivers/ras/ras.o
  CC      drivers/perf/arm_pmu_platform.o
  AR      drivers/extcon/built-in.a
  CC      drivers/ras/debugfs.o
  CC      drivers/perf/arm_pmuv3.o
  AR      drivers/hwtracing/intel_th/built-in.a
  CC      drivers/android/binderfs.o
  AR      drivers/ras/built-in.a
  AR      drivers/nvmem/layouts/built-in.a
  CC      drivers/nvmem/core.o
  CC      drivers/android/binder.o
  AR      drivers/perf/built-in.a
  CC      drivers/nvmem/qfprom.o
  CC      drivers/gnss/core.o
  CC      drivers/android/binder_alloc.o
  AR      drivers/gnss/built-in.a
  CC      drivers/interconnect/qcom/icc-common.o
  AR      drivers/nvmem/built-in.a
  AR      drivers/accel/built-in.a
  CC      drivers/interconnect/core.o
  CC      drivers/interconnect/qcom/sdm660.o
  CC      drivers/interconnect/qcom/smd-rpm.o
  CC      drivers/interconnect/qcom/icc-rpm.o
  CC      drivers/interconnect/qcom/icc-rpm-clocks.o
  CC      drivers/interconnect/bulk.o
  CC      drivers/interconnect/debugfs-client.o
  AR      drivers/interconnect/qcom/built-in.a
  AR      drivers/interconnect/built-in.a
  AR      drivers/android/built-in.a
  AR      drivers/built-in.a
  AR      built-in.a
  AR      vmlinux.a
  LD      vmlinux.o
  OBJCOPY modules.builtin.modinfo
  GEN     modules.builtin
  MODPOST vmlinux.symvers
  CC      .vmlinux.export.o
  UPD     include/generated/utsversion.h
  CC      init/version-timestamp.o
  LD      .tmp_vmlinux.kallsyms1
  NM      .tmp_vmlinux.kallsyms1.syms
  KSYMS   .tmp_vmlinux.kallsyms1.S
  AS      .tmp_vmlinux.kallsyms1.S
  LD      .tmp_vmlinux.kallsyms2
  NM      .tmp_vmlinux.kallsyms2.syms
  KSYMS   .tmp_vmlinux.kallsyms2.S
  AS      .tmp_vmlinux.kallsyms2.S
  LD      vmlinux
  NM      System.map
  SORTTAB vmlinux
  OBJCOPY arch/arm64/boot/Image
  GZIP    arch/arm64/boot/Image.gz
make[1]: Leaving directory '/home/runner/work/wayne-hyperos4/wayne-hyperos4/sources/kernel-6.6-probe/out'
make: Leaving directory '/home/runner/work/wayne-hyperos4/wayne-hyperos4/sources/kernel-6.6-probe'
{
  "finished_utc": "2026-10-09T14:38:22.135545+00:00",
  "source_commit": "6a4e475000ecc7e864911959a1984a0664088464",
  "repository": "https://github.com/sdm660-mainline/linux.git",
  "kernel_release": "6.6.9-sdm660+",
  "compiled": true,
  "android_config_prerequisites_verified": [
    "ANDROID_BINDER_IPC",
    "ANDROID_BINDERFS",
    "SECURITY_SELINUX",
    "FS_ENCRYPTION",
    "EXT4_FS",
    "EROFS_FS",
    "DEVTMPFS",
    "BLK_DEV_INITRD",
    "COMPAT"
  ],
  "dtb_compatible": "xiaomi,wayne qcom,sdm660",
  "hardware_tested": false,
  "android_vendor_abi_verified": false,
  "bootable_verified": false,
  "flashable_boot_created": false,
  "partition_table_modified": false,
  "modules_built": false,
  "limitations": [
    "jasmine hardware inherited; board differences unverified",
    "downstream KGSL/ION/camera/audio ABI compatibility unverified",
    "early modules and firmware loading not integrated",
    "Android boot packaging and VINTF kernel compatibility unverified"
  ],
  "outputs": [
    {
      "path": "out/.config",
      "sha256": "3c336a514df9d4aa9a4531e0f0eb5db82179d1a0c9aaff25158ad35b1227b090",
      "size": 186207
    },
    {
      "path": "out/arch/arm64/boot/Image.gz",
      "sha256": "ae32686eef6dbf2b44ae2cfc74a505e7cf7024dfc8857eeaf9558f6edaa72b4d",
      "size": 8261631
    },
    {
      "path": "out/arch/arm64/boot/dts/qcom/sdm660-xiaomi-wayne.dtb",
      "sha256": "a13b5e4755921612c307009294a2899c6d95d1f3674713a656faaca5e6485dcd",
      "size": 49676
    }
  ]
}
