{"payload_files": 5, "tar": "/home/runner/work/wayne-hyperos4/wayne-hyperos4/artifacts/experimental/static/system-overlay.tar"}
mkfs.erofs 1.8.6-g3689cbc2
Processing . ...
Processing adb_keys ...
Processing apex ...
Processing bin ...
Processing bootstrap-apex ...
Processing bugreports ...
Processing cache ...
Processing config ...
Processing cust ...
Processing d ...
Processing data ...
Processing data_mirror ...
Processing debug_ramdisk ...
Processing dev ...
Processing dsp ...
Processing etc ...
Processing firmware ...
Processing init ...
Processing init.environ.rc ...
Processing linkerconfig ...
Processing lost+found ...
Processing metadata ...
Processing mi_ext ...
Processing mi_product ...
Processing mnt ...
Processing odm ...
Processing odm_dlkm ...
Processing oem ...
Processing opconfig ...
Processing opcust ...
Processing persist ...
Processing postinstall ...
Processing proc ...
Processing product ...
Processing sdcard ...
Processing second_stage_resources ...
Processing storage ...
Processing sys ...
Processing system ...
Processing system_dlkm ...
Processing system_ext ...
Processing tmp ...
Processing vendor ...
Processing vendor_dlkm ...
Processing mi_ext/etc ...
Processing mi_ext/product ...
Processing mi_ext/system ...
Processing mi_ext/system_ext ...
Processing mi_ext/etc/NOTICE.xml.gz ...
Processing mi_ext/etc/build.prop ...
Processing mi_ext/etc/init ...
Processing mi_ext/etc/private ...
Processing mi_ext/etc/init/clinetid_rsa_terr_gio3_1234.rc ...
Processing mi_ext/etc/init/init.miui.mi_ext.rc ...
Processing mi_ext/etc/private/build.prop ...
Processing mi_ext/system/app ...
Processing mi_ext/system/etc ...
Processing mi_ext/system/framework ...
Processing mi_ext/system/priv-app ...
Processing mi_ext/system/etc/permissions ...
Processing mi_ext/system/etc/sysconfig ...
Processing mi_ext/system/etc/permissions/privapp-permissions-system-miext.xml ...
Processing mi_ext/system/priv-app/SystemHelper ...
Processing mi_ext/system/priv-app/com.mobiletools.systemhelper ...
Processing mi_ext/system/priv-app/SystemHelper/SystemHelper.apk ...
Processing mi_ext/system/priv-app/com.mobiletools.systemhelper/com.mobiletools.systemhelper.apk ...
Processing mi_ext/system_ext/etc ...
Processing mi_ext/system_ext/etc/permissions ...
Processing mi_product/etc ...
Processing mi_product/product ...
Processing mi_product/etc/build.prop ...
Processing mi_product/product/app ...
Processing mi_product/product/bin ...
Processing mi_product/product/data-app ...
Processing mi_product/product/etc ...
Processing mi_product/product/framework ...
Processing mi_product/product/lib ...
Processing mi_product/product/lib64 ...
Processing mi_product/product/media ...
Processing mi_product/product/opcust ...
Processing mi_product/product/overlay ...
Processing mi_product/product/pangu ...
Processing mi_product/product/priv-app ...
Processing mi_product/product/usr ...
Processing mi_product/product/pangu/system ...
Processing mi_product/product/pangu/system/app ...
Processing mi_product/product/pangu/system/etc ...
Processing mi_product/product/pangu/system/framework ...
Processing mi_product/product/pangu/system/priv-app ...
Processing mi_product/product/pangu/system/etc/permissions ...
Processing odm/apex ...
Processing odm/app ...
Processing odm/bin ...
Processing odm/etc ...
Processing odm/firmware ...
Processing odm/framework ...
Processing odm/lib ...
Processing odm/lib64 ...
Processing odm/overlay ...
Processing odm/priv-app ...
Processing odm/usr ...
Processing odm_dlkm/etc ...
Processing product/app ...
Processing product/bin ...
Processing product/data-app ...
Processing product/etc ...
Processing product/fonts ...
Processing product/framework ...
Processing product/lib ...
Processing product/lib64 ...
Processing product/media ...
Processing product/opcust ...
Processing product/overlay ...
Processing product/pangu ...
Processing product/priv-app ...
Processing product/usr ...
Processing product/app/Camelot ...
Processing product/app/ConferenceDialer ...
Processing product/app/ContentCatcherOS4 ...
Processing product/app/DeviceInfoQR ...
Processing product/app/EidService ...
Processing product/app/GoogleExtShared ...
Processing product/app/GoogleLocationHistory ...
Processing product/app/GooglePrintRecommendationService ...
Processing product/app/LyraSdkSpp ...
Processing product/app/MIUICloudService ...
Processing product/app/MIUIFileExplorer ...
Processing product/app/MIUIGuardProvider ...
Processing product/app/MIUIMiCloudSync ...
Processing product/app/MIUINotificationCenter ...
Processing product/app/MIUIScreenshot ...
Processing product/app/MIUISecurityAdd ...
Processing product/app/MIUISystemUIPlugin ...
Processing product/app/MIUIThemeManager ...
Processing product/app/MIUITouchAssistant ...
Processing product/app/MIUIXiaomiAccount ...
Processing product/app/MiWallpaper ...
Processing product/app/MiuiCit ...
Processing product/app/MiuixEditor ...
Processing product/app/ModuleMetadata ...
Processing product/app/Recorder ...
Processing product/app/SecurityCoreAdd ...
Processing product/app/SecurityOnetrackService ...
Processing product/app/Updater ...
Processing product/app/WMService ...
Processing product/app/WebViewGoogle64 ...
Processing product/app/XMSFKeeperCN ...
Processing product/app/XiaomiSimActivateServiceCn ...
Processing product/app/XmsCore ...
Processing product/app/mi_connect_service ...
Processing product/app/remoteSimLockAuthentication ...
Processing product/app/remotesimlockservice ...
Processing product/app/split-XiaomiServiceFrameworkCN ...
Processing product/app/uimgbaservice ...
Processing product/app/uimremoteclient ...
Processing product/app/uimremoteserver ...
Processing product/app/Camelot/Camelot.apk ...
Processing product/app/Camelot/oat ...
Processing product/app/Camelot/oat/arm64 ...
Processing product/app/ConferenceDialer/ConferenceDialer.apk ...
Processing product/app/ConferenceDialer/oat ...
Processing product/app/ConferenceDialer/oat/arm64 ...
Processing product/app/ContentCatcherOS4/ContentCatcherOS4.apk ...
Processing product/app/ContentCatcherOS4/oat ...
Processing product/app/ContentCatcherOS4/oat/arm64 ...
Processing product/app/DeviceInfoQR/DeviceInfoQR.apk ...
Processing product/app/EidService/EidService.apk ...
Processing product/app/EidService/oat ...
Processing product/app/EidService/oat/arm64 ...
Processing product/app/GoogleExtShared/GoogleExtShared.apk ...
Processing product/app/GoogleExtShared/oat ...
Processing product/app/GoogleExtShared/oat/arm64 ...
Processing product/app/GoogleLocationHistory/GoogleLocationHistory.apk ...
Processing product/app/GoogleLocationHistory/oat ...
Processing product/app/GoogleLocationHistory/oat/arm64 ...
Processing product/app/GooglePrintRecommendationService/GooglePrintRecommendationService.apk ...
Processing product/app/GooglePrintRecommendationService/oat ...
Processing product/app/GooglePrintRecommendationService/oat/arm64 ...
Processing product/app/LyraSdkSpp/LyraSdkSpp.apk ...
Processing product/app/LyraSdkSpp/oat ...
Processing product/app/LyraSdkSpp/oat/arm ...
Processing product/app/LyraSdkSpp/oat/arm64 ...
Processing product/app/MIUICloudService/MIUICloudService.apk ...
Processing product/app/MIUICloudService/oat ...
Processing product/app/MIUICloudService/oat/arm64 ...
Processing product/app/MIUIFileExplorer/MIUIFileExplorer.apk ...
Processing product/app/MIUIGuardProvider/MIUIGuardProvider.apk ...
Processing product/app/MIUIMiCloudSync/MIUIMiCloudSync.apk ...
Processing product/app/MIUIMiCloudSync/oat ...
Processing product/app/MIUIMiCloudSync/oat/arm64 ...
Processing product/app/MIUINotificationCenter/MIUINotificationCenter.apk ...
Processing product/app/MIUINotificationCenter/oat ...
Processing product/app/MIUINotificationCenter/oat/arm64 ...
Processing product/app/MIUIScreenshot/MIUIScreenshot.apk ...
Processing product/app/MIUIScreenshot/oat ...
Processing product/app/MIUIScreenshot/oat/arm64 ...
Processing product/app/MIUISecurityAdd/MIUISecurityAdd.apk ...
Processing product/app/MIUISystemUIPlugin/MIUISystemUIPlugin.apk ...
Processing product/app/MIUISystemUIPlugin/oat ...
Processing product/app/MIUISystemUIPlugin/oat/arm64 ...
Processing product/app/MIUIThemeManager/MIUIThemeManager.apk ...
Processing product/app/MIUIThemeManager/oat ...
Processing product/app/MIUIThemeManager/oat/arm64 ...
Processing product/app/MIUITouchAssistant/MIUITouchAssistant.apk ...
Processing product/app/MIUITouchAssistant/oat ...
Processing product/app/MIUITouchAssistant/oat/arm64 ...
Processing product/app/MIUIXiaomiAccount/MIUIXiaomiAccount.apk ...
Processing product/app/MIUIXiaomiAccount/oat ...
Processing product/app/MIUIXiaomiAccount/oat/arm64 ...
Processing product/app/MiWallpaper/MiWallpaper.apk ...
Processing product/app/MiWallpaper/oat ...
Processing product/app/MiWallpaper/oat/arm64 ...
Processing product/app/MiuiCit/MiuiCit.apk ...
Processing product/app/MiuixEditor/MiuixEditor.apk ...
Processing product/app/MiuixEditor/oat ...
Processing product/app/MiuixEditor/oat/arm64 ...
Processing product/app/ModuleMetadata/ModuleMetadata.apk ...
Processing product/app/Recorder/Recorder.apk ...
Processing product/app/Recorder/oat ...
Processing product/app/Recorder/oat/arm64 ...
Processing product/app/SecurityCoreAdd/SecurityCoreAdd.apk ...
Processing product/app/SecurityCoreAdd/oat ...
Processing product/app/SecurityCoreAdd/oat/arm64 ...
Processing product/app/SecurityOnetrackService/SecurityOnetrackService.apk ...
Processing product/app/SecurityOnetrackService/oat ...
Processing product/app/SecurityOnetrackService/oat/arm64 ...
Processing product/app/Updater/Updater.apk ...
Processing product/app/Updater/oat ...
Processing product/app/Updater/oat/arm64 ...
Processing product/app/WMService/WMService.apk ...
Processing product/app/WMService/oat ...
Processing product/app/WMService/oat/arm64 ...
Processing product/app/WebViewGoogle64/WebViewGoogle64.apk ...
Processing product/app/XMSFKeeperCN/XMSFKeeperCN.apk ...
Processing product/app/XMSFKeeperCN/oat ...
Processing product/app/XMSFKeeperCN/oat/arm64 ...
Processing product/app/XiaomiSimActivateServiceCn/XiaomiSimActivateServiceCn.apk ...
Processing product/app/XiaomiSimActivateServiceCn/oat ...
Processing product/app/XiaomiSimActivateServiceCn/oat/arm64 ...
Processing product/app/XmsCore/XmsCore.apk ...
Processing product/app/XmsCore/oat ...
Processing product/app/XmsCore/oat/arm64 ...
Processing product/app/mi_connect_service/mi_connect_service.apk ...
Processing product/app/mi_connect_service/oat ...
Processing product/app/mi_connect_service/oat/arm64 ...
Processing product/app/remoteSimLockAuthentication/remoteSimLockAuthentication.apk ...
Processing product/app/remotesimlockservice/oat ...
Processing product/app/remotesimlockservice/remotesimlockservice.apk ...
Processing product/app/remotesimlockservice/oat/arm64 ...
Processing product/app/split-XiaomiServiceFrameworkCN/auth-master.apk ...
Processing product/app/split-XiaomiServiceFrameworkCN/auth-xxhdpi.apk ...
Processing product/app/split-XiaomiServiceFrameworkCN/oauth-master.apk ...
Processing product/app/split-XiaomiServiceFrameworkCN/oauth-xxhdpi.apk ...
Processing product/app/split-XiaomiServiceFrameworkCN/pay-arm64_v8a.apk ...
Processing product/app/split-XiaomiServiceFrameworkCN/pay-master.apk ...
Processing product/app/split-XiaomiServiceFrameworkCN/pay-xxhdpi.apk ...
Processing product/app/split-XiaomiServiceFrameworkCN/prefetch-master.apk ...
Processing product/app/split-XiaomiServiceFrameworkCN/prefetch-xxhdpi.apk ...
Processing product/app/split-XiaomiServiceFrameworkCN/screen_recorder-master.apk ...
Processing product/app/split-XiaomiServiceFrameworkCN/screen_recorder-xxhdpi.apk ...
Processing product/app/split-XiaomiServiceFrameworkCN/split-XiaomiServiceFrameworkCN-arm64_v8a.apk ...
Processing product/app/split-XiaomiServiceFrameworkCN/split-XiaomiServiceFrameworkCN-master.apk ...
Processing product/app/split-XiaomiServiceFrameworkCN/split-XiaomiServiceFrameworkCN-xxhdpi.apk ...
Processing product/app/split-XiaomiServiceFrameworkCN/uninstall_relogin-master.apk ...
Processing product/app/split-XiaomiServiceFrameworkCN/uninstall_relogin-xxhdpi.apk ...
Processing product/app/uimgbaservice/oat ...
Processing product/app/uimgbaservice/uimgbaservice.apk ...
Processing product/app/uimgbaservice/oat/arm64 ...
Processing product/app/uimremoteclient/oat ...
Processing product/app/uimremoteclient/uimremoteclient.apk ...
Processing product/app/uimremoteclient/oat/arm64 ...
Processing product/app/uimremoteserver/oat ...
Processing product/app/uimremoteserver/uimremoteserver.apk ...
Processing product/app/uimremoteserver/oat/arm64 ...
Processing product/bin/init.qti.display.sh ...
Processing product/bin/vendor.qti.qvirt-service ...
Processing product/bin/vendor.qti.qvirt-service_rs ...
Processing product/data-app/MIUICalculator ...
Processing product/data-app/MIUIDeskClock ...
Processing product/data-app/MIUISecurityManager ...
Processing product/data-app/MIUIThemeStore ...
Processing product/data-app/MIUIWeather ...
Processing product/data-app/Via ...
Processing product/data-app/MIUICalculator/MIUICalculator.apk ...
Processing product/data-app/MIUIDeskClock/MIUIDeskClock.apk ...
Processing product/data-app/MIUISecurityManager/MIUISecurityManager.apk ...
Processing product/data-app/MIUIThemeStore/MIUIThemeStore.apk ...
Processing product/data-app/MIUIWeather/MIUIWeather.apk ...
Processing product/data-app/Via/Via.apk ...
Processing product/etc/NOTICE.xml.gz ...
Processing product/etc/aconfig ...
Processing product/etc/aconfig_flags.pb ...
Processing product/etc/alr_shaders ...
Processing product/etc/android_dm_table_a ...
Processing product/etc/android_dm_table_b ...
Processing product/etc/anim.png ...
Processing product/etc/apns-conf.xml ...
Processing product/etc/audio_thread_sched.xml ...
Processing product/etc/auto-install.json ...
Processing product/etc/autoui_list.xml ...
Processing product/etc/build.prop ...
Processing product/etc/build_flags.json ...
Processing product/etc/cust_features ...
Processing product/etc/damon.xml ...
Processing product/etc/data_741236.bin ...
Processing product/etc/data_741236_debug.bin ...
Processing product/etc/data_741237.bin ...
Processing product/etc/data_741237_debug.bin ...
Processing product/etc/data_741238.bin ...
Processing product/etc/data_741238_debug.bin ...
Processing product/etc/default-permissions ...
Processing product/etc/device_features ...
Processing product/etc/displayconfig ...
Processing product/etc/eccdata ...
Processing product/etc/embedded_rules_list_projection.xml ...
Processing product/etc/env.exr ...
Processing product/etc/fiveG-apns-conf.xml ...
Processing product/etc/fixed_orientation_list_projection.xml ...
Processing product/etc/fs_config_dirs ...
Processing product/etc/fs_config_files ...
Processing product/etc/generic_rules_list_projection.xml ...
Processing product/etc/group ...
Processing product/etc/init ...
Processing product/etc/linker.config.pb ...
Processing product/etc/local_adaptive_app_list.xml ...
Processing product/etc/lut ...
Processing product/etc/mi_fonts_customization.xml ...
Processing product/etc/mife_shaders ...
Processing product/etc/mife_vk_shaders ...
Processing product/etc/mirim_policy ...
Processing product/etc/misans_variable_fonts.xml ...
Processing product/etc/misr_shaders ...
Processing product/etc/misr_vk_shaders ...
Processing product/etc/miui-spn-conf.xml ...
Processing product/etc/miuibooster ...
Processing product/etc/miuix_astc.spv ...
Processing product/etc/mivk_shaders ...
Processing product/etc/mspc.default.json ...
Processing product/etc/multisence.xml ...
Processing product/etc/normal.exr ...
Processing product/etc/opconfig_version.txt ...
Processing product/etc/particle.exr ...
Processing product/etc/passwd ...
Processing product/etc/permissions ...
Processing product/etc/pipeline_infos ...
Processing product/etc/precust_theme ...
Processing product/etc/preferred-apps ...
Processing product/etc/public.libraries-qti.txt ...
Processing product/etc/removable_apk_info.xml ...
Processing product/etc/security ...
Processing product/etc/selinux ...
Processing product/etc/shader.bin ...
Processing product/etc/smart-modem-schedule-config.xml ...
Processing product/etc/smart-network-recovery-policy-config.xml ...
Processing product/etc/smart-network-schedule-config.xml ...
Processing product/etc/smart_cache.xml ...
Processing product/etc/spn-conf.xml ...
Processing product/etc/sysconfig ...
Processing product/etc/vendor_miui.xml ...
Processing product/etc/vintf ...
Processing product/etc/aconfig/flag.info ...
Processing product/etc/aconfig/flag.map ...
Processing product/etc/aconfig/flag.val ...
Processing product/etc/aconfig/package.map ...
Processing product/etc/alr_shaders/starrail ...
Processing product/etc/alr_shaders/starrail/cs ...
Processing product/etc/alr_shaders/starrail/preCs ...
Processing product/etc/alr_shaders/starrail/rp ...
Processing product/etc/alr_shaders/starrail/vlb ...
Processing product/etc/alr_shaders/starrail/cs/jizuo_begin.spv ...
Processing product/etc/alr_shaders/starrail/cs/jizuo_main.spv ...
Processing product/etc/alr_shaders/starrail/cs/zhukong_begin.spv ...
Processing product/etc/alr_shaders/starrail/cs/zhukong_main.spv ...
Processing product/etc/alr_shaders/starrail/preCs/zhukong_pre.spv ...
Processing product/etc/alr_shaders/starrail/rp/zhukong_end.spv ...
Processing product/etc/alr_shaders/starrail/rp/zhukong_main.spv ...
Processing product/etc/alr_shaders/starrail/vlb/guangchang_guangban.spv ...
Processing product/etc/alr_shaders/starrail/vlb/guangchang_guangyun.spv ...
Processing product/etc/alr_shaders/starrail/vlb/guangchang_juguangdeng1.spv ...
Processing product/etc/alr_shaders/starrail/vlb/guangchang_juguangdeng2.spv ...
Processing product/etc/cust_features/be ...
Processing product/etc/cust_features/bg ...
Processing product/etc/cust_features/cn ...
Processing product/etc/cust_features/cust_features.xml ...
Processing product/etc/cust_features/cust_sim_features.xml ...
Processing product/etc/cust_features/cz ...
Processing product/etc/cust_features/de ...
Processing product/etc/cust_features/device_features.xml ...
Processing product/etc/cust_features/es ...
Processing product/etc/cust_features/fr ...
Processing product/etc/cust_features/gr ...
Processing product/etc/cust_features/hk ...
Processing product/etc/cust_features/id ...
Processing product/etc/cust_features/in ...
Processing product/etc/cust_features/it ...
Processing product/etc/cust_features/jp ...
Processing product/etc/cust_features/kr ...
Processing product/etc/cust_features/kz ...
Processing product/etc/cust_features/mx ...
Processing product/etc/cust_features/pl ...
Processing product/etc/cust_features/pt ...
Processing product/etc/cust_features/ro ...
Processing product/etc/cust_features/ru ...
Processing product/etc/cust_features/sg ...
Processing product/etc/cust_features/tw ...
Processing product/etc/cust_features/za ...
Processing product/etc/cust_features/be/cust_features.xml ...
Processing product/etc/cust_features/bg/cust_features.xml ...
Processing product/etc/cust_features/cn/cust_features.xml ...
Processing product/etc/cust_features/cz/cust_features.xml ...
Processing product/etc/cust_features/de/cust_features.xml ...
Processing product/etc/cust_features/es/cust_features.xml ...
Processing product/etc/cust_features/fr/cust_features.xml ...
Processing product/etc/cust_features/gr/cust_features.xml ...
Processing product/etc/cust_features/hk/cust_features.xml ...
Processing product/etc/cust_features/id/cust_features.xml ...
Processing product/etc/cust_features/in/cust_features.xml ...
Processing product/etc/cust_features/it/cust_features.xml ...
Processing product/etc/cust_features/jp/cust_features.xml ...
Processing product/etc/cust_features/kr/cust_features.xml ...
Processing product/etc/cust_features/kz/cust_features.xml ...
Processing product/etc/cust_features/mx/cust_features.xml ...
Processing product/etc/cust_features/pl/cust_features.xml ...
Processing product/etc/cust_features/pt/cust_features.xml ...
Processing product/etc/cust_features/ro/cust_features.xml ...
Processing product/etc/cust_features/ru/cust_features.xml ...
Processing product/etc/cust_features/sg/cust_features.xml ...
Processing product/etc/cust_features/tw/cust_features.xml ...
Processing product/etc/cust_features/za/cust_features.xml ...
Processing product/etc/default-permissions/default-permissions-google-cn.xml ...
Processing product/etc/device_features/Mi8937.xml ...
Processing product/etc/device_features/land.xml ...
Processing product/etc/device_features/riva.xml ...
Processing product/etc/device_features/rolex.xml ...
Processing product/etc/device_features/santoni.xml ...
Processing product/etc/device_features/ugg.xml ...
Processing product/etc/device_features/ugglite.xml ...
Processing product/etc/displayconfig/common_multi_factor_thermal_brightness_control.xml ...
Processing product/etc/displayconfig/game_app_category_list_backup.xml ...
Processing product/etc/displayconfig/gpp_app_list ...
Processing product/etc/displayconfig/multi_factor_thermal_brightness_control.xml ...
Processing product/etc/displayconfig/rhythmic_app_category_list_backup.xml ...
Processing product/etc/init/init.miui.atomic.rc ...
Processing product/etc/init/init.miui.opconfig.rc ...
Processing product/etc/init/init.mtmr.rc ...
Processing product/etc/init/init.qti.display.rc ...
Processing product/etc/init/vendor.qti.qvirt-service.rc ...
Processing product/etc/init/vendor.qti.qvirt-service_rs.rc ...
Processing product/etc/lut/lutForPrimeShaderCache.txt ...
Processing product/etc/mife_shaders/compute_scd_divergence.comp ...
Processing product/etc/mife_shaders/conver_format.comp ...
Processing product/etc/mife_shaders/copytexture.ps ...
Processing product/etc/mife_shaders/fi_disocc_interpolation.comp ...
Processing product/etc/mife_shaders/fi_disocc_interpolation.ps ...
Processing product/etc/mife_shaders/fi_disocc_interpolation_60_120.ps ...
Processing product/etc/mife_shaders/fi_game_motion_vector_field.comp ...
Processing product/etc/mife_shaders/fi_game_motion_vector_field_2.comp ...
Processing product/etc/mife_shaders/fi_game_motion_vector_field_2.ps ...
Processing product/etc/mife_shaders/fi_game_motion_vector_field_2_60_120.ps ...
Processing product/etc/mife_shaders/fi_game_motion_vector_field_in_one_shader_with_original_data.comp ...
Processing product/etc/mife_shaders/fi_game_motion_vector_field_orignal_data.comp ...
Processing product/etc/mife_shaders/fi_game_motion_vector_field_orignal_data_60_120.comp ...
Processing product/etc/mife_shaders/fi_setup.comp ...
Processing product/etc/mife_shaders/generate_scd_histogram.comp ...
Processing product/etc/mife_shaders/occlusion_test.comp ...
Processing product/etc/mife_shaders/prepare_luma.comp ...
Processing product/etc/mife_shaders/screen_square.vs ...
Processing product/etc/mife_shaders/up_scale.comp ...
Processing product/etc/mife_vk_shaders/blendUI.frag.spv ...
Processing product/etc/mife_vk_shaders/compute_scd_divergence.comp.spv ...
Processing product/etc/mife_vk_shaders/conver_format.comp.spv ...
Processing product/etc/mife_vk_shaders/fi_disocc_interpolation.comp.spv ...
Processing product/etc/mife_vk_shaders/fi_disocc_interpolation.frag.spv ...
Processing product/etc/mife_vk_shaders/fi_disocc_interpolation_60_120.frag.spv ...
Processing product/etc/mife_vk_shaders/fi_game_motion_vector_field.comp.spv ...
Processing product/etc/mife_vk_shaders/fi_game_motion_vector_field_2.comp.spv ...
Processing product/etc/mife_vk_shaders/fi_game_motion_vector_field_2.frag.spv ...
Processing product/etc/mife_vk_shaders/fi_game_motion_vector_field_2_60_120.frag.spv ...
Processing product/etc/mife_vk_shaders/fi_game_motion_vector_field_fill_hole.comp.spv ...
Processing product/etc/mife_vk_shaders/fi_game_motion_vector_field_in_one_shader_with_original_data.comp.spv ...
Processing product/etc/mife_vk_shaders/fi_game_motion_vector_field_orignal_data.comp.spv ...
Processing product/etc/mife_vk_shaders/fi_game_motion_vector_field_orignal_data_60_120.comp.spv ...
Processing product/etc/mife_vk_shaders/fi_setup.comp.spv ...
Processing product/etc/mife_vk_shaders/screen_square.vert.spv ...
Processing product/etc/mife_vk_shaders/test.comp.spv ...
Processing product/etc/mirim_policy/general ...
Processing product/etc/mirim_policy/mirim_policy.enc ...
Processing product/etc/mirim_policy/qcom ...
Processing product/etc/mirim_policy/general/cn ...
Processing product/etc/mirim_policy/general/cn/general_policy.enc ...
Processing product/etc/mirim_policy/qcom/mirim_policy.enc ...
Processing product/etc/mirim_policy/qcom/sm8850 ...
Processing product/etc/mirim_policy/qcom/sm8850/mirim_policy.enc ...
Processing product/etc/mirim_policy/qcom/sm8850/pudding ...
Processing product/etc/mirim_policy/qcom/sm8850/pudding/mirim_policy.enc ...
Processing product/etc/misr_shaders/Accumulate.cs ...
Processing product/etc/misr_shaders/BlendUI.cs ...
Processing product/etc/misr_shaders/ClearTexture.cs ...
Processing product/etc/misr_shaders/CreateReactive.cs ...
Processing product/etc/misr_shaders/DeDither.cs ...
Processing product/etc/misr_shaders/LumaInstability.cs ...
Processing product/etc/misr_shaders/LumaPyramid.cs ...
Processing product/etc/misr_shaders/PrepareInputs.cs ...
Processing product/etc/misr_shaders/PrepareReactivity.cs ...
Processing product/etc/misr_shaders/RCAS.cs ...
Processing product/etc/misr_shaders/SamplerColor.cs ...
Processing product/etc/misr_shaders/ShadingChange.cs ...
Processing product/etc/misr_shaders/ShadingChangePyramid.cs ...
Processing product/etc/misr_shaders/hkrpg_TAA.ps ...
Processing product/etc/misr_shaders/hkrpg_TAA.vs ...
Processing product/etc/misr_shaders/yuanshen_TAA.ps ...
Processing product/etc/misr_shaders/yuanshen_TAA.vs ...
Processing product/etc/misr_vk_shaders/Accumulate.comp.spv ...
Processing product/etc/misr_vk_shaders/ClearTexture.comp.spv ...
Processing product/etc/misr_vk_shaders/RCAS.comp.spv ...
Processing product/etc/misr_vk_shaders/SamplerColor.comp.spv ...
Processing product/etc/misr_vk_shaders/blendUI.frag.spv ...
Processing product/etc/misr_vk_shaders/fsr1_easu_frag.spv ...
Processing product/etc/misr_vk_shaders/fsr1_rcas_frag.spv ...
Processing product/etc/misr_vk_shaders/fsr1_vert.spv ...
Processing product/etc/misr_vk_shaders/hkrpg_TAA.frag.spv ...
Processing product/etc/misr_vk_shaders/hkrpg_TAA.vert.spv ...
Processing product/etc/misr_vk_shaders/screen_square.vert.spv ...
Processing product/etc/misr_vk_shaders/yuanshen_TAA.frag.spv ...
Processing product/etc/miuibooster/miuibooster_auth.json ...
Processing product/etc/miuibooster/miuibooster_config.json ...
Processing product/etc/mivk_shaders/sgame_vk_brightextract_pass_ipa.spv ...
Processing product/etc/mivk_shaders/sgame_vk_downsample_pass_ipa.spv ...
Processing product/etc/permissions/RemoteSimlock.xml ...
Processing product/etc/permissions/RemoteSimlockManager.xml ...
Processing product/etc/permissions/UimGba.xml ...
Processing product/etc/permissions/UimGbaManager.xml ...
Processing product/etc/permissions/UimService.xml ...
Processing product/etc/permissions/cn.google.services.xml ...
Processing product/etc/permissions/com.android.imsserviceentitlement.xml ...
Processing product/etc/permissions/com.android.settings.intelligence.xml ...
Processing product/etc/permissions/com.qti.snapdragon.sdk.display.xml ...
Processing product/etc/permissions/extphonelib_product.xml ...
Processing product/etc/permissions/features_com.android.virt.xml ...
Processing product/etc/permissions/ims_ext_common.xml ...
Processing product/etc/permissions/lpa.xml ...
Processing product/etc/permissions/platform-miui-uninstall.xml ...
Processing product/etc/permissions/privapp-permissions-gms-cn-product.xml ...
Processing product/etc/permissions/privapp-permissions-miui-product.xml ...
Processing product/etc/permissions/privapp-permissions-product-miext.xml ...
Processing product/etc/permissions/privapp-permissions-product.xml ...
Processing product/etc/permissions/privapp_allowlist_com.google.android.gmssystem.xml ...
Processing product/etc/permissions/privapp_whitelist_kashi.pkginstaller.xml ...
Processing product/etc/permissions/qti_telephony_hidl_wrapper_prd.xml ...
Processing product/etc/permissions/qti_telephony_utils_prd.xml ...
Processing product/etc/permissions/rustruntime_cfg_v3_v5.xml ...
Processing product/etc/permissions/signature-permissions-mx_virtualsim_v2.xml ...
Processing product/etc/permissions/split-permissions-google.xml ...
Processing product/etc/permissions/system_launcher_private_permission.xml ...
Processing product/etc/permissions/telephony_product_privapp-permissions-qti.xml ...
Processing product/etc/permissions/vendor.qti.hardware.data.connection-V1.0-java.xml ...
Processing product/etc/permissions/vendor.qti.hardware.data.connection-V1.1-java.xml ...
Processing product/etc/permissions/vendor.qti.hardware.data.connectionaidl-V1-java.xml ...
Processing product/etc/pipeline_infos/com.android.calendar ...
Processing product/etc/pipeline_infos/com.android.contacts ...
Processing product/etc/pipeline_infos/com.android.deskclock ...
Processing product/etc/pipeline_infos/com.android.intentresolver ...
Processing product/etc/pipeline_infos/com.android.provision ...
Processing product/etc/pipeline_infos/com.android.settings ...
Processing product/etc/pipeline_infos/com.android.systemui ...
Processing product/etc/pipeline_infos/com.android.thememanager ...
Processing product/etc/pipeline_infos/com.miui.aod ...
Processing product/etc/pipeline_infos/com.miui.bugreport ...
Processing product/etc/pipeline_infos/com.miui.greenguard ...
Processing product/etc/pipeline_infos/com.miui.newhome ...
Processing product/etc/pipeline_infos/com.miui.notes ...
Processing product/etc/pipeline_infos/com.miui.personalassistant ...
Processing product/etc/pipeline_infos/com.miui.screenrecorder ...
Processing product/etc/pipeline_infos/com.miui.screenshot ...
Processing product/etc/pipeline_infos/com.miui.voiceassist ...
Processing product/etc/pipeline_infos/com.xiaomi.misettings ...
Processing product/etc/pipeline_infos/com.android.calendar/com.android.skia.shaders_cache ...
Processing product/etc/pipeline_infos/com.android.calendar/com.android.vulkan.pipelineinfo ...
Processing product/etc/pipeline_infos/com.android.contacts/com.android.skia.shaders_cache ...
Processing product/etc/pipeline_infos/com.android.contacts/com.android.vulkan.pipelineinfo ...
Processing product/etc/pipeline_infos/com.android.deskclock/com.android.skia.shaders_cache ...
Processing product/etc/pipeline_infos/com.android.deskclock/com.android.vulkan.pipelineinfo ...
Processing product/etc/pipeline_infos/com.android.intentresolver/com.android.skia.shaders_cache ...
Processing product/etc/pipeline_infos/com.android.intentresolver/com.android.vulkan.pipelineinfo ...
Processing product/etc/pipeline_infos/com.android.provision/com.android.skia.shaders_cache ...
Processing product/etc/pipeline_infos/com.android.provision/com.android.vulkan.pipelineinfo ...
Processing product/etc/pipeline_infos/com.android.settings/com.android.skia.shaders_cache ...
Processing product/etc/pipeline_infos/com.android.settings/com.android.vulkan.pipelineinfo ...
Processing product/etc/pipeline_infos/com.android.systemui/com.android.skia.shaders_cache ...
Processing product/etc/pipeline_infos/com.android.systemui/com.android.vulkan.pipelineinfo ...
Processing product/etc/pipeline_infos/com.android.thememanager/com.android.skia.shaders_cache ...
Processing product/etc/pipeline_infos/com.android.thememanager/com.android.vulkan.pipelineinfo ...
Processing product/etc/pipeline_infos/com.miui.aod/com.android.skia.shaders_cache ...
Processing product/etc/pipeline_infos/com.miui.aod/com.android.vulkan.pipelineinfo ...
Processing product/etc/pipeline_infos/com.miui.bugreport/com.android.skia.shaders_cache ...
Processing product/etc/pipeline_infos/com.miui.bugreport/com.android.vulkan.pipelineinfo ...
Processing product/etc/pipeline_infos/com.miui.greenguard/com.android.skia.shaders_cache ...
Processing product/etc/pipeline_infos/com.miui.greenguard/com.android.vulkan.pipelineinfo ...
Processing product/etc/pipeline_infos/com.miui.newhome/com.android.skia.shaders_cache ...
Processing product/etc/pipeline_infos/com.miui.newhome/com.android.vulkan.pipelineinfo ...
Processing product/etc/pipeline_infos/com.miui.notes/com.android.skia.shaders_cache ...
Processing product/etc/pipeline_infos/com.miui.notes/com.android.vulkan.pipelineinfo ...
Processing product/etc/pipeline_infos/com.miui.personalassistant/com.android.skia.shaders_cache ...
Processing product/etc/pipeline_infos/com.miui.personalassistant/com.android.vulkan.pipelineinfo ...
Processing product/etc/pipeline_infos/com.miui.screenrecorder/com.android.skia.shaders_cache ...
Processing product/etc/pipeline_infos/com.miui.screenrecorder/com.android.vulkan.pipelineinfo ...
Processing product/etc/pipeline_infos/com.miui.screenshot/com.android.skia.shaders_cache ...
Processing product/etc/pipeline_infos/com.miui.screenshot/com.android.vulkan.pipelineinfo ...
Processing product/etc/pipeline_infos/com.miui.voiceassist/com.android.skia.shaders_cache ...
Processing product/etc/pipeline_infos/com.miui.voiceassist/com.android.vulkan.pipelineinfo ...
Processing product/etc/pipeline_infos/com.xiaomi.misettings/com.android.skia.shaders_cache ...
Processing product/etc/pipeline_infos/com.xiaomi.misettings/com.android.vulkan.pipelineinfo ...
Processing product/etc/precust_theme/theme ...
Processing product/etc/precust_theme/theme/.data ...
Processing product/etc/precust_theme/theme/.data/content ...
Processing product/etc/precust_theme/theme/.data/meta ...
Processing product/etc/precust_theme/theme/.data/preview ...
Processing product/etc/precust_theme/theme/.data/rights ...
Processing product/etc/precust_theme/theme/.data/content/com.miui.gallery ...
Processing product/etc/precust_theme/theme/.data/content/com.miui.touchassistant ...
Processing product/etc/precust_theme/theme/.data/content/framework-miui-res ...
Processing product/etc/precust_theme/theme/.data/content/icons ...
Processing product/etc/precust_theme/theme/.data/content/launcher ...
Processing product/etc/precust_theme/theme/.data/content/lockscreen ...
Processing product/etc/precust_theme/theme/.data/content/theme ...
Processing product/etc/precust_theme/theme/.data/content/wallpaper ...
Processing product/etc/precust_theme/theme/.data/content/com.miui.gallery/c4cebdcb-9640-4c87-a007-d7e45d4fabf9.mrc ...
Processing product/etc/precust_theme/theme/.data/content/com.miui.touchassistant/b2af3f65-a7a2-444e-bc2f-2ef98f1a816e.mrc ...
Processing product/etc/precust_theme/theme/.data/content/framework-miui-res/4f5a1d3a-c890-452f-bc23-e16ec052c0cf.mrc ...
Processing product/etc/precust_theme/theme/.data/content/icons/5edd6a35-b729-4eac-a4c3-384aa6b5f891.mrc ...
Processing product/etc/precust_theme/theme/.data/content/icons/99d719ef-cc46-4da2-82f9-13ee5a6a3099.mrc ...
Processing product/etc/precust_theme/theme/.data/content/launcher/3fe670bb-96a1-47fb-a716-6b0772a93eef.mrc ...
Processing product/etc/precust_theme/theme/.data/content/lockscreen/038ce1bb-6cf9-4c96-bf62-7b1e42a33591.mrc ...
Processing product/etc/precust_theme/theme/.data/content/theme/018f9d39-fdc2-4181-962b-a8f4739dd753.mrc ...
Processing product/etc/precust_theme/theme/.data/content/theme/09cd0c66-9a42-4eee-8066-9eb3703cab50.mrc ...
Processing product/etc/precust_theme/theme/.data/content/wallpaper/c00e4951-8932-4149-912f-7300cf9c867b.mrc ...
Processing product/etc/precust_theme/theme/.data/meta/com.miui.gallery ...
Processing product/etc/precust_theme/theme/.data/meta/com.miui.touchassistant ...
Processing product/etc/precust_theme/theme/.data/meta/framework-miui-res ...
Processing product/etc/precust_theme/theme/.data/meta/icons ...
Processing product/etc/precust_theme/theme/.data/meta/launcher ...
Processing product/etc/precust_theme/theme/.data/meta/lockscreen ...
Processing product/etc/precust_theme/theme/.data/meta/theme ...
Processing product/etc/precust_theme/theme/.data/meta/wallpaper ...
Processing product/etc/precust_theme/theme/.data/meta/com.miui.gallery/c4cebdcb-9640-4c87-a007-d7e45d4fabf9.mrm ...
Processing product/etc/precust_theme/theme/.data/meta/com.miui.touchassistant/b2af3f65-a7a2-444e-bc2f-2ef98f1a816e.mrm ...
Processing product/etc/precust_theme/theme/.data/meta/framework-miui-res/4f5a1d3a-c890-452f-bc23-e16ec052c0cf.mrm ...
Processing product/etc/precust_theme/theme/.data/meta/icons/5edd6a35-b729-4eac-a4c3-384aa6b5f891.mrm ...
Processing product/etc/precust_theme/theme/.data/meta/icons/99d719ef-cc46-4da2-82f9-13ee5a6a3099.mrm ...
Processing product/etc/precust_theme/theme/.data/meta/launcher/3fe670bb-96a1-47fb-a716-6b0772a93eef.mrm ...
Processing product/etc/precust_theme/theme/.data/meta/lockscreen/038ce1bb-6cf9-4c96-bf62-7b1e42a33591.mrm ...
Processing product/etc/precust_theme/theme/.data/meta/theme/018f9d39-fdc2-4181-962b-a8f4739dd753.mrm ...
Processing product/etc/precust_theme/theme/.data/meta/theme/09cd0c66-9a42-4eee-8066-9eb3703cab50.mrm ...
Processing product/etc/precust_theme/theme/.data/meta/wallpaper/c00e4951-8932-4149-912f-7300cf9c867b.mrm ...
Processing product/etc/precust_theme/theme/.data/preview/theme ...
Processing product/etc/precust_theme/theme/.data/preview/theme/018f9d39-fdc2-4181-962b-a8f4739dd753 ...
Processing product/etc/precust_theme/theme/.data/preview/theme/09cd0c66-9a42-4eee-8066-9eb3703cab50 ...
Processing product/etc/precust_theme/theme/.data/preview/theme/018f9d39-fdc2-4181-962b-a8f4739dd753/preview_contact_0.jpg ...
Processing product/etc/precust_theme/theme/.data/preview/theme/018f9d39-fdc2-4181-962b-a8f4739dd753/preview_icons_0.jpg ...
Processing product/etc/precust_theme/theme/.data/preview/theme/018f9d39-fdc2-4181-962b-a8f4739dd753/preview_icons_small_0.jpg ...
Processing product/etc/precust_theme/theme/.data/preview/theme/018f9d39-fdc2-4181-962b-a8f4739dd753/preview_launcher_0.jpg ...
Processing product/etc/precust_theme/theme/.data/preview/theme/018f9d39-fdc2-4181-962b-a8f4739dd753/preview_launcher_1.jpg ...
Processing product/etc/precust_theme/theme/.data/preview/theme/018f9d39-fdc2-4181-962b-a8f4739dd753/preview_lockscreen_0.jpg ...
Processing product/etc/precust_theme/theme/.data/preview/theme/018f9d39-fdc2-4181-962b-a8f4739dd753/preview_mms_0.jpg ...
Processing product/etc/precust_theme/theme/.data/preview/theme/018f9d39-fdc2-4181-962b-a8f4739dd753/preview_mms_1.jpg ...
Processing product/etc/precust_theme/theme/.data/preview/theme/018f9d39-fdc2-4181-962b-a8f4739dd753/preview_statusbar_0.jpg ...
Processing product/etc/precust_theme/theme/.data/preview/theme/018f9d39-fdc2-4181-962b-a8f4739dd753/preview_statusbar_1.jpg ...
Processing product/etc/precust_theme/theme/.data/preview/theme/018f9d39-fdc2-4181-962b-a8f4739dd753/preview_statusbar_2.jpg ...
Processing product/etc/precust_theme/theme/.data/preview/theme/09cd0c66-9a42-4eee-8066-9eb3703cab50/preview_icons_mask_0.png ...
Processing product/etc/precust_theme/theme/.data/preview/theme/09cd0c66-9a42-4eee-8066-9eb3703cab50/preview_icons_mask_1.png ...
Processing product/etc/precust_theme/theme/.data/preview/theme/09cd0c66-9a42-4eee-8066-9eb3703cab50/preview_icons_small_mask_0.png ...
Processing product/etc/precust_theme/theme/.data/rights/theme ...
Processing product/etc/precust_theme/theme/.data/rights/theme/c1670cd375f6b5b6161344783dc6dff0aae40bf6.mra ...
Processing product/etc/precust_theme/theme/.data/rights/theme/f441ae5242fd7582404b6148b5c20d69a561ecc1.mra ...
Processing product/etc/security/fsverity ...
Processing product/etc/security/fsverity/gms_fsverity_cert.der ...
Processing product/etc/security/fsverity/play_store_fsi_cert.der ...
Processing product/etc/selinux/mapping ...
Processing product/etc/selinux/product_file_contexts ...
Processing product/etc/selinux/product_hwservice_contexts ...
Processing product/etc/selinux/product_keystore2_key_contexts ...
Processing product/etc/selinux/product_mac_permissions.xml ...
Processing product/etc/selinux/product_property_contexts ...
Processing product/etc/selinux/product_seapp_contexts ...
Processing product/etc/selinux/product_sepolicy.cil ...
Processing product/etc/selinux/product_sepolicy_and_mapping.sha256 ...
Processing product/etc/selinux/product_service_contexts ...
Processing product/etc/selinux/product_tee_service_contexts ...
Processing product/etc/selinux/mapping/202404.cil ...
Processing product/etc/selinux/mapping/202504.cil ...
Processing product/etc/selinux/mapping/202604.cil ...
Processing product/etc/selinux/mapping/31.0.cil ...
Processing product/etc/selinux/mapping/32.0.cil ...
Processing product/etc/selinux/mapping/33.0.cil ...
Processing product/etc/selinux/mapping/34.0.cil ...
Processing product/etc/sysconfig/allowed_apex_com.google.android.gmssystem.xml ...
Processing product/etc/sysconfig/google.xml ...
Processing product/etc/sysconfig/initial-package-stopped-states-aosp.xml ...
Processing product/etc/sysconfig/preinstalled-packages-base-product.xml ...
Processing product/etc/sysconfig/preinstalled-packages-media-product.xml ...
Processing product/etc/sysconfig/preinstalled-packages-platform-aosp-product.xml ...
Processing product/etc/sysconfig/preinstalled-packages-platform-handheld-product.xml ...
Processing product/etc/sysconfig/preinstalled-packages-platform-overlays.xml ...
Processing product/etc/sysconfig/preinstalled-packages-platform-telephony-product.xml ...
Processing product/etc/sysconfig/preinstalled_packages_com.google.android.gmssystem.xml ...
Processing product/etc/sysconfig/xmscore.config.xml ...
Processing product/etc/vintf/compatibility_matrix.xml ...
Processing product/etc/vintf/manifest ...
Processing product/etc/vintf/touch_framework_compatibility_matrix.xml ...
Processing product/etc/vintf/manifest/vendor.qti.qvirt-service.xml ...
Processing product/fonts/BebasNeue-Mono.otf ...
Processing product/fonts/BeihaibeiSC-Regular.ttf ...
Processing product/fonts/BeihaibeiTC-Regular.ttf ...
Processing product/fonts/C800.ttf ...
Processing product/fonts/ChamberiDisplay-Italic.otf ...
Processing product/fonts/ChamberiDisplay-Semibold.ttf ...
Processing product/fonts/Coca-ColaCareFontKaiTi.TTF ...
Processing product/fonts/CommutersSansMono.otf ...
Processing product/fonts/DelaGothicOne-HZ.otf ...
Processing product/fonts/DelaGothicOne.otf ...
Processing product/fonts/FZFWZhuZiAYuanJWB.TTF ...
Processing product/fonts/GulfsDisplay-ExtraExpandedItalic.otf ...
Processing product/fonts/InterMono-SemiBold.otf ...
Processing product/fonts/Interscaled-Medium.otf ...
Processing product/fonts/Interscaled-Regular.otf ...
Processing product/fonts/MiClock.otf ...
Processing product/fonts/MiClockMono.otf ...
Processing product/fonts/MiClockThin.otf ...
Processing product/fonts/MiClockTibetan-Thin.ttf ...
Processing product/fonts/MiClockUyghur-Thin.ttf ...
Processing product/fonts/MiHaus.ttf ...
Processing product/fonts/MiSansArabicVF.ttf ...
Processing product/fonts/MiSansBengaliVF.ttf ...
Processing product/fonts/MiSansC_3.005.ttf ...
Processing product/fonts/MiSansCondensed2T.ttf ...
Processing product/fonts/MiSansDevanagariVF.ttf ...
Processing product/fonts/MiSansGujaratiVF.ttf ...
Processing product/fonts/MiSansGurmukhiVF.ttf ...
Processing product/fonts/MiSansJapaneseVF.ttf ...
Processing product/fonts/MiSansKannadaVF.ttf ...
Processing product/fonts/MiSansKhmerVF.ttf ...
Processing product/fonts/MiSansKoreanVF.ttf ...
Processing product/fonts/MiSansL3.otf ...
Processing product/fonts/MiSansLaoVF.ttf ...
Processing product/fonts/MiSansLatinVF.ttf ...
Processing product/fonts/MiSansMalayalamVF.ttf ...
Processing product/fonts/MiSansMyanmarVF.ttf ...
Processing product/fonts/MiSansOdiaVF.ttf ...
Processing product/fonts/MiSansRCF.ttf ...
Processing product/fonts/MiSansRoundedF.ttf ...
Processing product/fonts/MiSansRoundedSC.ttf ...
Processing product/fonts/MiSansRoundedTC.ttf ...
Processing product/fonts/MiSansSquareF.ttf ...
Processing product/fonts/MiSansTCVF.ttf ...
Processing product/fonts/MiSansTamilVF.ttf ...
Processing product/fonts/MiSansTeluguVF.ttf ...
Processing product/fonts/MiSansThaiVF.ttf ...
Processing product/fonts/MiSansTibetanVF.ttf ...
Processing product/fonts/MiSansVF.ttf ...
Processing product/fonts/MiSerif.ttf ...
Processing product/fonts/MiSerifSCVF.ttf ...
Processing product/fonts/MiSerifTCVF.ttf ...
Processing product/fonts/MichromaMono.otf ...
Processing product/fonts/MitypeClock.otf ...
Processing product/fonts/MitypeClockMono.otf ...
Processing product/fonts/MitypeMonoVF.ttf ...
Processing product/fonts/MitypeVF.ttf ...
Processing product/fonts/MiuiEx-Bold.ttf ...
Processing product/fonts/MiuiEx-Light.ttf ...
Processing product/fonts/MiuiEx-Regular.ttf ...
Processing product/fonts/NeumaticCompressed.otf ...
Processing product/fonts/Qinghe.otf ...
Processing product/fonts/SilkSerif-Regular.ttf ...
Processing product/framework/com.qti.snapdragon.sdk.display.jar ...
Processing product/framework/extphonelib-product.jar ...
Processing product/framework/ims-ext-common.jar ...
Processing product/framework/miui-uninstall-empty.jar ...
Processing product/framework/oat ...
Processing product/framework/qti-telephony-hidl-wrapper-prd.jar ...
Processing product/framework/qti-telephony-utils-prd.jar ...
Processing product/framework/remotesimlockmanagerlibrary.jar ...
Processing product/framework/uimgbalibrary.jar ...
Processing product/framework/uimgbamanagerlibrary.jar ...
Processing product/framework/uimlpalibrary.jar ...
Processing product/framework/uimremoteclientlibrary.jar ...
Processing product/framework/uimremoteserverlibrary.jar ...
Processing product/framework/uimremotesimlocklibrary.jar ...
Processing product/framework/uimservicelibrary.jar ...
Processing product/framework/vendor.qti.hardware.radio.qtiradio-V1-java.jar ...
Processing product/framework/oat/arm64 ...
Processing product/lib64/libaho_corasick.dylib.so ...
Processing product/lib64/libandroid_log_sys.dylib.so ...
Processing product/lib64/libandroid_logger.dylib.so ...
Processing product/lib64/libbase.so ...
Processing product/lib64/libbinder_ndk_compat_bindgen.dylib.so ...
Processing product/lib64/libbinder_ndk_sys.dylib.so ...
Processing product/lib64/libbinder_rs.dylib.so ...
Processing product/lib64/libbinder_rs_ndk_compat.dylib.so ...
Processing product/lib64/libbionic_bindgen.dylib.so ...
Processing product/lib64/libbitflags.dylib.so ...
Processing product/lib64/libc++.so ...
Processing product/lib64/libcfg_if.dylib.so ...
Processing product/lib64/libcutils.so ...
Processing product/lib64/libcutils_bindgen.dylib.so ...
Processing product/lib64/libdowncast_rs.dylib.so ...
Processing product/lib64/libenv_filter.dylib.so ...
Processing product/lib64/libenv_logger.dylib.so ...
Processing product/lib64/libhidlbase.so ...
Processing product/lib64/libitoa.dylib.so ...
Processing product/lib64/libjni_aidl_service.so ...
Processing product/lib64/libjsoncpp.so ...
Processing product/lib64/liblibc.dylib.so ...
Processing product/lib64/liblog_rust.dylib.so ...
Processing product/lib64/liblogger.dylib.so ...
Processing product/lib64/libmemchr.dylib.so ...
Processing product/lib64/libmemoffset.dylib.so ...
Processing product/lib64/libnix.dylib.so ...
Processing product/lib64/libregex.dylib.so ...
Processing product/lib64/libregex_automata.dylib.so ...
Processing product/lib64/libregex_syntax.dylib.so ...
Processing product/lib64/librustutils.dylib.so ...
Processing product/lib64/libryu.dylib.so ...
Processing product/lib64/libserde.dylib.so ...
Processing product/lib64/libserde_core.dylib.so ...
Processing product/lib64/libserde_json.dylib.so ...
Processing product/lib64/libstatic_assertions.dylib.so ...
Processing product/lib64/libstd.dylib.so ...
Processing product/lib64/libsystem_properties_bindgen_sys.dylib.so ...
Processing product/lib64/libthiserror.dylib.so ...
Processing product/lib64/libutils.so ...
Processing product/lib64/libvendor_qti_qvirt_V2.dylib.so ...
Processing product/lib64/libvendor_qti_qvirtvendor_V1.dylib.so ...
Processing product/lib64/libzerocopy.dylib.so ...
Processing product/lib64/vendor.qti.hardware.radio.internal.deviceinfo@1.0.so ...
Processing product/lib64/vendor.qti.hardware.radio.qcrilhook@1.0.so ...
Processing product/lib64/vendor.qti.qvirt-V1-ndk.so ...
Processing product/media/audio ...
Processing product/media/bootanimation.zip ...
Processing product/media/theme ...
Processing product/media/wallpaper ...
Processing product/media/audio/alarms ...
Processing product/media/audio/notifications ...
Processing product/media/audio/precast_ringtones.json ...
Processing product/media/audio/ringtones ...
Processing product/media/audio/ui ...
Processing product/media/audio/alarms/AlarmClock.ogg ...
Processing product/media/audio/alarms/Beep.ogg ...
Processing product/media/audio/alarms/Breeze.ogg ...
Processing product/media/audio/alarms/Chimes.ogg ...
Processing product/media/audio/alarms/Daydream.ogg ...
Processing product/media/audio/alarms/Dewdrops.ogg ...
Processing product/media/audio/alarms/Fireflies.ogg ...
Processing product/media/audio/alarms/Morning.ogg ...
Processing product/media/audio/alarms/Sunrise.ogg ...
Processing product/media/audio/notifications/Bottle.ogg ...
Processing product/media/audio/notifications/Bubble.ogg ...
Processing product/media/audio/notifications/Bullfrog.ogg ...
Processing product/media/audio/notifications/Burst.ogg ...
Processing product/media/audio/notifications/Chirp.ogg ...
Processing product/media/audio/notifications/Clank.ogg ...
Processing product/media/audio/notifications/Crystal.ogg ...
Processing product/media/audio/notifications/FadeIn.ogg ...
Processing product/media/audio/notifications/FadeOut.ogg ...
Processing product/media/audio/notifications/Flute.ogg ...
Processing product/media/audio/notifications/Fresh.ogg ...
Processing product/media/audio/notifications/Frog.ogg ...
Processing product/media/audio/notifications/Guitar.ogg ...
Processing product/media/audio/notifications/Harp.ogg ...
Processing product/media/audio/notifications/Moment.ogg ...
Processing product/media/audio/notifications/NotificationXylophone.ogg ...
Processing product/media/audio/notifications/Potion.ogg ...
Processing product/media/audio/notifications/Radar.ogg ...
Processing product/media/audio/notifications/Spring.ogg ...
Processing product/media/audio/notifications/Swoosh.ogg ...
Processing product/media/audio/notifications/WindChime.ogg ...
Processing product/media/audio/ringtones/AcousticGuitar.ogg ...
Processing product/media/audio/ringtones/Atlantis.ogg ...
Processing product/media/audio/ringtones/Candy.ogg ...
Processing product/media/audio/ringtones/Carousel.ogg ...
Processing product/media/audio/ringtones/Celesta.ogg ...
Processing product/media/audio/ringtones/Childhood.ogg ...
Processing product/media/audio/ringtones/Country.ogg ...
Processing product/media/audio/ringtones/Cowboy.ogg ...
Processing product/media/audio/ringtones/DigitalUniverse.ogg ...
Processing product/media/audio/ringtones/Fairyland.ogg ...
Processing product/media/audio/ringtones/Fantasy.ogg ...
Processing product/media/audio/ringtones/FieldTrip.ogg ...
Processing product/media/audio/ringtones/Glee.ogg ...
Processing product/media/audio/ringtones/IceLatte.ogg ...
Processing product/media/audio/ringtones/Kungfu.ogg ...
Processing product/media/audio/ringtones/Lollipop.ogg ...
Processing product/media/audio/ringtones/Mi.ogg ...
Processing product/media/audio/ringtones/MiHouse.ogg ...
Processing product/media/audio/ringtones/MiJazz.ogg ...
Processing product/media/audio/ringtones/MiRemix.ogg ...
Processing product/media/audio/ringtones/MountainSpring.ogg ...
Processing product/media/audio/ringtones/Orange.ogg ...
Processing product/media/audio/ringtones/Reveries.ogg ...
Processing product/media/audio/ringtones/SpaceAge.ogg ...
Processing product/media/audio/ringtones/ToyRobot.ogg ...
Processing product/media/audio/ringtones/Vigor.ogg ...
Processing product/media/audio/ui/Africa ...
Processing product/media/audio/ui/AfricaAnimals_preview.ogg ...
Processing product/media/audio/ui/Amazon ...
Processing product/media/audio/ui/AmazonAnimals_preview.ogg ...
Processing product/media/audio/ui/ArcticAnimals_preview.ogg ...
Processing product/media/audio/ui/Australia ...
Processing product/media/audio/ui/AustraliaAnimals_preview.ogg ...
Processing product/media/audio/ui/BirdCicadaNotificationDay1.ogg ...
Processing product/media/audio/ui/BirdCicadaNotificationDay2.ogg ...
Processing product/media/audio/ui/BirdCicadaNotificationDay3.ogg ...
Processing product/media/audio/ui/BirdCicadaNotificationDay4.ogg ...
Processing product/media/audio/ui/BirdCicadaNotificationDay5.ogg ...
Processing product/media/audio/ui/BirdCicadaNotificationDay6.ogg ...
Processing product/media/audio/ui/BirdCicadaNotificationDay7.ogg ...
Processing product/media/audio/ui/BirdCicadaNotificationDay8.ogg ...
Processing product/media/audio/ui/BirdCicadaNotificationEvening1.ogg ...
Processing product/media/audio/ui/BirdCicadaNotificationEvening2.ogg ...
Processing product/media/audio/ui/BirdCicadaNotificationEvening3.ogg ...
Processing product/media/audio/ui/BirdCicadaNotificationEvening4.ogg ...
Processing product/media/audio/ui/BirdCicadaNotificationEvening5.ogg ...
Processing product/media/audio/ui/BirdCicadaNotificationMidday1.ogg ...
Processing product/media/audio/ui/BirdCicadaNotificationMidday2.ogg ...
Processing product/media/audio/ui/BirdCicadaNotificationMidday3.ogg ...
Processing product/media/audio/ui/BirdCicadaNotificationNight1.ogg ...
Processing product/media/audio/ui/BirdCicadaNotificationNight2.ogg ...
Processing product/media/audio/ui/BirdCicadaNotificationSeqDayNight1.ogg ...
Processing product/media/audio/ui/BirdCicadaNotificationSeqDayNight2.ogg ...
Processing product/media/audio/ui/BirdCicada_preview.ogg ...
Processing product/media/audio/ui/Bird_Notification_1.ogg ...
Processing product/media/audio/ui/Bird_Notification_2.ogg ...
Processing product/media/audio/ui/Cicada_Notification_1.ogg ...
Processing product/media/audio/ui/Cicada_Notification_2.ogg ...
Processing product/media/audio/ui/Delete.ogg ...
Processing product/media/audio/ui/Effect_Tick.ogg ...
Processing product/media/audio/ui/Galapagos ...
Processing product/media/audio/ui/HeiHei.mp3 ...
Processing product/media/audio/ui/InCallNotification.ogg ...
Processing product/media/audio/ui/IncomingMessage.ogg ...
Processing product/media/audio/ui/KeypressDelete.ogg ...
Processing product/media/audio/ui/KeypressReturn.ogg ...
Processing product/media/audio/ui/KeypressSpacebar.ogg ...
Processing product/media/audio/ui/KeypressStandard.ogg ...
Processing product/media/audio/ui/Lock.ogg ...
Processing product/media/audio/ui/LowBattery.ogg ...
Processing product/media/audio/ui/MIUI_Ringtone_Special_Service.ogg ...
Processing product/media/audio/ui/MessageSendOut.ogg ...
Processing product/media/audio/ui/MessageSending.ogg ...
Processing product/media/audio/ui/MessageSent.ogg ...
Processing product/media/audio/ui/MusicShake.ogg ...
Processing product/media/audio/ui/NumberPickerValueChange.ogg ...
Processing product/media/audio/ui/PolarRegion ...
Processing product/media/audio/ui/SouthWestMountain ...
Processing product/media/audio/ui/StoneSkimmingDay1.ogg ...
Processing product/media/audio/ui/StoneSkimmingDay2.ogg ...
Processing product/media/audio/ui/StoneSkimmingDay3.ogg ...
Processing product/media/audio/ui/StoneSkimmingDay4.ogg ...
Processing product/media/audio/ui/StoneSkimming_preview.ogg ...
Processing product/media/audio/ui/SystemDelete.ogg ...
Processing product/media/audio/ui/SystemError.ogg ...
Processing product/media/audio/ui/SystemTurnOff.ogg ...
Processing product/media/audio/ui/Unlock.ogg ...
Processing product/media/audio/ui/VideoRecord.ogg ...
Processing product/media/audio/ui/VideoStop.ogg ...
Processing product/media/audio/ui/WaterDropNotificationDay1.ogg ...
Processing product/media/audio/ui/WaterDropNotificationDay2.ogg ...
Processing product/media/audio/ui/WaterDropNotificationDay3.ogg ...
Processing product/media/audio/ui/WaterDropNotificationEvening1.ogg ...
Processing product/media/audio/ui/WaterDropNotificationEvening2.ogg ...
Processing product/media/audio/ui/WaterDropNotificationEvening3.ogg ...
Processing product/media/audio/ui/WaterDropNotificationMidday1.ogg ...
Processing product/media/audio/ui/WaterDropNotificationMidday2.ogg ...
Processing product/media/audio/ui/WaterDropNotificationMidday3.ogg ...
Processing product/media/audio/ui/WaterDropNotificationNight1.ogg ...
Processing product/media/audio/ui/WaterDropNotificationNight2.ogg ...
Processing product/media/audio/ui/WaterDropNotificationNight3.ogg ...
Processing product/media/audio/ui/WaterDropNotificationSeqAllDay1.ogg ...
Processing product/media/audio/ui/WaterDrop_preview.ogg ...
Processing product/media/audio/ui/Water_Notification_Day.ogg ...
Processing product/media/audio/ui/Water_Notification_Evening.ogg ...
Processing product/media/audio/ui/Water_Notification_Midday.ogg ...
Processing product/media/audio/ui/Water_Notification_Night.ogg ...
Processing product/media/audio/ui/camera_click.ogg ...
Processing product/media/audio/ui/camera_focus.ogg ...
Processing product/media/audio/ui/charge_wireless.ogg ...
Processing product/media/audio/ui/charging.ogg ...
Processing product/media/audio/ui/disconnect.ogg ...
Processing product/media/audio/ui/dynamic_alarm_speech.ogg ...
Processing product/media/audio/ui/flashlight.ogg ...
Processing product/media/audio/ui/miui_week_ringtone.ogg ...
Processing product/media/audio/ui/relieve.ogg ...
Processing product/media/audio/ui/screenshot.ogg ...
Processing product/media/audio/ui/screenshot_kr.ogg ...
Processing product/media/audio/ui/Africa/AfricanBushElephant.ogg ...
Processing product/media/audio/ui/Africa/AfricanWhite-backedVulture.ogg ...
Processing product/media/audio/ui/Africa/Black-BackedJackal.ogg ...
Processing product/media/audio/ui/Africa/Black-HeadedBulbul.ogg ...
Processing product/media/audio/ui/Africa/ChacmaBaboon.ogg ...
Processing product/media/audio/ui/Africa/Cheetah.ogg ...
Processing product/media/audio/ui/Africa/CommonOstrich.ogg ...
Processing product/media/audio/ui/Africa/CrownedHornbill.ogg ...
Processing product/media/audio/ui/Africa/EgyptianGoose.ogg ...
Processing product/media/audio/ui/Africa/Golden-rumpedTinkerbird.ogg ...
Processing product/media/audio/ui/Africa/HelmetedGuineafowl.ogg ...
Processing product/media/audio/ui/Africa/Hippopotamus.ogg ...
Processing product/media/audio/ui/Africa/Leopard.ogg ...
Processing product/media/audio/ui/Africa/Lion.ogg ...
Processing product/media/audio/ui/Africa/MarabouStork.ogg ...
Processing product/media/audio/ui/Africa/NorthWhiteRhinoceros.ogg ...
Processing product/media/audio/ui/Africa/OliveBaboon.ogg ...
Processing product/media/audio/ui/Africa/PiedCrow.ogg ...
Processing product/media/audio/ui/Africa/PlainsZebra.ogg ...
Processing product/media/audio/ui/Africa/Red-billedHornbill.ogg ...
Processing product/media/audio/ui/Africa/SacredIbis.ogg ...
Processing product/media/audio/ui/Africa/SouthernGroundHornbill.ogg ...
Processing product/media/audio/ui/Africa/SpottedHyaena.ogg ...
Processing product/media/audio/ui/Africa/Spur-wingedPlover.ogg ...
Processing product/media/audio/ui/Africa/SuperbStarling.ogg ...
Processing product/media/audio/ui/Africa/TreeHyrax.ogg ...
Processing product/media/audio/ui/Africa/VervetMonkey.ogg ...
Processing product/media/audio/ui/Africa/Yellow-neckedSpurfowl.ogg ...
Processing product/media/audio/ui/Amazon/BlackHowlerMonkey.ogg ...
Processing product/media/audio/ui/Amazon/BluePoisonDartFrog.ogg ...
Processing product/media/audio/ui/Amazon/Capybara.ogg ...
Processing product/media/audio/ui/Amazon/GiantOtter.ogg ...
Processing product/media/audio/ui/Amazon/Golden-HeadedLionTamarin.ogg ...
Processing product/media/audio/ui/Amazon/HarpyEagle.ogg ...
Processing product/media/audio/ui/Amazon/Jaguar.ogg ...
Processing product/media/audio/ui/Amazon/Kinkajou.ogg ...
Processing product/media/audio/ui/Amazon/Nine-BandedArmadillo.ogg ...
Processing product/media/audio/ui/Amazon/Ocelot.ogg ...
Processing product/media/audio/ui/Amazon/Orange-WingedAmazon.ogg ...
Processing product/media/audio/ui/Amazon/ScarletMacaw.ogg ...
Processing product/media/audio/ui/Amazon/TocoToucan.ogg ...
Processing product/media/audio/ui/Amazon/Two-ToedSloths.ogg ...
Processing product/media/audio/ui/Australia/BlackSwan.ogg ...
Processing product/media/audio/ui/Australia/Butcher.ogg ...
Processing product/media/audio/ui/Australia/CommonBrushtail.ogg ...
Processing product/media/audio/ui/Australia/EasternGreyKangaroo.ogg ...
Processing product/media/audio/ui/Australia/Emu.ogg ...
Processing product/media/audio/ui/Australia/FlyingFox.ogg ...
Processing product/media/audio/ui/Australia/Koala.ogg ...
Processing product/media/audio/ui/Australia/LaughingKookaburra.ogg ...
Processing product/media/audio/ui/Australia/Magpie.ogg ...
Processing product/media/audio/ui/Australia/PetaurusBreviceps.ogg ...
Processing product/media/audio/ui/Australia/Platypus.ogg ...
Processing product/media/audio/ui/Australia/TasmanianDevil.ogg ...
Processing product/media/audio/ui/Australia/TasmanianNativeHen.ogg ...
Processing product/media/audio/ui/Australia/Whipbird.ogg ...
Processing product/media/audio/ui/Australia/White-BelliedSeaEagle.ogg ...
Processing product/media/audio/ui/Australia/Wombat.ogg ...
Processing product/media/audio/ui/Galapagos/BrownPelican.ogg ...
Processing product/media/audio/ui/Galapagos/GalapagosCormorant.ogg ...
Processing product/media/audio/ui/Galapagos/GalapagosHawk.ogg ...
Processing product/media/audio/ui/Galapagos/GalapagosMockingbird.ogg ...
Processing product/media/audio/ui/Galapagos/GalapagosPenguin.ogg ...
Processing product/media/audio/ui/Galapagos/GeospizaConirostris.ogg ...
Processing product/media/audio/ui/Galapagos/GreatFrigatebird.ogg ...
Processing product/media/audio/ui/Galapagos/GreenWarbler-Finch.ogg ...
Processing product/media/audio/ui/Galapagos/LargeGround-Finch.ogg ...
Processing product/media/audio/ui/Galapagos/MagnificentFrigatebird.ogg ...
Processing product/media/audio/ui/Galapagos/MediumTree-Finch.ogg ...
Processing product/media/audio/ui/Galapagos/NazcaBooby.ogg ...
Processing product/media/audio/ui/Galapagos/Red-BilledTropicbird.ogg ...
Processing product/media/audio/ui/Galapagos/Short-EaredOwl.ogg ...
Processing product/media/audio/ui/Galapagos/SmallGround-Finch.ogg ...
Processing product/media/audio/ui/Galapagos/VampireFinch.ogg ...
Processing product/media/audio/ui/Galapagos/WavedAlbatross.ogg ...
Processing product/media/audio/ui/PolarRegion/AntarcticShag.ogg ...
Processing product/media/audio/ui/PolarRegion/ArcticFox.ogg ...
Processing product/media/audio/ui/PolarRegion/ArcticWolf.ogg ...
Processing product/media/audio/ui/PolarRegion/CanadaGoose.ogg ...
Processing product/media/audio/ui/PolarRegion/ChinstrapPenguin.ogg ...
Processing product/media/audio/ui/PolarRegion/DallSheep.ogg ...
Processing product/media/audio/ui/PolarRegion/ElephantSeal.ogg ...
Processing product/media/audio/ui/PolarRegion/Elk.ogg ...
Processing product/media/audio/ui/PolarRegion/EmperorPenguin.ogg ...
Processing product/media/audio/ui/PolarRegion/Ermine.ogg ...
Processing product/media/audio/ui/PolarRegion/HarpSeal.ogg ...
Processing product/media/audio/ui/PolarRegion/Long-TailedJaeger.ogg ...
Processing product/media/audio/ui/PolarRegion/Moose.ogg ...
Processing product/media/audio/ui/PolarRegion/MusOx.ogg ...
Processing product/media/audio/ui/PolarRegion/Narwhal.ogg ...
Processing product/media/audio/ui/PolarRegion/NorwayLemmings.ogg ...
Processing product/media/audio/ui/PolarRegion/Orca.ogg ...
Processing product/media/audio/ui/PolarRegion/ParasiticJaeger.ogg ...
Processing product/media/audio/ui/PolarRegion/PolarBear.ogg ...
Processing product/media/audio/ui/PolarRegion/PomarineJaeger.ogg ...
Processing product/media/audio/ui/PolarRegion/Puffin.ogg ...
Processing product/media/audio/ui/PolarRegion/Sanderling.ogg ...
Processing product/media/audio/ui/PolarRegion/SeaOtter.ogg ...
Processing product/media/audio/ui/PolarRegion/SnowyOwl.ogg ...
Processing product/media/audio/ui/PolarRegion/Walrus.ogg ...
Processing product/media/audio/ui/PolarRegion/WeddellSeal.ogg ...
Processing product/media/audio/ui/PolarRegion/WillowGrouse.ogg ...
Processing product/media/audio/ui/SouthWestMountain/AsianBadger.ogg ...
Processing product/media/audio/ui/SouthWestMountain/AsianBlackBear.ogg ...
Processing product/media/audio/ui/SouthWestMountain/Black-NeckedCrane.ogg ...
Processing product/media/audio/ui/SouthWestMountain/GoldenEagle.ogg ...
Processing product/media/audio/ui/SouthWestMountain/GreenPeacock.ogg ...
Processing product/media/audio/ui/SouthWestMountain/Lynx.ogg ...
Processing product/media/audio/ui/SouthWestMountain/MaskedPalmCivet.ogg ...
Processing product/media/audio/ui/SouthWestMountain/OtocolobusManul.ogg ...
Processing product/media/audio/ui/SouthWestMountain/Panda.ogg ...
Processing product/media/audio/ui/SouthWestMountain/RedFox.ogg ...
Processing product/media/audio/ui/SouthWestMountain/RedPanda.ogg ...
Processing product/media/audio/ui/SouthWestMountain/SilverPheasant.ogg ...
Processing product/media/audio/ui/SouthWestMountain/SkywalkerHoolockGibbon.ogg ...
Processing product/media/audio/ui/SouthWestMountain/SnowLeopard.ogg ...
Processing product/media/audio/ui/SouthWestMountain/WildBoar.ogg ...
Processing product/media/audio/ui/SouthWestMountain/Wolf.ogg ...
Processing product/media/audio/ui/SouthWestMountain/Yellow-throatedMarten.ogg ...
Processing product/media/audio/ui/SouthWestMountain/YunnanSnub-NosedMonkey.ogg ...
Processing product/media/theme/.data ...
Processing product/media/theme/.nomedia ...
Processing product/media/theme/MILanProVF.mtz ...
Processing product/media/theme/custom_online_ids.mrm ...
Processing product/media/theme/default ...
Processing product/media/theme/default.mtz ...
Processing product/media/theme/icons_version_1 ...
Processing product/media/theme/miui_mod_icons ...
Processing product/media/theme/theme_compatibility.xml ...
Processing product/media/theme/.data/content ...
Processing product/media/theme/.data/meta ...
Processing product/media/theme/.data/preview ...
Processing product/media/theme/.data/rights ...
Processing product/media/theme/.data/content/clock_1x2 ...
Processing product/media/theme/.data/content/clock_1x4 ...
Processing product/media/theme/.data/content/clock_2x2 ...
Processing product/media/theme/.data/content/clock_2x4 ...
Processing product/media/theme/.data/content/clock_3x4 ...
Processing product/media/theme/.data/content/dual_clock_2x4 ...
Processing product/media/theme/.data/content/dual_clock_3x4 ...
Processing product/media/theme/.data/content/photoframe_2x2 ...
Processing product/media/theme/.data/content/photoframe_2x4 ...
Processing product/media/theme/.data/content/photoframe_4x4 ...
Processing product/media/theme/.data/content/clock_1x2/clock.mrc ...
Processing product/media/theme/.data/content/clock_1x4/clock.mrc ...
Processing product/media/theme/.data/content/clock_2x2/clock.mrc ...
Processing product/media/theme/.data/content/clock_2x2/simple_clock.mrc ...
Processing product/media/theme/.data/content/clock_2x4/classical_clock.mrc ...
Processing product/media/theme/.data/content/clock_2x4/clock.mrc ...
Processing product/media/theme/.data/content/clock_2x4/clock_2x4.mrc ...
Processing product/media/theme/.data/content/clock_3x4/clock.mrc ...
Processing product/media/theme/.data/content/dual_clock_2x4/dual_clock.mrc ...
Processing product/media/theme/.data/content/dual_clock_3x4/dual_clock.mrc ...
Processing product/media/theme/.data/content/photoframe_2x2/photoframe.mrc ...
Processing product/media/theme/.data/content/photoframe_2x4/photoframe.mrc ...
Processing product/media/theme/.data/content/photoframe_4x4/photoframe.mrc ...
Processing product/media/theme/.data/meta/alarm ...
Processing product/media/theme/.data/meta/bootanimation ...
Processing product/media/theme/.data/meta/bootaudio ...
Processing product/media/theme/.data/meta/clock_1x2 ...
Processing product/media/theme/.data/meta/clock_2x2 ...
Processing product/media/theme/.data/meta/clock_2x4 ...
Processing product/media/theme/.data/meta/contact ...
Processing product/media/theme/.data/meta/fonts ...
Processing product/media/theme/.data/meta/fonts_fallback ...
Processing product/media/theme/.data/meta/icons ...
Processing product/media/theme/.data/meta/launcher ...
Processing product/media/theme/.data/meta/lockscreen ...
Processing product/media/theme/.data/meta/lockstyle ...
Processing product/media/theme/.data/meta/mms ...
Processing product/media/theme/.data/meta/notification ...
Processing product/media/theme/.data/meta/photoframe_2x2 ...
Processing product/media/theme/.data/meta/photoframe_2x4 ...
Processing product/media/theme/.data/meta/photoframe_4x4 ...
Processing product/media/theme/.data/meta/ringtone ...
Processing product/media/theme/.data/meta/statusbar ...
Processing product/media/theme/.data/meta/theme ...
Processing product/media/theme/.data/meta/wallpaper ...
Processing product/media/theme/.data/meta/alarm/default.mrm ...
Processing product/media/theme/.data/meta/bootanimation/default.mrm ...
Processing product/media/theme/.data/meta/bootaudio/default.mrm ...
Processing product/media/theme/.data/meta/clock_1x2/clock.mrm ...
Processing product/media/theme/.data/meta/clock_2x2/clock.mrm ...
Processing product/media/theme/.data/meta/clock_2x2/simple_clock.mrm ...
Processing product/media/theme/.data/meta/clock_2x4/classical_clock.mrm ...
Processing product/media/theme/.data/meta/clock_2x4/clock.mrm ...
Processing product/media/theme/.data/meta/clock_2x4/clock_2x4.mrm ...
Processing product/media/theme/.data/meta/contact/default.mrm ...
Processing product/media/theme/.data/meta/fonts/default.mrm ...
Processing product/media/theme/.data/meta/fonts_fallback/default.mrm ...
Processing product/media/theme/.data/meta/icons/default.mrm ...
Processing product/media/theme/.data/meta/launcher/default.mrm ...
Processing product/media/theme/.data/meta/lockscreen/default.mrm ...
Processing product/media/theme/.data/meta/lockstyle/default.mrm ...
Processing product/media/theme/.data/meta/mms/default.mrm ...
Processing product/media/theme/.data/meta/notification/default.mrm ...
Processing product/media/theme/.data/meta/photoframe_2x2/photoframe.mrm ...
Processing product/media/theme/.data/meta/photoframe_2x4/photoframe.mrm ...
Processing product/media/theme/.data/meta/photoframe_4x4/photoframe.mrm ...
Processing product/media/theme/.data/meta/ringtone/default.mrm ...
Processing product/media/theme/.data/meta/statusbar/default.mrm ...
Processing product/media/theme/.data/meta/theme/default.mrm ...
Processing product/media/theme/.data/meta/wallpaper/default.mrm ...
Processing product/media/theme/.data/preview/default ...
Processing product/media/theme/.data/preview/default/preview_contact_0.png ...
Processing product/media/theme/.data/preview/default/preview_fonts_0.png ...
Processing product/media/theme/.data/preview/default/preview_fonts_1.png ...
Processing product/media/theme/.data/preview/default/preview_fonts_2.png ...
Processing product/media/theme/.data/preview/default/preview_fonts_small_0.png ...
Processing product/media/theme/.data/preview/default/preview_icons_mask_0.png ...
Processing product/media/theme/.data/preview/default/preview_icons_mask_1.png ...
Processing product/media/theme/.data/preview/default/preview_icons_small_mask_0.png ...
Processing product/media/theme/.data/preview/default/preview_launcher_mask_0.png ...
Processing product/media/theme/.data/preview/default/preview_launcher_mask_1.png ...
Processing product/media/theme/.data/preview/default/preview_lockscreen_mask_0.png ...
Processing product/media/theme/.data/preview/default/preview_mms_0.png ...
Processing product/media/theme/.data/preview/default/preview_mms_1.png ...
Processing product/media/theme/.data/preview/default/preview_statusbar_mask_0.png ...
Processing product/media/theme/.data/preview/default/preview_statusbar_mask_1.png ...
Processing product/media/theme/.data/preview/default/preview_statusbar_mask_2.png ...
Processing product/media/theme/.data/rights/default.mra ...
Processing product/media/theme/default/dynamicicons ...
Processing product/media/theme/default/gadgets ...
Processing product/media/theme/default/icons ...
Processing product/media/theme/default/keyguardmusicview ...
Processing product/media/theme/default/lock_wallpaper ...
Processing product/media/theme/default/maml ...
Processing product/media/theme/default/powermenu ...
Processing product/media/theme/default/recentspanelmusiccontrol ...
Processing product/media/theme/default/virtuallockscreen ...
Processing product/media/theme/default/gadgets/calculator.mtz ...
Processing product/media/theme/default/gadgets/clock_classical.mrc ...
Processing product/media/theme/default/gadgets/clock_classical.mtz ...
Processing product/media/theme/default/gadgets/notes.mtz ...
Processing product/media/theme/default/gadgets/weather_4x1.mtz ...
Processing product/media/theme/default/gadgets/weather_4x4.mtz ...
Processing product/media/theme/default/maml/maml_clock_4x2_new.mtz ...
Processing product/media/theme/default/maml/maml_clock_4x2_redmi.mtz ...
Processing product/media/theme/default/maml/maml_clock_4x2_v3.mtz ...
Processing product/media/theme/default/maml/maml_weather_2x2.mtz ...
Processing product/media/theme/default/maml/maml_weather_2x2_new.mtz ...
Processing product/media/theme/default/maml/maml_weather_2x2_redmi.mtz ...
Processing product/media/theme/miui_mod_icons/android.png ...
Processing product/media/theme/miui_mod_icons/com.android.bluetooth.png ...
Processing product/media/theme/miui_mod_icons/com.android.browser.png ...
Processing product/media/theme/miui_mod_icons/com.android.calendar.png ...
Processing product/media/theme/miui_mod_icons/com.android.camera.png ...
Processing product/media/theme/miui_mod_icons/com.android.contacts.activities.TwelveKeyDialer.png ...
Processing product/media/theme/miui_mod_icons/com.android.contacts.png ...
Processing product/media/theme/miui_mod_icons/com.android.deskclock.png ...
Processing product/media/theme/miui_mod_icons/com.android.documentsui.png ...
Processing product/media/theme/miui_mod_icons/com.android.email.png ...
Processing product/media/theme/miui_mod_icons/com.android.fileexplorer.png ...
Processing product/media/theme/miui_mod_icons/com.android.mms.png ...
Processing product/media/theme/miui_mod_icons/com.android.music.png ...
Processing product/media/theme/miui_mod_icons/com.android.phone.png ...
Processing product/media/theme/miui_mod_icons/com.android.providers.calendar.png ...
Processing product/media/theme/miui_mod_icons/com.android.providers.contacts.CallLogProvider.png ...
Processing product/media/theme/miui_mod_icons/com.android.providers.contacts.png ...
Processing product/media/theme/miui_mod_icons/com.android.providers.downloads.png ...
Processing product/media/theme/miui_mod_icons/com.android.providers.downloads.ui.png ...
Processing product/media/theme/miui_mod_icons/com.android.settings.png ...
Processing product/media/theme/miui_mod_icons/com.android.settings.wifi.WifiProvider.png ...
Processing product/media/theme/miui_mod_icons/com.android.systemui.png ...
Processing product/media/theme/miui_mod_icons/com.android.thememanager.png ...
Processing product/media/theme/miui_mod_icons/com.android.updater.png ...
Processing product/media/theme/miui_mod_icons/com.android.voicedialer.png ...
Processing product/media/theme/miui_mod_icons/com.duokan.phone.remotecontroller.png ...
Processing product/media/theme/miui_mod_icons/com.haseeb.recorder.png ...
Processing product/media/theme/miui_mod_icons/com.mi.android.globalFileexplorer.png ...
Processing product/media/theme/miui_mod_icons/com.mi.globalbrowser.png ...
Processing product/media/theme/miui_mod_icons/com.mipay.wallet.png ...
Processing product/media/theme/miui_mod_icons/com.miui.barcodescanner.png ...
Processing product/media/theme/miui_mod_icons/com.miui.bugreport.png ...
Processing product/media/theme/miui_mod_icons/com.miui.calculator.png ...
Processing product/media/theme/miui_mod_icons/com.miui.cloudservice.png ...
Processing product/media/theme/miui_mod_icons/com.miui.compass.png ...
Processing product/media/theme/miui_mod_icons/com.miui.creation.png ...
Processing product/media/theme/miui_mod_icons/com.miui.findmy.png ...
Processing product/media/theme/miui_mod_icons/com.miui.fmradio.png ...
Processing product/media/theme/miui_mod_icons/com.miui.gallery.png ...
Processing product/media/theme/miui_mod_icons/com.miui.home.toggle_bg.png ...
Processing product/media/theme/miui_mod_icons/com.miui.hybrid.png ...
Processing product/media/theme/miui_mod_icons/com.miui.micloudsync.png ...
Processing product/media/theme/miui_mod_icons/com.miui.miservice.png ...
Processing product/media/theme/miui_mod_icons/com.miui.notes.png ...
Processing product/media/theme/miui_mod_icons/com.miui.password.png ...
Processing product/media/theme/miui_mod_icons/com.miui.passwords.png ...
Processing product/media/theme/miui_mod_icons/com.miui.player.png ...
Processing product/media/theme/miui_mod_icons/com.miui.securitycenter.png ...
Processing product/media/theme/miui_mod_icons/com.miui.securitymanager.png ...
Processing product/media/theme/miui_mod_icons/com.miui.supermarket.png ...
Processing product/media/theme/miui_mod_icons/com.miui.themestore.png ...
Processing product/media/theme/miui_mod_icons/com.miui.video.png ...
Processing product/media/theme/miui_mod_icons/com.miui.videoplayer.png ...
Processing product/media/theme/miui_mod_icons/com.miui.virtualsim.png ...
Processing product/media/theme/miui_mod_icons/com.miui.voiceassist.png ...
Processing product/media/theme/miui_mod_icons/com.miui.voiceassistProxy.png ...
Processing product/media/theme/miui_mod_icons/com.miui.weather2.png ...
Processing product/media/theme/miui_mod_icons/com.xiaomi.calendar.png ...
Processing product/media/theme/miui_mod_icons/com.xiaomi.finddevice.png ...
Processing product/media/theme/miui_mod_icons/com.xiaomi.gamecenter.png ...
Processing product/media/theme/miui_mod_icons/com.xiaomi.scanner.png ...
Processing product/media/theme/miui_mod_icons/com.xiaomi.smarthome.png ...
Processing product/media/theme/miui_mod_icons/com.xiaomi.tag.png ...
Processing product/media/theme/miui_mod_icons/com.xiaomi.xmsf.FindDevice.png ...
Processing product/media/theme/miui_mod_icons/com.xiaomi.xmsf.account.ui.MiCloudSettingsActivity.png ...
Processing product/media/theme/miui_mod_icons/com.yidian.xiaomi.png ...
Processing product/media/theme/miui_mod_icons/icon_background.png ...
Processing product/media/theme/miui_mod_icons/icon_border.png ...
Processing product/media/theme/miui_mod_icons/icon_folder.png ...
Processing product/media/theme/miui_mod_icons/icon_folder_light.png ...
Processing product/media/theme/miui_mod_icons/icon_mask.png ...
Processing product/media/theme/miui_mod_icons/icon_pattern.png ...
Processing product/media/theme/miui_mod_icons/org.lineageos.recorder.png ...
Processing product/media/theme/miui_mod_icons/status_bar_toggle_bluetooth_off.png ...
Processing product/media/theme/miui_mod_icons/status_bar_toggle_bluetooth_on.png ...
Processing product/media/theme/miui_mod_icons/status_bar_toggle_data_off.png ...
Processing product/media/theme/miui_mod_icons/status_bar_toggle_data_on.png ...
Processing product/media/theme/miui_mod_icons/status_bar_toggle_flight_mode_off.png ...
Processing product/media/theme/miui_mod_icons/status_bar_toggle_flight_mode_on.png ...
Processing product/media/theme/miui_mod_icons/status_bar_toggle_lock.png ...
Processing product/media/theme/miui_mod_icons/status_bar_toggle_lock_on.png ...
Processing product/media/theme/miui_mod_icons/status_bar_toggle_torch_off.png ...
Processing product/media/theme/miui_mod_icons/status_bar_toggle_torch_on.png ...
Processing product/media/theme/miui_mod_icons/status_bar_toggle_wifi_ap_off.png ...
Processing product/media/theme/miui_mod_icons/status_bar_toggle_wifi_ap_on.png ...
Processing product/media/theme/miui_mod_icons/status_bar_toggle_wifi_off.png ...
Processing product/media/theme/miui_mod_icons/status_bar_toggle_wifi_on.png ...
Processing product/media/theme/miui_mod_icons/sym_def_app_icon.png ...
Processing product/media/wallpaper/.nomedia ...
Processing product/media/wallpaper/ai_wallpaper ...
Processing product/media/wallpaper/sysui_editor_wallpaper_group ...
Processing product/media/wallpaper/wallpaper_cmf_dynamic ...
Processing product/media/wallpaper/wallpaper_group ...
Processing product/media/wallpaper/sysui_editor_wallpaper_group/01_magazine ...
Processing product/media/wallpaper/sysui_editor_wallpaper_group/02_east ...
Processing product/media/wallpaper/sysui_editor_wallpaper_group/03_classic ...
Processing product/media/wallpaper/sysui_editor_wallpaper_group/enable_video_depth ...
Processing product/media/wallpaper/sysui_editor_wallpaper_group/os3_classic ...
Processing product/media/wallpaper/sysui_editor_wallpaper_group/01_magazine/magazine01.jpg ...
Processing product/media/wallpaper/sysui_editor_wallpaper_group/01_magazine/magazine02.jpg ...
Processing product/media/wallpaper/sysui_editor_wallpaper_group/01_magazine/magazine02_mask.jpg ...
Processing product/media/wallpaper/sysui_editor_wallpaper_group/01_magazine/magazine03.jpg ...
Processing product/media/wallpaper/sysui_editor_wallpaper_group/01_magazine/magazine03_mask.jpg ...
Processing product/media/wallpaper/sysui_editor_wallpaper_group/01_magazine/magazine04.jpg ...
Processing product/media/wallpaper/sysui_editor_wallpaper_group/01_magazine/magazine04_mask.jpg ...
Processing product/media/wallpaper/sysui_editor_wallpaper_group/01_magazine/magazine05.jpg ...
Processing product/media/wallpaper/sysui_editor_wallpaper_group/01_magazine/magazine05_mask.jpg ...
Processing product/media/wallpaper/sysui_editor_wallpaper_group/01_magazine/magazine06.jpg ...
Processing product/media/wallpaper/sysui_editor_wallpaper_group/01_magazine/magazine06_mask.jpg ...
Processing product/media/wallpaper/sysui_editor_wallpaper_group/01_magazine/magazine07.jpg ...
Processing product/media/wallpaper/sysui_editor_wallpaper_group/01_magazine/magazine07_mask.jpg ...
Processing product/media/wallpaper/sysui_editor_wallpaper_group/01_magazine/magazine08.jpg ...
Processing product/media/wallpaper/sysui_editor_wallpaper_group/01_magazine/magazine08_mask.jpg ...
Processing product/media/wallpaper/sysui_editor_wallpaper_group/01_magazine/magazine09.jpg ...
Processing product/media/wallpaper/sysui_editor_wallpaper_group/01_magazine/magazine09_mask.jpg ...
Processing product/media/wallpaper/sysui_editor_wallpaper_group/01_magazine/wallpaper_config.json ...
Processing product/media/wallpaper/sysui_editor_wallpaper_group/02_east/east01.jpg ...
Processing product/media/wallpaper/sysui_editor_wallpaper_group/02_east/east02.jpg ...
Processing product/media/wallpaper/sysui_editor_wallpaper_group/02_east/east02_mask.jpg ...
Processing product/media/wallpaper/sysui_editor_wallpaper_group/02_east/east03.jpg ...
Processing product/media/wallpaper/sysui_editor_wallpaper_group/02_east/east04.jpg ...
Processing product/media/wallpaper/sysui_editor_wallpaper_group/02_east/east04_mask.jpg ...
Processing product/media/wallpaper/sysui_editor_wallpaper_group/02_east/east05.jpg ...
Processing product/media/wallpaper/sysui_editor_wallpaper_group/02_east/wallpaper_config.json ...
Processing product/media/wallpaper/sysui_editor_wallpaper_group/03_classic/classic01.jpg ...
Processing product/media/wallpaper/sysui_editor_wallpaper_group/03_classic/classic01_mask.jpg ...
Processing product/media/wallpaper/sysui_editor_wallpaper_group/03_classic/classic02.jpg ...
Processing product/media/wallpaper/sysui_editor_wallpaper_group/03_classic/classic02_mask.jpg ...
Processing product/media/wallpaper/sysui_editor_wallpaper_group/03_classic/classic03.jpg ...
Processing product/media/wallpaper/sysui_editor_wallpaper_group/03_classic/classic04.jpg ...
Processing product/media/wallpaper/sysui_editor_wallpaper_group/03_classic/classic04_mask.jpg ...
Processing product/media/wallpaper/sysui_editor_wallpaper_group/03_classic/classic05.jpg ...
Processing product/media/wallpaper/sysui_editor_wallpaper_group/03_classic/wallpaper_config.json ...
Processing product/media/wallpaper/sysui_editor_wallpaper_group/os3_classic/classic01.jpg ...
Processing product/media/wallpaper/sysui_editor_wallpaper_group/os3_classic/classic01_mask.jpg ...
Processing product/media/wallpaper/sysui_editor_wallpaper_group/os3_classic/classic02.jpg ...
Processing product/media/wallpaper/sysui_editor_wallpaper_group/os3_classic/classic03.jpg ...
Processing product/media/wallpaper/sysui_editor_wallpaper_group/os3_classic/classic03_mask.jpg ...
Processing product/media/wallpaper/sysui_editor_wallpaper_group/os3_classic/classic04.jpg ...
Processing product/media/wallpaper/sysui_editor_wallpaper_group/os3_classic/classic04_mask.jpg ...
Processing product/media/wallpaper/sysui_editor_wallpaper_group/os3_classic/classic05.jpg ...
Processing product/media/wallpaper/sysui_editor_wallpaper_group/os3_classic/wallpaper_config.json ...
Processing product/media/wallpaper/wallpaper_cmf_dynamic/wallpaper_config.json ...
Processing product/media/wallpaper/wallpaper_group/00_CMFdynamic ...
Processing product/media/wallpaper/wallpaper_group/03_SoftLight ...
Processing product/media/wallpaper/wallpaper_group/00_CMFdynamic/wallpaper_BK.jpg ...
Processing product/media/wallpaper/wallpaper_group/00_CMFdynamic/wallpaper_BK_mask.jpg ...
Processing product/media/wallpaper/wallpaper_group/00_CMFdynamic/wallpaper_BK_subject.webp ...
Processing product/media/wallpaper/wallpaper_group/00_CMFdynamic/wallpaper_BL.jpg ...
Processing product/media/wallpaper/wallpaper_group/00_CMFdynamic/wallpaper_BL_mask.jpg ...
Processing product/media/wallpaper/wallpaper_group/00_CMFdynamic/wallpaper_BL_subject.webp ...
Processing product/media/wallpaper/wallpaper_group/00_CMFdynamic/wallpaper_DG.jpg ...
Processing product/media/wallpaper/wallpaper_group/00_CMFdynamic/wallpaper_DG_mask.jpg ...
Processing product/media/wallpaper/wallpaper_group/00_CMFdynamic/wallpaper_DG_subject.webp ...
Processing product/media/wallpaper/wallpaper_group/00_CMFdynamic/wallpaper_PK.jpg ...
Processing product/media/wallpaper/wallpaper_group/00_CMFdynamic/wallpaper_PK_mask.jpg ...
Processing product/media/wallpaper/wallpaper_group/00_CMFdynamic/wallpaper_PK_subject.webp ...
Processing product/media/wallpaper/wallpaper_group/00_CMFdynamic/wallpaper_WH.jpg ...
Processing product/media/wallpaper/wallpaper_group/00_CMFdynamic/wallpaper_WH_mask.jpg ...
Processing product/media/wallpaper/wallpaper_group/00_CMFdynamic/wallpaper_WH_subject.webp ...
Processing product/media/wallpaper/wallpaper_group/00_CMFdynamic/wallpaper_config.json ...
Processing product/media/wallpaper/wallpaper_group/03_SoftLight/SoftLight01.png ...
Processing product/media/wallpaper/wallpaper_group/03_SoftLight/SoftLight01_MASK.png ...
Processing product/media/wallpaper/wallpaper_group/03_SoftLight/SoftLight02.png ...
Processing product/media/wallpaper/wallpaper_group/03_SoftLight/SoftLight03.png ...
Processing product/media/wallpaper/wallpaper_group/03_SoftLight/SoftLight03_MASK.png ...
Processing product/media/wallpaper/wallpaper_group/03_SoftLight/SoftLight04.png ...
Processing product/media/wallpaper/wallpaper_group/03_SoftLight/SoftLight04_MASK.png ...
Processing product/media/wallpaper/wallpaper_group/03_SoftLight/SoftLight05.png ...
Processing product/media/wallpaper/wallpaper_group/03_SoftLight/SoftLight06.png ...
Processing product/media/wallpaper/wallpaper_group/03_SoftLight/SoftLight07.png ...
Processing product/media/wallpaper/wallpaper_group/03_SoftLight/SoftLight07_MASK.png ...
Processing product/media/wallpaper/wallpaper_group/03_SoftLight/SoftLight08.png ...
Processing product/media/wallpaper/wallpaper_group/03_SoftLight/SoftLight08_MASK.png ...
Processing product/media/wallpaper/wallpaper_group/03_SoftLight/wallpaper_config.json ...
Processing product/overlay/AospFrameworkResOverlay.apk ...
Processing product/overlay/AospFrameworkTelephonyResOverlay.apk ...
Processing product/overlay/AospWifiResOverlay.apk ...
Processing product/overlay/AospWifiResOverlay_mainline.apk ...
Processing product/overlay/BiometricSensorOverlay.apk ...
Processing product/overlay/CarrierConfigResCommon_Sys.apk ...
Processing product/overlay/CellBroadcastReceiverResCommon_Sys.apk ...
Processing product/overlay/CompanionDeviceManager__nosdcard__auto_generated_characteristics_rro.apk ...
Processing product/overlay/DisplayCutoutEmulationCorner ...
Processing product/overlay/DisplayCutoutEmulationDouble ...
Processing product/overlay/DisplayCutoutEmulationHole ...
Processing product/overlay/DisplayCutoutEmulationTall ...
Processing product/overlay/DisplayCutoutEmulationWaterfall ...
Processing product/overlay/ElderlyNavigationBarOverlay.apk ...
Processing product/overlay/FontNotoSerifSource ...
Processing product/overlay/FrameworksResCommonQva_Sys.apk ...
Processing product/overlay/FrameworksResCommon_Sys.apk ...
Processing product/overlay/FrameworksResNonModem_Sys.apk ...
Processing product/overlay/GestureLineOverlay.apk ...
Processing product/overlay/GmsCnConfigOverlay.apk ...
Processing product/overlay/GmsCnSettingsOverlay.apk ...
Processing product/overlay/GmsCnSystemUIOverlay.apk ...
Processing product/overlay/GmsCnTelecommOverlay.apk ...
Processing product/overlay/GmsContactProviderOverlay.apk ...
Processing product/overlay/GmsMiCSPTelecommOverlay.apk ...
Processing product/overlay/GmsMiCSPTelephonyOverlay.apk ...
Processing product/overlay/GmsSettingProviderOverlay.apk ...
Processing product/overlay/MIWallpaperOverlay.apk ...
Processing product/overlay/ManagedProvisioningResOverlay.apk ...
Processing product/overlay/MccMncOverlay.apk ...
Processing product/overlay/MiTelephonyExtResOverlay.apk ...
Processing product/overlay/MiuiBtRRODeviceConfigOverlay.apk ...
Processing product/overlay/MiuiCellBroadcastReceiverOverlay.apk ...
Processing product/overlay/MiuiCellBroadcastServiceOverlay.apk ...
Processing product/overlay/MiuiCustomizeLockscreenOverlay.apk ...
Processing product/overlay/MiuiCustomizeWallpaperOverlay.apk ...
Processing product/overlay/MiuiDefaultLockscreenOverlay.apk ...
Processing product/overlay/MiuiDefaultWallpaperOverlay.apk ...
Processing product/overlay/MiuiFrameworkResOverlay.apk ...
Processing product/overlay/MiuiFrameworkTelephonyResOverlay.apk ...
Processing product/overlay/MiuiHomeLauncherResOverlay.apk ...
Processing product/overlay/MiuiLundunLockscreenOverlay.apk ...
Processing product/overlay/MiuiLundunWallpaperOverlay.apk ...
Processing product/overlay/MiuiNewCallSdkResOverlay.apk ...
Processing product/overlay/MiuiPOCOLockscreenOverlay.apk ...
Processing product/overlay/MiuiPOCOWallpaperOverlay.apk ...
Processing product/overlay/MiuiPocoLauncherResOverlay.apk ...
Processing product/overlay/MiuiPowerInsightOverlay.apk ...
Processing product/overlay/MiuiQRLockscreenOverlay.apk ...
Processing product/overlay/MiuiQRWallpaperOverlay.apk ...
Processing product/overlay/MiuiSecurityCoreOverlay.apk ...
Processing product/overlay/MiuiServiceOverlay ...
Processing product/overlay/MiuiSettingsResOverlay.apk ...
Processing product/overlay/MiuiStkResOverlay.apk ...
Processing product/overlay/MiuiSystemSdkResOverlay.apk ...
Processing product/overlay/MiuiSystemUIResOverlay.apk ...
Processing product/overlay/MiuiTelecomResOverlay.apk ...
Processing product/overlay/MiuiTelephonyProviderResOverlay.apk ...
Processing product/overlay/MiuiTelephonyResOverlay.apk ...
Processing product/overlay/MiuiThemeManagerCnOverlay.apk ...
Processing product/overlay/NavigationBarMode3Button ...
Processing product/overlay/NavigationBarModeGestural ...
Processing product/overlay/NcmTetheringResCommonGMS_Sys.apk ...
Processing product/overlay/NcmTetheringResCommon_Sys.apk ...
Processing product/overlay/NetworkStackOverlay.apk ...
Processing product/overlay/NotesRoleEnabled ...
Processing product/overlay/SettingsProviderCustResOverlay.apk ...
Processing product/overlay/SettingsResCommon_Sys.apk ...
Processing product/overlay/SettingsRroCommonOverlay.apk ...
Processing product/overlay/SettingsRroDeviceConfigOverlay.apk ...
Processing product/overlay/SettingsRroDeviceHideStatusBarOverlay.apk ...
Processing product/overlay/SettingsRroDeviceSystemUiOverlay.apk ...
Processing product/overlay/SettingsRroDeviceTypeOverlay.apk ...
Processing product/overlay/SystemUIResCommon_Sys.apk ...
Processing product/overlay/TeleService__nosdcard__auto_generated_characteristics_rro.apk ...
Processing product/overlay/TelecommResCommon_Sys.apk ...
Processing product/overlay/TelephonyProvider__nosdcard__auto_generated_characteristics_rro.apk ...
Processing product/overlay/TelephonyResCommon_Sys.apk ...
Processing product/overlay/TransparentNavigationBar ...
Processing product/overlay/UwbResCommonMainline_Sys.apk ...
Processing product/overlay/UwbResCommon_Sys.apk ...
Processing product/overlay/VoiceAssistAndroidOverlay ...
Processing product/overlay/framework-res__nosdcard__auto_generated_characteristics_rro.apk ...
Processing product/overlay/partition_order.xml ...
Processing product/overlay/signed_PLATFORM_cf766d1e91_app_sec_overlay-release-unsigned.apk ...
Processing product/overlay/z-id-AuthManager.apk ...
Processing product/overlay/z-id-Backup.apk ...
Processing product/overlay/z-id-BackupRestoreConfirmation.apk ...
Processing product/overlay/z-id-BlockedNumberProvider.apk ...
Processing product/overlay/z-id-Bluetooth.apk ...
Processing product/overlay/z-id-Browser.apk ...
Processing product/overlay/z-id-Calendar.apk ...
Processing product/overlay/z-id-CalenderProvider.apk ...
Processing product/overlay/z-id-CallLogBackup.apk ...
Processing product/overlay/z-id-CarrierDefaultApp.apk ...
Processing product/overlay/z-id-CertInstaller.apk ...
Processing product/overlay/z-id-CleanMaster.apk ...
Processing product/overlay/z-id-CloudBackup.apk ...
Processing product/overlay/z-id-CloudServices.apk ...
Processing product/overlay/z-id-Compass.apk ...
Processing product/overlay/z-id-ContactsProvider.apk ...
Processing product/overlay/z-id-DownloadProvider.apk ...
Processing product/overlay/z-id-DownloadProviderUi.apk ...
Processing product/overlay/z-id-EmergencyInfo.apk ...
Processing product/overlay/z-id-Extension.apk ...
Processing product/overlay/z-id-ExternalStorageProvider.apk ...
Processing product/overlay/z-id-FileExplorer.apk ...
Processing product/overlay/z-id-FindDevice.apk ...
Processing product/overlay/z-id-FrequentPhrase.apk ...
Processing product/overlay/z-id-GuardProvider.apk ...
Processing product/overlay/z-id-HTMLviewer.apk ...
Processing product/overlay/z-id-InCallUI.apk ...
Processing product/overlay/z-id-KeyChain.apk ...
Processing product/overlay/z-id-ManagedProvisioning.apk ...
Processing product/overlay/z-id-MediaProvider.apk ...
Processing product/overlay/z-id-MiCloudSync.apk ...
Processing product/overlay/z-id-MiSound.apk ...
Processing product/overlay/z-id-MiuiBluetooth.apk ...
Processing product/overlay/z-id-MiuiCamera.apk ...
Processing product/overlay/z-id-MiuiGallery.apk ...
Processing product/overlay/z-id-MiuiHome.apk ...
Processing product/overlay/z-id-MiuiPackageInstaller.apk ...
Processing product/overlay/z-id-MiuiScanner.apk ...
Processing product/overlay/z-id-MiuiSystemUI.apk ...
Processing product/overlay/z-id-Mms.apk ...
Processing product/overlay/z-id-MusicFx.apk ...
Processing product/overlay/z-id-PersonalAssistant.apk ...
Processing product/overlay/z-id-PowerKeeper.apk ...
Processing product/overlay/z-id-PrintSpooler.apk ...
Processing product/overlay/z-id-QuickSearchBox.apk ...
Processing product/overlay/z-id-RadioFM.apk ...
Processing product/overlay/z-id-SecurityCenter.apk ...
Processing product/overlay/z-id-SecurityCore.apk ...
Processing product/overlay/z-id-Settings.apk ...
Processing product/overlay/z-id-SettingsProvider.apk ...
Processing product/overlay/z-id-Shell.apk ...
Processing product/overlay/z-id-StorageManager.apk ...
Processing product/overlay/z-id-TeleService.apk ...
Processing product/overlay/z-id-Telecom.apk ...
Processing product/overlay/z-id-TelephonyProvider.apk ...
Processing product/overlay/z-id-ThemeManager.apk ...
Processing product/overlay/z-id-VpnDialogs.apk ...
Processing product/overlay/z-id-WallpaperCropper.apk ...
Processing product/overlay/z-id-WfdService.apk ...
Processing product/overlay/z-id-XiaomiAccount.apk ...
Processing product/overlay/z-id-XiaomiServiceFramework.apk ...
Processing product/overlay/z-id-XiaomiSimActivateService.apk ...
Processing product/overlay/z-id-framework-ext-res.apk ...
Processing product/overlay/z-id-framework-res.apk ...
Processing product/overlay/z-id-miui.apk ...
Processing product/overlay/z-id-miuisystem.apk ...
Processing product/overlay/z-ru-AICallAssistant.apk ...
Processing product/overlay/z-ru-AOD.apk ...
Processing product/overlay/z-ru-AppVault.apk ...
Processing product/overlay/z-ru-AudioMonitor.apk ...
Processing product/overlay/z-ru-Backup.apk ...
Processing product/overlay/z-ru-BaiduForMIUI.apk ...
Processing product/overlay/z-ru-BatteryAndPerformance.apk ...
Processing product/overlay/z-ru-Bluetooth.apk ...
Processing product/overlay/z-ru-BulletScreenNot.apk ...
Processing product/overlay/z-ru-Calendar.apk ...
Processing product/overlay/z-ru-CalendarStorage.apk ...
Processing product/overlay/z-ru-CarLife.apk ...
Processing product/overlay/z-ru-CarWith.apk ...
Processing product/overlay/z-ru-Cast.apk ...
Processing product/overlay/z-ru-CleanMaster.apk ...
Processing product/overlay/z-ru-Clock.apk ...
Processing product/overlay/z-ru-CompanionDeviceManager.apk ...
Processing product/overlay/z-ru-ContactsAndDialer.apk ...
Processing product/overlay/z-ru-ContactsStorage.apk ...
Processing product/overlay/z-ru-DownloadUI.apk ...
Processing product/overlay/z-ru-Downloads.apk ...
Processing product/overlay/z-ru-Earphones.apk ...
Processing product/overlay/z-ru-FamilyGuard.apk ...
Processing product/overlay/z-ru-Feedback.apk ...
Processing product/overlay/z-ru-FileManager.apk ...
Processing product/overlay/z-ru-Files.apk ...
Processing product/overlay/z-ru-FindDevice.apk ...
Processing product/overlay/z-ru-FloatingWindow.apk ...
Processing product/overlay/z-ru-Framework_res.apk ...
Processing product/overlay/z-ru-Gallery.apk ...
Processing product/overlay/z-ru-GalleryEditor.apk ...
Processing product/overlay/z-ru-GmsConfigOverlayCommon.apk ...
Processing product/overlay/z-ru-GmsConfigOverlayGSA.apk ...
Processing product/overlay/z-ru-HTMLViewer.apk ...
Processing product/overlay/z-ru-HandWriting.apk ...
Processing product/overlay/z-ru-Health.apk ...
Processing product/overlay/z-ru-Home.apk ...
Processing product/overlay/z-ru-Joyose.apk ...
Processing product/overlay/z-ru-MIAccessebility.apk ...
Processing product/overlay/z-ru-MIConnectService.apk ...
Processing product/overlay/z-ru-MIUI+Beta.apk ...
Processing product/overlay/z-ru-MIUIAICR.apk ...
Processing product/overlay/z-ru-MIUIBluetooth.apk ...
Processing product/overlay/z-ru-MIUICloudBackup.apk ...
Processing product/overlay/z-ru-MIUICloudService.apk ...
Processing product/overlay/z-ru-MTP.apk ...
Processing product/overlay/z-ru-MaintenanceMode.apk ...
Processing product/overlay/z-ru-MediaProvider.apk ...
Processing product/overlay/z-ru-MediaViewer.apk ...
Processing product/overlay/z-ru-Messaging.apk ...
Processing product/overlay/z-ru-MiAITranslate.apk ...
Processing product/overlay/z-ru-MiAccount.apk ...
Processing product/overlay/z-ru-MiBrowser.apk ...
Processing product/overlay/z-ru-MiCloudSync.apk ...
Processing product/overlay/z-ru-MiDrive.apk ...
Processing product/overlay/z-ru-MiMacro.apk ...
Processing product/overlay/z-ru-MiMonitor.apk ...
Processing product/overlay/z-ru-MiSettings.apk ...
Processing product/overlay/z-ru-MiShare.apk ...
Processing product/overlay/z-ru-MiSightService.apk ...
Processing product/overlay/z-ru-MiSound.apk ...
Processing product/overlay/z-ru-MiVideo.apk ...
Processing product/overlay/z-ru-MiraLink.apk ...
Processing product/overlay/z-ru-MiuiCore.apk ...
Processing product/overlay/z-ru-MiuiExtraPhoto.apk ...
Processing product/overlay/z-ru-MiuiFrequentPhrase.apk ...
Processing product/overlay/z-ru-MiuiInput.apk ...
Processing product/overlay/z-ru-MiuiSecurityComponent.apk ...
Processing product/overlay/z-ru-MiuiWallpaper.apk ...
Processing product/overlay/z-ru-MiuiWifiDialog.apk ...
Processing product/overlay/z-ru-MiuiXEditor.apk ...
Processing product/overlay/z-ru-Music.apk ...
Processing product/overlay/z-ru-NfcServices.apk ...
Processing product/overlay/z-ru-Notes.apk ...
Processing product/overlay/z-ru-Notification.apk ...
Processing product/overlay/z-ru-PackageInstaller.apk ...
Processing product/overlay/z-ru-PermControl.apk ...
Processing product/overlay/z-ru-Permission.apk ...
Processing product/overlay/z-ru-Phone.apk ...
Processing product/overlay/z-ru-PhoneAndMessagingStorage.apk ...
Processing product/overlay/z-ru-PhoneServices.apk ...
Processing product/overlay/z-ru-PortalLogin.apk ...
Processing product/overlay/z-ru-PreSale.apk ...
Processing product/overlay/z-ru-PrintService.apk ...
Processing product/overlay/z-ru-PrintSpooler.apk ...
Processing product/overlay/z-ru-Provision.apk ...
Processing product/overlay/z-ru-QuickBall.apk ...
Processing product/overlay/z-ru-Radius.apk ...
Processing product/overlay/z-ru-STK.apk ...
Processing product/overlay/z-ru-Scanner.apk ...
Processing product/overlay/z-ru-Screenshot.apk ...
Processing product/overlay/z-ru-Search.apk ...
Processing product/overlay/z-ru-Security.apk ...
Processing product/overlay/z-ru-SecurityCoreComponent.apk ...
Processing product/overlay/z-ru-SecurityManager.apk ...
Processing product/overlay/z-ru-Service_Feedback.apk ...
Processing product/overlay/z-ru-Settings.apk ...
Processing product/overlay/z-ru-SettingsIntelligence.apk ...
Processing product/overlay/z-ru-Shell.apk ...
Processing product/overlay/z-ru-StorageManager.apk ...
Processing product/overlay/z-ru-SubScreen.apk ...
Processing product/overlay/z-ru-Sugest_xiaoai.apk ...
Processing product/overlay/z-ru-System-uiplugin.apk ...
Processing product/overlay/z-ru-SystemServicePlugin.apk ...
Processing product/overlay/z-ru-SystemUI.apk ...
Processing product/overlay/z-ru-TAG.apk ...
Processing product/overlay/z-ru-Taplus.apk ...
Processing product/overlay/z-ru-Telecom.apk ...
Processing product/overlay/z-ru-ThemeStore.apk ...
Processing product/overlay/z-ru-Themes.apk ...
Processing product/overlay/z-ru-ThirdPartyAPP.apk ...
Processing product/overlay/z-ru-Updater.apk ...
Processing product/overlay/z-ru-VPNDialog.apk ...
Processing product/overlay/z-ru-WallpaperCarousel.apk ...
Processing product/overlay/z-ru-WfdService.apk ...
Processing product/overlay/z-ru-WifiRes.apk ...
Processing product/overlay/z-ru-XiaoAI.apk ...
Processing product/overlay/z-ru-XiaomiSimActivateService.apk ...
Processing product/overlay/z-ru-mi_wifi.apk ...
Processing product/overlay/z-weather2.apk ...
Processing product/overlay/DisplayCutoutEmulationCorner/DisplayCutoutEmulationCornerOverlay.apk ...
Processing product/overlay/DisplayCutoutEmulationDouble/DisplayCutoutEmulationDoubleOverlay.apk ...
Processing product/overlay/DisplayCutoutEmulationHole/DisplayCutoutEmulationHoleOverlay.apk ...
Processing product/overlay/DisplayCutoutEmulationTall/DisplayCutoutEmulationTallOverlay.apk ...
Processing product/overlay/DisplayCutoutEmulationWaterfall/DisplayCutoutEmulationWaterfallOverlay.apk ...
Processing product/overlay/FontNotoSerifSource/FontNotoSerifSourceOverlay.apk ...
Processing product/overlay/MiuiServiceOverlay/MiuiServiceOverlay.apk ...
Processing product/overlay/NavigationBarMode3Button/NavigationBarMode3ButtonOverlay.apk ...
Processing product/overlay/NavigationBarModeGestural/NavigationBarModeGesturalOverlay.apk ...
Processing product/overlay/NotesRoleEnabled/NotesRoleEnabledOverlay.apk ...
Processing product/overlay/TransparentNavigationBar/TransparentNavigationBarOverlay.apk ...
Processing product/overlay/VoiceAssistAndroidOverlay/VoiceAssistAndroidOverlay.apk ...
Processing product/priv-app/AutoRegistration ...
Processing product/priv-app/Backup ...
Processing product/priv-app/GmsCore ...
Processing product/priv-app/ImsServiceEntitlement ...
Processing product/priv-app/InCallUI ...
Processing product/priv-app/MISettings ...
Processing product/priv-app/MIUIAod ...
Processing product/priv-app/MIUICloudBackup ...
Processing product/priv-app/MIUIContactsT ...
Processing product/priv-app/MIUIContentExtension ...
Processing product/priv-app/MIUIPackageInstaller ...
Processing product/priv-app/MIUIQuickSearchBox ...
Processing product/priv-app/MIUISecurityCenter ...
Processing product/priv-app/MIUIYellowPage ...
Processing product/priv-app/MetokNLP ...
Processing product/priv-app/MiuiBarrage ...
Processing product/priv-app/MiuiHome ...
Processing product/priv-app/MiuiMms ...
Processing product/priv-app/Phonesky ...
Processing product/priv-app/PrebuiltGmsCoreVic ...
Processing product/priv-app/SettingsIntelligence ...
Processing product/priv-app/Toolbox ...
Processing product/priv-app/AutoRegistration/AutoRegistration.apk ...
Processing product/priv-app/AutoRegistration/oat ...
Processing product/priv-app/AutoRegistration/oat/arm64 ...
Processing product/priv-app/Backup/Backup.apk ...
Processing product/priv-app/Backup/oat ...
Processing product/priv-app/Backup/oat/arm64 ...
Processing product/priv-app/GmsCore/m ...
Processing product/priv-app/GmsCore/m/independent ...
Processing product/priv-app/GmsCore/m/independent/AndroidPlatformServices.apk ...
Processing product/priv-app/GmsCore/m/independent/oat ...
Processing product/priv-app/GmsCore/m/independent/oat/arm64 ...
Processing product/priv-app/ImsServiceEntitlement/ImsServiceEntitlement.apk ...
Processing product/priv-app/ImsServiceEntitlement/oat ...
Processing product/priv-app/ImsServiceEntitlement/oat/arm64 ...
Processing product/priv-app/InCallUI/InCallUI.apk ...
Processing product/priv-app/InCallUI/oat ...
Processing product/priv-app/InCallUI/oat/arm64 ...
Processing product/priv-app/MISettings/MISettings.apk ...
Processing product/priv-app/MISettings/oat ...
Processing product/priv-app/MISettings/oat/arm64 ...
Processing product/priv-app/MIUIAod/MIUIAod.apk ...
Processing product/priv-app/MIUIAod/oat ...
Processing product/priv-app/MIUIAod/oat/arm64 ...
Processing product/priv-app/MIUICloudBackup/MIUICloudBackup.apk ...
Processing product/priv-app/MIUICloudBackup/oat ...
Processing product/priv-app/MIUICloudBackup/oat/arm64 ...
Processing product/priv-app/MIUIContactsT/MIUIContactsT.apk ...
Processing product/priv-app/MIUIContactsT/oat ...
Processing product/priv-app/MIUIContactsT/oat/arm64 ...
Processing product/priv-app/MIUIContentExtension/MIUIContentExtension.apk ...
Processing product/priv-app/MIUIContentExtension/oat ...
Processing product/priv-app/MIUIContentExtension/oat/arm64 ...
Processing product/priv-app/MIUIPackageInstaller/MIUIPackageInstaller.apk ...
Processing product/priv-app/MIUIQuickSearchBox/MIUIQuickSearchBox.apk ...
Processing product/priv-app/MIUIQuickSearchBox/oat ...
Processing product/priv-app/MIUIQuickSearchBox/oat/arm64 ...
Processing product/priv-app/MIUISecurityCenter/MIUISecurityCenter.apk ...
Processing product/priv-app/MIUISecurityCenter/oat ...
Processing product/priv-app/MIUISecurityCenter/oat/arm64 ...
Processing product/priv-app/MIUIYellowPage/MIUIYellowPage.apk ...
Processing product/priv-app/MIUIYellowPage/oat ...
Processing product/priv-app/MIUIYellowPage/oat/arm64 ...
Processing product/priv-app/MetokNLP/MetokNLP.apk ...
Processing product/priv-app/MetokNLP/oat ...
Processing product/priv-app/MetokNLP/oat/arm64 ...
Processing product/priv-app/MiuiBarrage/MiuiBarrage.apk ...
Processing product/priv-app/MiuiBarrage/oat ...
Processing product/priv-app/MiuiBarrage/oat/arm64 ...
Processing product/priv-app/MiuiHome/MiuiHome.apk ...
Processing product/priv-app/MiuiMms/MiuiMms.apk ...
Processing product/priv-app/MiuiMms/oat ...
Processing product/priv-app/MiuiMms/oat/arm64 ...
Processing product/priv-app/Phonesky/base.apk ...
Processing product/priv-app/Phonesky/split_config.arm64_v8a.apk ...
Processing product/priv-app/Phonesky/split_config.en.apk ...
Processing product/priv-app/Phonesky/split_config.in.apk ...
Processing product/priv-app/Phonesky/split_config.ru.apk ...
Processing product/priv-app/Phonesky/split_phonesky_data_loader.apk ...
Processing product/priv-app/Phonesky/split_phonesky_data_loader.config.arm64_v8a.apk ...
Processing product/priv-app/PrebuiltGmsCoreVic/PrebuiltGmsCoreVic.apk ...
Processing product/priv-app/SettingsIntelligence/SettingsIntelligence.apk ...
Processing product/priv-app/SettingsIntelligence/oat ...
Processing product/priv-app/SettingsIntelligence/oat/arm64 ...
Processing product/priv-app/Toolbox/Toolbox.apk ...
Processing product/priv-app/Toolbox/oat ...
Processing product/priv-app/Toolbox/oat/arm64 ...
Processing system/apex ...
Processing system/app ...
Processing system/bin ...
Processing system/build.prop ...
Processing system/etc ...
Processing system/fonts ...
Processing system/framework ...
Processing system/lib ...
Processing system/lib64 ...
Processing system/media ...
Processing system/priv-app ...
Processing system/product ...
Processing system/system_ext ...
Processing system/usr ...
Processing system/vendor ...
Processing system/xbin ...
Processing system/apex/com.android.adbd.apex ...
Processing system/apex/com.android.adservices.apex ...
Processing system/apex/com.android.apex.cts.shim.apex ...
Processing system/apex/com.android.appsearch.apex ...
Processing system/apex/com.android.art.apex ...
Processing system/apex/com.android.bt.apex ...
Processing system/apex/com.android.configinfrastructure.apex ...
Processing system/apex/com.android.conscrypt.apex ...
Processing system/apex/com.android.crashrecovery.apex ...
Processing system/apex/com.android.devicelock.apex ...
Processing system/apex/com.android.extservices.apex ...
Processing system/apex/com.android.healthfitness.apex ...
Processing system/apex/com.android.i18n.apex ...
Processing system/apex/com.android.ipsec.apex ...
Processing system/apex/com.android.media.apex ...
Processing system/apex/com.android.media.swcodec.apex ...
Processing system/apex/com.android.mediaprovider.apex ...
Processing system/apex/com.android.neuralnetworks.apex ...
Processing system/apex/com.android.npumanager.apex ...
Processing system/apex/com.android.ondevicepersonalization.apex ...
Processing system/apex/com.android.os.statsd.apex ...
Processing system/apex/com.android.permission.apex ...
Processing system/apex/com.android.profiling.apex ...
Processing system/apex/com.android.resolv.apex ...
Processing system/apex/com.android.rkpd.apex ...
Processing system/apex/com.android.runtime.apex ...
Processing system/apex/com.android.scheduling.apex ...
Processing system/apex/com.android.sdkext.apex ...
Processing system/apex/com.android.telephonycore.apex ...
Processing system/apex/com.android.tethering.apex ...
Processing system/apex/com.android.tzdata.apex ...
Processing system/apex/com.android.uprobestats.apex ...
Processing system/apex/com.android.uwb.apex ...
Processing system/apex/com.android.virt.apex ...
Processing system/apex/com.android.webapp.apex ...
Processing system/apex/com.android.wifi.apex ...
Processing system/app/AppSearchAiSealConfig ...
Processing system/app/BasicDreams ...
Processing system/app/BluetoothMidiService ...
Processing system/app/CaptivePortalLogin ...
Processing system/app/CarrierDefaultApp ...
Processing system/app/CertInstaller ...
Processing system/app/CompanionDeviceManager ...
Processing system/app/EasterEgg ...
Processing system/app/ExtShared ...
Processing system/app/KeyChain ...
Processing system/app/NQNfcNci ...
Processing system/app/PacProcessor ...
Processing system/app/PrintRecommendationService ...
Processing system/app/SecureElement ...
Processing system/app/SimAppDialog ...
Processing system/app/Stk ...
Processing system/app/Traceur ...
Processing system/app/WallpaperBackup ...
Processing system/app/WapiCertManage ...
Processing system/app/AppSearchAiSealConfig/AppSearchAiSealConfig.apk ...
Processing system/app/BasicDreams/BasicDreams.apk ...
Processing system/app/BasicDreams/oat ...
Processing system/app/BasicDreams/oat/arm64 ...
Processing system/app/BluetoothMidiService/BluetoothMidiService.apk ...
Processing system/app/BluetoothMidiService/oat ...
Processing system/app/BluetoothMidiService/oat/arm64 ...
Processing system/app/CaptivePortalLogin/CaptivePortalLogin.apk ...
Processing system/app/CaptivePortalLogin/oat ...
Processing system/app/CaptivePortalLogin/oat/arm64 ...
Processing system/app/CarrierDefaultApp/CarrierDefaultApp.apk ...
Processing system/app/CarrierDefaultApp/oat ...
Processing system/app/CarrierDefaultApp/oat/arm64 ...
Processing system/app/CertInstaller/CertInstaller.apk ...
Processing system/app/CertInstaller/oat ...
Processing system/app/CertInstaller/oat/arm64 ...
Processing system/app/CompanionDeviceManager/CompanionDeviceManager.apk ...
Processing system/app/CompanionDeviceManager/oat ...
Processing system/app/CompanionDeviceManager/oat/arm64 ...
Processing system/app/EasterEgg/EasterEgg.apk ...
Processing system/app/EasterEgg/oat ...
Processing system/app/EasterEgg/oat/arm64 ...
Processing system/app/ExtShared/ExtShared.apk ...
Processing system/app/ExtShared/oat ...
Processing system/app/ExtShared/oat/arm64 ...
Processing system/app/KeyChain/KeyChain.apk ...
Processing system/app/KeyChain/oat ...
Processing system/app/KeyChain/oat/arm64 ...
Processing system/app/NQNfcNci/NQNfcNci.apk ...
Processing system/app/PacProcessor/PacProcessor.apk ...
Processing system/app/PacProcessor/oat ...
Processing system/app/PacProcessor/oat/arm64 ...
Processing system/app/PrintRecommendationService/PrintRecommendationService.apk ...
Processing system/app/PrintRecommendationService/oat ...
Processing system/app/PrintRecommendationService/oat/arm64 ...
Processing system/app/SecureElement/SecureElement.apk ...
Processing system/app/SecureElement/oat ...
Processing system/app/SecureElement/oat/arm64 ...
Processing system/app/SimAppDialog/SimAppDialog.apk ...
Processing system/app/SimAppDialog/oat ...
Processing system/app/SimAppDialog/oat/arm64 ...
Processing system/app/Stk/Stk.apk ...
Processing system/app/Stk/oat ...
Processing system/app/Stk/oat/arm64 ...
Processing system/app/Traceur/Traceur.apk ...
Processing system/app/Traceur/oat ...
Processing system/app/Traceur/oat/arm64 ...
Processing system/app/WallpaperBackup/WallpaperBackup.apk ...
Processing system/app/WallpaperBackup/oat ...
Processing system/app/WallpaperBackup/oat/arm64 ...
Processing system/app/WapiCertManage/WapiCertManage.apk ...
Processing system/app/WapiCertManage/oat ...
Processing system/app/WapiCertManage/oat/arm64 ...
Processing system/bin/[ ...
Processing system/bin/abb ...
Processing system/bin/abx ...
Processing system/bin/abx2xml ...
Processing system/bin/aconfigd-system ...
Processing system/bin/acpi ...
Processing system/bin/aflags ...
Processing system/bin/aisealhostservice ...
Processing system/bin/alloctop ...
Processing system/bin/am ...
Processing system/bin/aoad ...
Processing system/bin/apexd ...
Processing system/bin/apexd-lsof.sh ...
Processing system/bin/app_process ...
Processing system/bin/app_process32 ...
Processing system/bin/app_process64 ...
Processing system/bin/appops ...
Processing system/bin/appwidget ...
Processing system/bin/atrace ...
Processing system/bin/audioserver ...
Processing system/bin/auditctl ...
Processing system/bin/awk ...
Processing system/bin/base64 ...
Processing system/bin/basename ...
Processing system/bin/bc ...
Processing system/bin/bcc ...
Processing system/bin/blank_screen ...
Processing system/bin/blkdiscard ...
Processing system/bin/blkid ...
Processing system/bin/blockdev ...
Processing system/bin/bmgr ...
Processing system/bin/bootanimation ...
Processing system/bin/bootstat ...
Processing system/bin/bootstrap ...
Processing system/bin/boringssl_self_test32 ...
Processing system/bin/boringssl_self_test64 ...
Processing system/bin/bpfloader ...
Processing system/bin/bpftool ...
Processing system/bin/brctl ...
Processing system/bin/bu ...
Processing system/bin/bugreport ...
Processing system/bin/bugreport_procdump ...
Processing system/bin/bugreportz ...
Processing system/bin/bunzip2 ...
Processing system/bin/bzcat ...
Processing system/bin/bzip2 ...
Processing system/bin/cal ...
Processing system/bin/cameraserver ...
Processing system/bin/casefolding_remover ...
Processing system/bin/cat ...
Processing system/bin/charger ...
Processing system/bin/chattr ...
Processing system/bin/chcon ...
Processing system/bin/chgrp ...
Processing system/bin/chmod ...
Processing system/bin/chown ...
Processing system/bin/chroot ...
Processing system/bin/chrt ...
Processing system/bin/cksum ...
Processing system/bin/clean_scratch_files ...
Processing system/bin/clear ...
Processing system/bin/cmd ...
Processing system/bin/cmp ...
Processing system/bin/comm ...
Processing system/bin/content ...
Processing system/bin/cp ...
Processing system/bin/cpio ...
Processing system/bin/cppreopts.sh ...
Processing system/bin/cpu-target-features ...
Processing system/bin/credstore ...
Processing system/bin/curl ...
Processing system/bin/cut ...
Processing system/bin/date ...
Processing system/bin/dd ...
Processing system/bin/debuggerd ...
Processing system/bin/defrag.f2fs ...
Processing system/bin/device_config ...
Processing system/bin/devmem ...
Processing system/bin/df ...
Processing system/bin/diff ...
Processing system/bin/dirname ...
Processing system/bin/disable-verity ...
Processing system/bin/dmabuf_dump ...
Processing system/bin/dmctl ...
Processing system/bin/dmesg ...
Processing system/bin/dmesgd ...
Processing system/bin/dnsmasq ...
Processing system/bin/dos2unix ...
Processing system/bin/dpm ...
Processing system/bin/drmserver32 ...
Processing system/bin/drmserver64 ...
Processing system/bin/du ...
Processing system/bin/dump.erofs ...
Processing system/bin/dump.f2fs ...
Processing system/bin/dumpstate ...
Processing system/bin/dumpsys ...
Processing system/bin/e2freefrag ...
Processing system/bin/e2fsck ...
Processing system/bin/e2fsdroid ...
Processing system/bin/echo ...
Processing system/bin/egrep ...
Processing system/bin/enable-verity ...
Processing system/bin/env ...
Processing system/bin/ethtool ...
Processing system/bin/evemu-record ...
Processing system/bin/expand ...
Processing system/bin/expr ...
Processing system/bin/extra_free_kbytes.sh ...
Processing system/bin/fallocate ...
Processing system/bin/false ...
Processing system/bin/fgrep ...
Processing system/bin/file ...
Processing system/bin/find ...
Processing system/bin/flags_health_check ...
Processing system/bin/flock ...
Processing system/bin/fmt ...
Processing system/bin/free ...
Processing system/bin/fsck.erofs ...
Processing system/bin/fsck.exfat ...
Processing system/bin/fsck.f2fs ...
Processing system/bin/fsck_msdos ...
Processing system/bin/fsync ...
Processing system/bin/gatekeeperd ...
Processing system/bin/getconf ...
Processing system/bin/getenforce ...
Processing system/bin/getevent ...
Processing system/bin/getfattr ...
Processing system/bin/getopt ...
Processing system/bin/getprop ...
Processing system/bin/gpiodetect ...
Processing system/bin/gpiofind ...
Processing system/bin/gpioget ...
Processing system/bin/gpioinfo ...
Processing system/bin/gpioset ...
Processing system/bin/gpu_counter_producer ...
Processing system/bin/gpuservice ...
Processing system/bin/graphicsengine ...
Processing system/bin/grep ...
Processing system/bin/groups ...
Processing system/bin/gsi_tool ...
Processing system/bin/gsid ...
Processing system/bin/gunzip ...
Processing system/bin/gzip ...
Processing system/bin/head ...
Processing system/bin/heapprofd ...
Processing system/bin/hid ...
Processing system/bin/hidservice ...
Processing system/bin/hostname ...
Processing system/bin/hw ...
Processing system/bin/hwclock ...
Processing system/bin/hwservicemanager ...
Processing system/bin/i2cdetect ...
Processing system/bin/i2cdump ...
Processing system/bin/i2cget ...
Processing system/bin/i2cset ...
Processing system/bin/i2ctransfer ...
Processing system/bin/iconv ...
Processing system/bin/id ...
Processing system/bin/idmap2 ...
Processing system/bin/idmap2d ...
Processing system/bin/ifconfig ...
Processing system/bin/ime ...
Processing system/bin/incident ...
Processing system/bin/incident-helper-cmd ...
Processing system/bin/incident_helper ...
Processing system/bin/incidentd ...
Processing system/bin/init ...
Processing system/bin/inotifyd ...
Processing system/bin/input ...
Processing system/bin/insmod ...
Processing system/bin/install ...
Processing system/bin/installd ...
Processing system/bin/ionice ...
Processing system/bin/iorenice ...
Processing system/bin/ip ...
Processing system/bin/ip-wrapper-1.0 ...
Processing system/bin/ip6tables ...
Processing system/bin/ip6tables-restore ...
Processing system/bin/ip6tables-save ...
Processing system/bin/ip6tables-wrapper-1.0 ...
Processing system/bin/iperf3 ...
Processing system/bin/iptables ...
Processing system/bin/iptables-restore ...
Processing system/bin/iptables-save ...
Processing system/bin/iptables-wrapper-1.0 ...
Processing system/bin/iw ...
Processing system/bin/kcmdlinectrl ...
Processing system/bin/kcmdlinemodprobe ...
Processing system/bin/keystore2 ...
Processing system/bin/keystore_cli_v2 ...
Processing system/bin/kill ...
Processing system/bin/killall ...
Processing system/bin/ld.mc ...
Processing system/bin/ldd ...
Processing system/bin/librank ...
Processing system/bin/linker ...
Processing system/bin/linker64 ...
Processing system/bin/linker_asan ...
Processing system/bin/linker_asan64 ...
Processing system/bin/linker_hwasan64 ...
Processing system/bin/llkd ...
Processing system/bin/lmkd ...
Processing system/bin/ln ...
Processing system/bin/load_policy ...
Processing system/bin/locksettings ...
Processing system/bin/log ...
Processing system/bin/logcat ...
Processing system/bin/logd ...
Processing system/bin/logger ...
Processing system/bin/logname ...
Processing system/bin/logwrapper ...
Processing system/bin/losetup ...
Processing system/bin/lpdump ...
Processing system/bin/lpdumpd ...
Processing system/bin/ls ...
Processing system/bin/lsattr ...
Processing system/bin/lshal ...
Processing system/bin/lsmod ...
Processing system/bin/lsof ...
Processing system/bin/lspci ...
Processing system/bin/lsusb ...
Processing system/bin/make_f2fs ...
Processing system/bin/md5sum ...
Processing system/bin/mdnsd ...
Processing system/bin/mediacodeclist_generator ...
Processing system/bin/mediaextractor ...
Processing system/bin/mediametrics ...
Processing system/bin/mediaserver32 ...
Processing system/bin/mediaserver64 ...
Processing system/bin/memeater ...
Processing system/bin/microcom ...
Processing system/bin/mieed ...
Processing system/bin/migrate_legacy_obb_data ...
Processing system/bin/misctrl ...
Processing system/bin/mixerops_objdump ...
Processing system/bin/mkdir ...
Processing system/bin/mke2fs ...
Processing system/bin/mkfifo ...
Processing system/bin/mkfs.erofs ...
Processing system/bin/mkfs.exfat ...
Processing system/bin/mkfs.ext2 ...
Processing system/bin/mkfs.ext3 ...
Processing system/bin/mkfs.ext4 ...
Processing system/bin/mknod ...
Processing system/bin/mkswap ...
Processing system/bin/mktemp ...
Processing system/bin/mmd ...
Processing system/bin/mmd_setup ...
Processing system/bin/modinfo ...
Processing system/bin/modprobe ...
Processing system/bin/monkey ...
Processing system/bin/more ...
Processing system/bin/mount ...
Processing system/bin/mountpoint ...
Processing system/bin/mtectrl ...
Processing system/bin/mv ...
Processing system/bin/nc ...
Processing system/bin/ndc ...
Processing system/bin/ndc-wrapper-1.0 ...
Processing system/bin/netcat ...
Processing system/bin/netd ...
Processing system/bin/netstat ...
Processing system/bin/netutils-wrapper-1.0 ...
Processing system/bin/newfs_msdos ...
Processing system/bin/nice ...
Processing system/bin/nl ...
Processing system/bin/nohup ...
Processing system/bin/nproc ...
Processing system/bin/nsenter ...
Processing system/bin/od ...
Processing system/bin/odsign ...
Processing system/bin/otapreopt_script ...
Processing system/bin/paste ...
Processing system/bin/patch ...
Processing system/bin/pbtombstone ...
Processing system/bin/perfetto ...
Processing system/bin/pgrep ...
Processing system/bin/pidof ...
Processing system/bin/ping ...
Processing system/bin/ping6 ...
Processing system/bin/pintool ...
Processing system/bin/pipelineinfosuploader ...
Processing system/bin/pkill ...
Processing system/bin/pm ...
Processing system/bin/pmap ...
Processing system/bin/prefetch ...
Processing system/bin/preloads_copy.sh ...
Processing system/bin/preopt2cachename ...
Processing system/bin/printenv ...
Processing system/bin/printf ...
Processing system/bin/prng_seeder ...
Processing system/bin/procmem ...
Processing system/bin/procrank ...
Processing system/bin/ps ...
Processing system/bin/pwd ...
Processing system/bin/readelf ...
Processing system/bin/readlink ...
Processing system/bin/realpath ...
Processing system/bin/reboot ...
Processing system/bin/recovery-persist ...
Processing system/bin/recovery-refresh ...
Processing system/bin/remount ...
Processing system/bin/renice ...
Processing system/bin/requestsync ...
Processing system/bin/resize.f2fs ...
Processing system/bin/resize2fs ...
Processing system/bin/restorecon ...
Processing system/bin/rm ...
Processing system/bin/rmdir ...
Processing system/bin/rmmod ...
Processing system/bin/rss_hwm_reset ...
Processing system/bin/rtcwake ...
Processing system/bin/run-as ...
Processing system/bin/runcon ...
Processing system/bin/schedtest ...
Processing system/bin/screencap ...
Processing system/bin/screenrecord ...
Processing system/bin/sdcard ...
Processing system/bin/secdiscard ...
Processing system/bin/secilc ...
Processing system/bin/sed ...
Processing system/bin/sendevent ...
Processing system/bin/sensorservice ...
Processing system/bin/seq ...
Processing system/bin/service ...
Processing system/bin/servicemanager ...
Processing system/bin/set-verity-state ...
Processing system/bin/setenforce ...
Processing system/bin/setfattr ...
Processing system/bin/setprop ...
Processing system/bin/setsid ...
Processing system/bin/settaskprofile ...
Processing system/bin/settings ...
Processing system/bin/sfdo ...
Processing system/bin/sgdisk ...
Processing system/bin/sh ...
Processing system/bin/sha1sum ...
Processing system/bin/sha224sum ...
Processing system/bin/sha256sum ...
Processing system/bin/sha384sum ...
Processing system/bin/sha512sum ...
Processing system/bin/showmap ...
Processing system/bin/simpleperf ...
Processing system/bin/simpleperf_app_runner ...
Processing system/bin/sleep ...
Processing system/bin/sload_f2fs ...
Processing system/bin/sm ...
Processing system/bin/snapshotctl ...
Processing system/bin/snapuserd ...
Processing system/bin/sort ...
Processing system/bin/spkcal ...
Processing system/bin/split ...
Processing system/bin/ss ...
Processing system/bin/start ...
Processing system/bin/stat ...
Processing system/bin/stop ...
Processing system/bin/storaged ...
Processing system/bin/strace ...
Processing system/bin/strings ...
Processing system/bin/stty ...
Processing system/bin/surfaceflinger ...
Processing system/bin/svc ...
Processing system/bin/swapoff ...
Processing system/bin/swapon ...
Processing system/bin/sync ...
Processing system/bin/sysctl ...
Processing system/bin/tac ...
Processing system/bin/tail ...
Processing system/bin/tar ...
Processing system/bin/taskset ...
Processing system/bin/tc ...
Processing system/bin/tc-wrapper-1.0 ...
Processing system/bin/tcpdump ...
Processing system/bin/tee ...
Processing system/bin/telecom ...
Processing system/bin/test ...
Processing system/bin/test-mixer ...
Processing system/bin/test-resampler ...
Processing system/bin/time ...
Processing system/bin/timeout ...
Processing system/bin/tinycap ...
Processing system/bin/tinymix ...
Processing system/bin/tinypcminfo ...
Processing system/bin/tinyplay ...
Processing system/bin/tombstoned ...
Processing system/bin/toolbox ...
Processing system/bin/top ...
Processing system/bin/touch ...
Processing system/bin/toybox ...
Processing system/bin/tr ...
Processing system/bin/traced ...
Processing system/bin/traced_perf ...
Processing system/bin/traced_probes ...
Processing system/bin/tradeinmode ...
Processing system/bin/trigger_perfetto ...
Processing system/bin/true ...
Processing system/bin/truncate ...
Processing system/bin/tty ...
Processing system/bin/tune2fs ...
Processing system/bin/uclampset ...
Processing system/bin/ueventd ...
Processing system/bin/uiautomator ...
Processing system/bin/uinput ...
Processing system/bin/ulimit ...
Processing system/bin/umount ...
Processing system/bin/uname ...
Processing system/bin/uncrypt ...
Processing system/bin/uniq ...
Processing system/bin/unix2dos ...
Processing system/bin/unlink ...
Processing system/bin/unshare ...
Processing system/bin/unzip ...
Processing system/bin/update_engine ...
Processing system/bin/update_engine_client ...
Processing system/bin/update_verifier ...
Processing system/bin/uptime ...
Processing system/bin/usbd ...
Processing system/bin/usleep ...
Processing system/bin/uudecode ...
Processing system/bin/uuencode ...
Processing system/bin/uuidgen ...
Processing system/bin/vdc ...
Processing system/bin/vi ...
Processing system/bin/vintf ...
Processing system/bin/virtual_camera ...
Processing system/bin/vmstat ...
Processing system/bin/vold ...
Processing system/bin/vold_prepare_subdirs ...
Processing system/bin/vr ...
Processing system/bin/watch ...
Processing system/bin/watchdogd ...
Processing system/bin/wc ...
Processing system/bin/which ...
Processing system/bin/whoami ...
Processing system/bin/wificond ...
Processing system/bin/wm ...
Processing system/bin/xargs ...
Processing system/bin/xml2abx ...
Processing system/bin/xxd ...
Processing system/bin/yes ...
Processing system/bin/zcat ...
Processing system/bin/zipinfo ...
Processing system/bin/ziptool ...
Processing system/bin/zygote_next ...
Processing system/bin/bootstrap/linker ...
Processing system/bin/bootstrap/linker64 ...
Processing system/bin/bootstrap/linker_asan ...
Processing system/bin/bootstrap/linker_asan64 ...
Processing system/bin/bootstrap/linker_hwasan64 ...
Processing system/bin/hw/android.system.suspend-service ...
Processing system/etc/NOTICE.xml.gz ...
Processing system/etc/NOTICE_GPL.html.gz ...
Processing system/etc/aconfig ...
Processing system/etc/aconfig_flags.pb ...
Processing system/etc/advanced-protection-config ...
Processing system/etc/alpha ...
Processing system/etc/apexd ...
Processing system/etc/apns-conf.xml ...
Processing system/etc/audio_effects.xml ...
Processing system/etc/boot-image.bprof ...
Processing system/etc/boot-image.prof ...
Processing system/etc/boot-image.prof.fsv_meta ...
Processing system/etc/bpf ...
Processing system/etc/build_flags.json ...
Processing system/etc/cgroups.json ...
Processing system/etc/classpaths ...
Processing system/etc/compatconfig ...
Processing system/etc/core.protolog.pb ...
Processing system/etc/default-permissions ...
Processing system/etc/default_screenshot.png ...
Processing system/etc/dirty-image-objects ...
Processing system/etc/dirty-image-objects.fsv_meta ...
Processing system/etc/displayconfig ...
Processing system/etc/event-log-tags ...
Processing system/etc/font_fallback.xml ...
Processing system/etc/fonts.xml ...
Processing system/etc/fs_config_dirs ...
Processing system/etc/fs_config_files ...
Processing system/etc/fstab.postinstall ...
Processing system/etc/ftrace_synthetic_events.conf ...
Processing system/etc/gps_debug.conf ...
Processing system/etc/group ...
Processing system/etc/hosts ...
Processing system/etc/hyper_clto ...
Processing system/etc/init ...
Processing system/etc/kernel ...
Processing system/etc/libnfc-nci.conf ...
Processing system/etc/linker.config.pb ...
Processing system/etc/llndk.libraries.txt ...
Processing system/etc/media_profiles_V1_0.dtd ...
Processing system/etc/mke2fs.conf ...
Processing system/etc/mkshrc ...
Processing system/etc/motion_predictor_config.xml ...
Processing system/etc/motion_predictor_model.tflite ...
Processing system/etc/parameter-framework ...
Processing system/etc/passwd ...
Processing system/etc/perfetto ...
Processing system/etc/permissions ...
Processing system/etc/preloaded-classes ...
Processing system/etc/preloaded-classes.fsv_meta ...
Processing system/etc/public.libraries-qti.txt ...
Processing system/etc/public.libraries-xiaomi.txt ...
Processing system/etc/public.libraries.txt ...
Processing system/etc/res ...
Processing system/etc/sanitizer.libraries.txt ...
Processing system/etc/seccomp_policy ...
Processing system/etc/security ...
Processing system/etc/selinux ...
Processing system/etc/sysconfig ...
Processing system/etc/task_profiles.json ...
Processing system/etc/ueventd.rc ...
Processing system/etc/vintf ...
Processing system/etc/xtables.lock ...
Processing system/etc/aconfig/flag.info ...
Processing system/etc/aconfig/flag.map ...
Processing system/etc/aconfig/flag.val ...
Processing system/etc/aconfig/package.map ...
Processing system/etc/advanced-protection-config/advanced-protection-config.xml ...
Processing system/etc/alpha/turbo.sh ...
Processing system/etc/apexd/empty_erofs.img ...
Processing system/etc/bpf/cputimeinstate ...
Processing system/etc/bpf/dmabuf ...
Processing system/etc/bpf/fuseMedia.bpf ...
Processing system/etc/bpf/gpuMem.bpf ...
Processing system/etc/bpf/gpuWork.bpf ...
Processing system/etc/bpf/kernelWakelockDuration.bpf ...
Processing system/etc/bpf/lock_contention ...
Processing system/etc/bpf/memevents ...
Processing system/etc/bpf/miui ...
Processing system/etc/bpf/cputimeinstate/timeInState.bpf ...
Processing system/etc/bpf/dmabuf/dmabufIter.bpf ...
Processing system/etc/bpf/lock_contention/bpfLockContention.bpf ...
Processing system/etc/bpf/memevents/bpfMemEvents.bpf ...
Processing system/etc/bpf/miui/HyperWifiWmm.o ...
Processing system/etc/bpf/miui/MiuiBpfDefineset.o ...
Processing system/etc/bpf/miui/MiuiBpfGplDefineset.o ...
Processing system/etc/bpf/miui/MiuiBpfTimeInState.o ...
Processing system/etc/bpf/miui/MiuiDamonAggr.o ...
Processing system/etc/bpf/miui/MiuiMmPerf.o ...
Processing system/etc/bpf/miui/pic_watch.o ...
Processing system/etc/bpf/miui/tclimiter.o ...
Processing system/etc/classpaths/bootclasspath.pb ...
Processing system/etc/classpaths/bootclasspath.pb.fsv_meta ...
Processing system/etc/classpaths/systemserverclasspath.pb ...
Processing system/etc/classpaths/systemserverclasspath.pb.fsv_meta ...
Processing system/etc/compatconfig/SystemUI-application-compat-config.xml ...
Processing system/etc/compatconfig/TeleService-platform-compat-config.xml ...
Processing system/etc/compatconfig/calendar-provider-compat-config.xml ...
Processing system/etc/compatconfig/contacts-provider-platform-compat-config.xml ...
Processing system/etc/compatconfig/documents-ui-compat-config.xml ...
Processing system/etc/compatconfig/framework-location-compat-config.xml ...
Processing system/etc/compatconfig/framework-ondeviceintelligence-platform-compat-config.xml ...
Processing system/etc/compatconfig/framework-platform-compat-config.xml ...
Processing system/etc/compatconfig/framework-telecom-compat-config.xml ...
Processing system/etc/compatconfig/icu4j-platform-compat-config.xml ...
Processing system/etc/compatconfig/services-platform-compat-config.xml ...
Processing system/etc/default-permissions/default-permissions-bluetooth.xml ...
Processing system/etc/default-permissions/default-permissions_bips.xml ...
Processing system/etc/default-permissions/default-permissions_printrecommendationservice.xml ...
Processing system/etc/displayconfig/default_television.xml ...
Processing system/etc/hyper_clto/rulebased ...
Processing system/etc/hyper_clto/rulebased/aot_config.txt ...
Processing system/etc/hyper_clto/rulebased/jit_config.txt ...
Processing system/etc/hyper_clto/rulebased/rule ...
Processing system/etc/hyper_clto/rulebased/rule/add-double.xml ...
Processing system/etc/hyper_clto/rulebased/rule/add-float.xml ...
Processing system/etc/hyper_clto/rulebased/rule/add-int.xml ...
Processing system/etc/hyper_clto/rulebased/rule/add-int_lit8.xml ...
Processing system/etc/hyper_clto/rulebased/rule/add-long.xml ...
Processing system/etc/hyper_clto/rulebased/rule/adr.xml ...
Processing system/etc/hyper_clto/rulebased/rule/adrp-placeholder.xml ...
Processing system/etc/hyper_clto/rulebased/rule/aget-boolean.xml ...
Processing system/etc/hyper_clto/rulebased/rule/aget-byte.xml ...
Processing system/etc/hyper_clto/rulebased/rule/aget-char.xml ...
Processing system/etc/hyper_clto/rulebased/rule/aget-double.xml ...
Processing system/etc/hyper_clto/rulebased/rule/aget-float.xml ...
Processing system/etc/hyper_clto/rulebased/rule/aget-int.xml ...
Processing system/etc/hyper_clto/rulebased/rule/aget-long.xml ...
Processing system/etc/hyper_clto/rulebased/rule/aget-object.xml ...
Processing system/etc/hyper_clto/rulebased/rule/aget-short.xml ...
Processing system/etc/hyper_clto/rulebased/rule/and-int.xml ...
Processing system/etc/hyper_clto/rulebased/rule/and-int_lit8.xml ...
Processing system/etc/hyper_clto/rulebased/rule/and-long.xml ...
Processing system/etc/hyper_clto/rulebased/rule/aput-boolean.xml ...
Processing system/etc/hyper_clto/rulebased/rule/aput-byte.xml ...
Processing system/etc/hyper_clto/rulebased/rule/aput-char.xml ...
Processing system/etc/hyper_clto/rulebased/rule/aput-double.xml ...
Processing system/etc/hyper_clto/rulebased/rule/aput-float.xml ...
Processing system/etc/hyper_clto/rulebased/rule/aput-int.xml ...
Processing system/etc/hyper_clto/rulebased/rule/aput-long.xml ...
Processing system/etc/hyper_clto/rulebased/rule/aput-object.xml ...
Processing system/etc/hyper_clto/rulebased/rule/aput-short.xml ...
Processing system/etc/hyper_clto/rulebased/rule/array-length.xml ...
Processing system/etc/hyper_clto/rulebased/rule/art-method-call.xml ...
Processing system/etc/hyper_clto/rulebased/rule/cbnz-placeholder.xml ...
Processing system/etc/hyper_clto/rulebased/rule/cbnz.xml ...
Processing system/etc/hyper_clto/rulebased/rule/check-cast.xml ...
Processing system/etc/hyper_clto/rulebased/rule/cmp-long.xml ...
Processing system/etc/hyper_clto/rulebased/rule/cmpg-double.xml ...
Processing system/etc/hyper_clto/rulebased/rule/cmpg-float.xml ...
Processing system/etc/hyper_clto/rulebased/rule/cmpl-double.xml ...
Processing system/etc/hyper_clto/rulebased/rule/cmpl-float.xml ...
Processing system/etc/hyper_clto/rulebased/rule/const-class_jit_table.xml ...
Processing system/etc/hyper_clto/rulebased/rule/const-class_referrer.xml ...
Processing system/etc/hyper_clto/rulebased/rule/const-class_referrer_nobarrier.xml ...
Processing system/etc/hyper_clto/rulebased/rule/const-string_jit_table.xml ...
Processing system/etc/hyper_clto/rulebased/rule/const-wide.xml ...
Processing system/etc/hyper_clto/rulebased/rule/const-wide_16.xml ...
Processing system/etc/hyper_clto/rulebased/rule/const-wide_32.xml ...
Processing system/etc/hyper_clto/rulebased/rule/const-wide_double.xml ...
Processing system/etc/hyper_clto/rulebased/rule/const-wide_float.xml ...
Processing system/etc/hyper_clto/rulebased/rule/const-wide_high16.xml ...
Processing system/etc/hyper_clto/rulebased/rule/const-wide_high16_double.xml ...
Processing system/etc/hyper_clto/rulebased/rule/const-wide_neg16.xml ...
Processing system/etc/hyper_clto/rulebased/rule/const-wide_table.xml ...
Processing system/etc/hyper_clto/rulebased/rule/const.xml ...
Processing system/etc/hyper_clto/rulebased/rule/const_16.xml ...
Processing system/etc/hyper_clto/rulebased/rule/const_16_float.xml ...
Processing system/etc/hyper_clto/rulebased/rule/const_float.xml ...
Processing system/etc/hyper_clto/rulebased/rule/const_high16.xml ...
Processing system/etc/hyper_clto/rulebased/rule/const_high16_float.xml ...
Processing system/etc/hyper_clto/rulebased/rule/const_neg16.xml ...
Processing system/etc/hyper_clto/rulebased/rule/div-double.xml ...
Processing system/etc/hyper_clto/rulebased/rule/div-float.xml ...
Processing system/etc/hyper_clto/rulebased/rule/div-int.xml ...
Processing system/etc/hyper_clto/rulebased/rule/div-int_lit8.xml ...
Processing system/etc/hyper_clto/rulebased/rule/div-long.xml ...
Processing system/etc/hyper_clto/rulebased/rule/double-to-float.xml ...
Processing system/etc/hyper_clto/rulebased/rule/double-to-int.xml ...
Processing system/etc/hyper_clto/rulebased/rule/double-to-long.xml ...
Processing system/etc/hyper_clto/rulebased/rule/float-to-double.xml ...
Processing system/etc/hyper_clto/rulebased/rule/float-to-int.xml ...
Processing system/etc/hyper_clto/rulebased/rule/float-to-long.xml ...
Processing system/etc/hyper_clto/rulebased/rule/goto.xml ...
Processing system/etc/hyper_clto/rulebased/rule/goto_int.xml ...
Processing system/etc/hyper_clto/rulebased/rule/if-eq.xml ...
Processing system/etc/hyper_clto/rulebased/rule/if-eqz-wide.xml ...
Processing system/etc/hyper_clto/rulebased/rule/if-eqz.xml ...
Processing system/etc/hyper_clto/rulebased/rule/if-eqz_int.xml ...
Processing system/etc/hyper_clto/rulebased/rule/if-ge.xml ...
Processing system/etc/hyper_clto/rulebased/rule/if-gez.xml ...
Processing system/etc/hyper_clto/rulebased/rule/if-gt.xml ...
Processing system/etc/hyper_clto/rulebased/rule/if-gtz.xml ...
Processing system/etc/hyper_clto/rulebased/rule/if-le.xml ...
Processing system/etc/hyper_clto/rulebased/rule/if-lez.xml ...
Processing system/etc/hyper_clto/rulebased/rule/if-lt.xml ...
Processing system/etc/hyper_clto/rulebased/rule/if-ltz.xml ...
Processing system/etc/hyper_clto/rulebased/rule/if-ne.xml ...
Processing system/etc/hyper_clto/rulebased/rule/if-nez.xml ...
Processing system/etc/hyper_clto/rulebased/rule/iget-boolean.xml ...
Processing system/etc/hyper_clto/rulebased/rule/iget-byte.xml ...
Processing system/etc/hyper_clto/rulebased/rule/iget-char.xml ...
Processing system/etc/hyper_clto/rulebased/rule/iget-double.xml ...
Processing system/etc/hyper_clto/rulebased/rule/iget-float.xml ...
Processing system/etc/hyper_clto/rulebased/rule/iget-int.xml ...
Processing system/etc/hyper_clto/rulebased/rule/iget-long.xml ...
Processing system/etc/hyper_clto/rulebased/rule/iget-object.xml ...
Processing system/etc/hyper_clto/rulebased/rule/iget-object_nobarrier.xml ...
Processing system/etc/hyper_clto/rulebased/rule/iget-short.xml ...
Processing system/etc/hyper_clto/rulebased/rule/incre-hotness.xml ...
Processing system/etc/hyper_clto/rulebased/rule/inline-cache.xml ...
Processing system/etc/hyper_clto/rulebased/rule/instance-of.xml ...
Processing system/etc/hyper_clto/rulebased/rule/int-to-byte.xml ...
Processing system/etc/hyper_clto/rulebased/rule/int-to-char.xml ...
Processing system/etc/hyper_clto/rulebased/rule/int-to-double.xml ...
Processing system/etc/hyper_clto/rulebased/rule/int-to-float.xml ...
Processing system/etc/hyper_clto/rulebased/rule/int-to-long.xml ...
Processing system/etc/hyper_clto/rulebased/rule/int-to-short.xml ...
Processing system/etc/hyper_clto/rulebased/rule/intrinsic-StringCharAt.xml ...
Processing system/etc/hyper_clto/rulebased/rule/intrinsic-StringLength.xml ...
Processing system/etc/hyper_clto/rulebased/rule/invoke-direct.xml ...
Processing system/etc/hyper_clto/rulebased/rule/invoke-interface.xml ...
Processing system/etc/hyper_clto/rulebased/rule/invoke-static.xml ...
Processing system/etc/hyper_clto/rulebased/rule/invoke-super.xml ...
Processing system/etc/hyper_clto/rulebased/rule/invoke-virtual.xml ...
Processing system/etc/hyper_clto/rulebased/rule/iput-boolean.xml ...
Processing system/etc/hyper_clto/rulebased/rule/iput-byte.xml ...
Processing system/etc/hyper_clto/rulebased/rule/iput-char.xml ...
Processing system/etc/hyper_clto/rulebased/rule/iput-double.xml ...
Processing system/etc/hyper_clto/rulebased/rule/iput-float.xml ...
Processing system/etc/hyper_clto/rulebased/rule/iput-int.xml ...
Processing system/etc/hyper_clto/rulebased/rule/iput-long.xml ...
Processing system/etc/hyper_clto/rulebased/rule/iput-object.xml ...
Processing system/etc/hyper_clto/rulebased/rule/iput-short.xml ...
Processing system/etc/hyper_clto/rulebased/rule/ldr-placeholder.xml ...
Processing system/etc/hyper_clto/rulebased/rule/ldr64-placeholder.xml ...
Processing system/etc/hyper_clto/rulebased/rule/load-class.xml ...
Processing system/etc/hyper_clto/rulebased/rule/long-to-double.xml ...
Processing system/etc/hyper_clto/rulebased/rule/long-to-float.xml ...
Processing system/etc/hyper_clto/rulebased/rule/long-to-int.xml ...
Processing system/etc/hyper_clto/rulebased/rule/mem-fence.xml ...
Processing system/etc/hyper_clto/rulebased/rule/move-exception.xml ...
Processing system/etc/hyper_clto/rulebased/rule/move-wide_dd.xml ...
Processing system/etc/hyper_clto/rulebased/rule/move-wide_ds.xml ...
Processing system/etc/hyper_clto/rulebased/rule/move-wide_du.xml ...
Processing system/etc/hyper_clto/rulebased/rule/move-wide_dx.xml ...
Processing system/etc/hyper_clto/rulebased/rule/move-wide_sd.xml ...
Processing system/etc/hyper_clto/rulebased/rule/move-wide_ss.xml ...
Processing system/etc/hyper_clto/rulebased/rule/move-wide_su.xml ...
Processing system/etc/hyper_clto/rulebased/rule/move-wide_sx.xml ...
Processing system/etc/hyper_clto/rulebased/rule/move-wide_ud.xml ...
Processing system/etc/hyper_clto/rulebased/rule/move-wide_us.xml ...
Processing system/etc/hyper_clto/rulebased/rule/move-wide_uu.xml ...
Processing system/etc/hyper_clto/rulebased/rule/move-wide_ux.xml ...
Processing system/etc/hyper_clto/rulebased/rule/move-wide_xd.xml ...
Processing system/etc/hyper_clto/rulebased/rule/move-wide_xs.xml ...
Processing system/etc/hyper_clto/rulebased/rule/move-wide_xu.xml ...
Processing system/etc/hyper_clto/rulebased/rule/move-wide_xx.xml ...
Processing system/etc/hyper_clto/rulebased/rule/move_dd.xml ...
Processing system/etc/hyper_clto/rulebased/rule/move_ds.xml ...
Processing system/etc/hyper_clto/rulebased/rule/move_dx.xml ...
Processing system/etc/hyper_clto/rulebased/rule/move_sd.xml ...
Processing system/etc/hyper_clto/rulebased/rule/move_ss.xml ...
Processing system/etc/hyper_clto/rulebased/rule/move_sx.xml ...
Processing system/etc/hyper_clto/rulebased/rule/move_xd.xml ...
Processing system/etc/hyper_clto/rulebased/rule/move_xs.xml ...
Processing system/etc/hyper_clto/rulebased/rule/move_xx.xml ...
Processing system/etc/hyper_clto/rulebased/rule/mul-double.xml ...
Processing system/etc/hyper_clto/rulebased/rule/mul-float.xml ...
Processing system/etc/hyper_clto/rulebased/rule/mul-int.xml ...
Processing system/etc/hyper_clto/rulebased/rule/mul-int_lit8.xml ...
Processing system/etc/hyper_clto/rulebased/rule/mul-long.xml ...
Processing system/etc/hyper_clto/rulebased/rule/neg-double.xml ...
Processing system/etc/hyper_clto/rulebased/rule/neg-float.xml ...
Processing system/etc/hyper_clto/rulebased/rule/neg-int.xml ...
Processing system/etc/hyper_clto/rulebased/rule/neg-long.xml ...
Processing system/etc/hyper_clto/rulebased/rule/null-check.xml ...
Processing system/etc/hyper_clto/rulebased/rule/or-int.xml ...
Processing system/etc/hyper_clto/rulebased/rule/or-int_lit8.xml ...
Processing system/etc/hyper_clto/rulebased/rule/or-long.xml ...
Processing system/etc/hyper_clto/rulebased/rule/range-check-char-at.xml ...
Processing system/etc/hyper_clto/rulebased/rule/range-check-const.xml ...
Processing system/etc/hyper_clto/rulebased/rule/range-check.xml ...
Processing system/etc/hyper_clto/rulebased/rule/rem-int.xml ...
Processing system/etc/hyper_clto/rulebased/rule/rem-int_lit8.xml ...
Processing system/etc/hyper_clto/rulebased/rule/rem-long.xml ...
Processing system/etc/hyper_clto/rulebased/rule/rsub-int_lit8.xml ...
Processing system/etc/hyper_clto/rulebased/rule/runtime-call.xml ...
Processing system/etc/hyper_clto/rulebased/rule/shl-int.xml ...
Processing system/etc/hyper_clto/rulebased/rule/shl-int_lit8.xml ...
Processing system/etc/hyper_clto/rulebased/rule/shl-long.xml ...
Processing system/etc/hyper_clto/rulebased/rule/shr-int.xml ...
Processing system/etc/hyper_clto/rulebased/rule/shr-int_lit8.xml ...
Processing system/etc/hyper_clto/rulebased/rule/shr-long.xml ...
Processing system/etc/hyper_clto/rulebased/rule/sub-double.xml ...
Processing system/etc/hyper_clto/rulebased/rule/sub-float.xml ...
Processing system/etc/hyper_clto/rulebased/rule/sub-int.xml ...
Processing system/etc/hyper_clto/rulebased/rule/sub-long.xml ...
Processing system/etc/hyper_clto/rulebased/rule/suspend-check.xml ...
Processing system/etc/hyper_clto/rulebased/rule/suspend-check_slow.xml ...
Processing system/etc/hyper_clto/rulebased/rule/ushr-int.xml ...
Processing system/etc/hyper_clto/rulebased/rule/ushr-int_lit8.xml ...
Processing system/etc/hyper_clto/rulebased/rule/ushr-long.xml ...
Processing system/etc/hyper_clto/rulebased/rule/write-barrier.xml ...
Processing system/etc/hyper_clto/rulebased/rule/xor-int.xml ...
Processing system/etc/hyper_clto/rulebased/rule/xor-int_lit8.xml ...
Processing system/etc/hyper_clto/rulebased/rule/xor-long.xml ...
Processing system/etc/init/aconfigd.rc ...
Processing system/etc/init/aisealhostservice.rc ...
Processing system/etc/init/android.system.suspend-service.rc ...
Processing system/etc/init/aoad.rc ...
Processing system/etc/init/apexd.rc ...
Processing system/etc/init/atrace.rc ...
Processing system/etc/init/audioserver.rc ...
Processing system/etc/init/blank_screen.rc ...
Processing system/etc/init/bootanim.rc ...
Processing system/etc/init/bootstat.rc ...
Processing system/etc/init/cameraserver.rc ...
Processing system/etc/init/casefolding_remover.rc ...
Processing system/etc/init/config ...
Processing system/etc/init/cppreopts.rc ...
Processing system/etc/init/credstore.rc ...
Processing system/etc/init/dmesgd.rc ...
Processing system/etc/init/drmserver_dynamic.rc ...
Processing system/etc/init/dumpstate.rc ...
Processing system/etc/init/flags_health_check.rc ...
Processing system/etc/init/gatekeeperd.rc ...
Processing system/etc/init/gpuservice.rc ...
Processing system/etc/init/graphicsengine.rc ...
Processing system/etc/init/gsid.rc ...
Processing system/etc/init/heapprofd.rc ...
Processing system/etc/init/hidservice.rc ...
Processing system/etc/init/hw ...
Processing system/etc/init/idmap2d.rc ...
Processing system/etc/init/incidentd.rc ...
Processing system/etc/init/init-perfetto.rc ...
Processing system/etc/init/init.alpha.rc ...
Processing system/etc/init/installd.rc ...
Processing system/etc/init/kcmdlinectrl.rc ...
Processing system/etc/init/kcmdlinemodprobe.rc ...
Processing system/etc/init/keystore2.rc ...
Processing system/etc/init/llkd.rc ...
Processing system/etc/init/lmkd.rc ...
Processing system/etc/init/logd.rc ...
Processing system/etc/init/lpdumpd.rc ...
Processing system/etc/init/mdnsd.rc ...
Processing system/etc/init/media.codeclist.generator.rc ...
Processing system/etc/init/mediaextractor.rc ...
Processing system/etc/init/mediametrics.rc ...
Processing system/etc/init/mediaserver_dynamic_QCOM.rc ...
Processing system/etc/init/mieed.rc ...
Processing system/etc/init/misctrl.rc ...
Processing system/etc/init/mmd.rc ...
Processing system/etc/init/mtectrl.rc ...
Processing system/etc/init/netbpfload.rc ...
Processing system/etc/init/netd.rc ...
Processing system/etc/init/odsign.rc ...
Processing system/etc/init/perfetto.rc ...
Processing system/etc/init/pipelineinfosuploader.rc ...
Processing system/etc/init/prefetch.rc ...
Processing system/etc/init/prng_seeder.rc ...
Processing system/etc/init/recovery-persist.rc ...
Processing system/etc/init/recovery-refresh.rc ...
Processing system/etc/init/rss_hwm_reset.rc ...
Processing system/etc/init/servicemanager.rc ...
Processing system/etc/init/simpleperf.rc ...
Processing system/etc/init/snapuserd.rc ...
Processing system/etc/init/storaged.rc ...
Processing system/etc/init/surfaceflinger.rc ...
Processing system/etc/init/tombstoned.rc ...
Processing system/etc/init/traced_perf.rc ...
Processing system/etc/init/tradeinmode.rc ...
Processing system/etc/init/uncrypt.rc ...
Processing system/etc/init/update_engine.rc ...
Processing system/etc/init/update_verifier.rc ...
Processing system/etc/init/usbd.rc ...
Processing system/etc/init/vdc.rc ...
Processing system/etc/init/virtual_camera.hal.rc ...
Processing system/etc/init/vold.rc ...
Processing system/etc/init/wifi.rc ...
Processing system/etc/init/zygote_next.rc ...
Processing system/etc/init/config/skip_mount.cfg ...
Processing system/etc/init/hw/drmserver.zygote64.rc ...
Processing system/etc/init/hw/drmserver.zygote64_32.rc ...
Processing system/etc/init/hw/init.boringssl.no_zygote.rc ...
Processing system/etc/init/hw/init.boringssl.zygote32.rc ...
Processing system/etc/init/hw/init.boringssl.zygote64.rc ...
Processing system/etc/init/hw/init.boringssl.zygote64_32.rc ...
Processing system/etc/init/hw/init.rc ...
Processing system/etc/init/hw/init.usb.configfs.rc ...
Processing system/etc/init/hw/init.usb.rc ...
Processing system/etc/init/hw/init.zygote32.rc ...
Processing system/etc/init/hw/init.zygote64.rc ...
Processing system/etc/init/hw/init.zygote64_32.rc ...
Processing system/etc/init/hw/mediaserver.64bit_false.rc ...
Processing system/etc/init/hw/mediaserver.64bit_true.rc ...
Processing system/etc/kernel/approved-ogki-builds.xml ...
Processing system/etc/kernel/kernel-lifetimes.xml ...
Processing system/etc/parameter-framework/ParameterFrameworkConfigurationCap.xml ...
Processing system/etc/parameter-framework/Structure ...
Processing system/etc/parameter-framework/Structure/Policy ...
Processing system/etc/parameter-framework/Structure/Policy/CapClass.xml ...
Processing system/etc/parameter-framework/Structure/Policy/CapProductStrategies.xml ...
Processing system/etc/parameter-framework/Structure/Policy/CapSubsystem-CommonTypes.xml ...
Processing system/etc/parameter-framework/Structure/Policy/CapSubsystem.xml ...
Processing system/etc/perfetto/camera_perfetto.config ...
Processing system/etc/perfetto/persistent_cfg.pbtxt ...
Processing system/etc/perfetto/persistent_cfg_mtbf.pbtxt ...
Processing system/etc/permissions/CellBroadcastServiceModulePlatform.xml ...
Processing system/etc/permissions/GoogleDocumentsUIMiuiCn_permissions.xml ...
Processing system/etc/permissions/NetworkStack.xml ...
Processing system/etc/permissions/TelecomUi.xml ...
Processing system/etc/permissions/android.software.credentials.xml ...
Processing system/etc/permissions/android.software.live_wallpaper.xml ...
Processing system/etc/permissions/android.software.webview.xml ...
Processing system/etc/permissions/android.software.window_magnification.xml ...
Processing system/etc/permissions/android.test.base.xml ...
Processing system/etc/permissions/android.test.mock.xml ...
Processing system/etc/permissions/android.test.runner.xml ...
Processing system/etc/permissions/com.android.future.usb.accessory.xml ...
Processing system/etc/permissions/com.android.intentresolver.xml ...
Processing system/etc/permissions/com.android.location.provider.xml ...
Processing system/etc/permissions/com.android.media.remotedisplay.xml ...
Processing system/etc/permissions/com.android.mediadrm.signer.xml ...
Processing system/etc/permissions/com.android.nfc_extras.xml ...
Processing system/etc/permissions/com.tms.cosdl.xml ...
Processing system/etc/permissions/com.tms.nfc.xml ...
Processing system/etc/permissions/com.wapi.wapicertstore.xml ...
Processing system/etc/permissions/javax.obex.xml ...
Processing system/etc/permissions/org.apache.http.legacy.xml ...
Processing system/etc/permissions/platform.xml ...
Processing system/etc/permissions/privapp-permissions-miui-system.xml ...
Processing system/etc/permissions/privapp-permissions-pangu.xml ...
Processing system/etc/permissions/privapp-permissions-platform.xml ...
Processing system/etc/permissions/privapp-permissions-qti.xml ...
Processing system/etc/permissions/privapp-permissions-systemhelper.xml ...
Processing system/etc/permissions/security ...
Processing system/etc/permissions/signature-permission-pangu.xml ...
Processing system/etc/permissions/signature-permissions-custapp.xml ...
Processing system/etc/permissions/signature-permissions-miui-system.xml ...
Processing system/etc/permissions/system-permissions-xiaomi.xml ...
Processing system/etc/permissions/uimremoteclient.xml ...
Processing system/etc/permissions/uimremoteserver.xml ...
Processing system/etc/permissions/security/verity_key ...
Processing system/etc/res/images ...
Processing system/etc/res/images/charger ...
Processing system/etc/res/images/charger/battery_fail.png ...
Processing system/etc/res/images/charger/battery_scale.png ...
Processing system/etc/seccomp_policy/code_coverage.arm.policy ...
Processing system/etc/seccomp_policy/code_coverage.arm64.policy ...
Processing system/etc/seccomp_policy/crash_dump.arm.policy ...
Processing system/etc/seccomp_policy/crash_dump.arm64.policy ...
Processing system/etc/seccomp_policy/mediacodec.policy ...
Processing system/etc/seccomp_policy/mediaextractor.policy ...
Processing system/etc/security/cacerts ...
Processing system/etc/security/fsverity ...
Processing system/etc/security/otacerts.zip ...
Processing system/etc/security/cacerts/01419da9.0 ...
Processing system/etc/security/cacerts/04f60c28.0 ...
Processing system/etc/security/cacerts/068570d1.0 ...
Processing system/etc/security/cacerts/073bfcc5.0 ...
Processing system/etc/security/cacerts/0d69c7e1.0 ...
Processing system/etc/security/cacerts/10531352.0 ...
Processing system/etc/security/cacerts/128f4b91.0 ...
Processing system/etc/security/cacerts/1ae85e5e.0 ...
Processing system/etc/security/cacerts/1b0f7e5c.0 ...
Processing system/etc/security/cacerts/1df5a75f.0 ...
Processing system/etc/security/cacerts/1e1eab7c.0 ...
Processing system/etc/security/cacerts/1e44ef15.0 ...
Processing system/etc/security/cacerts/1e8e7201.0 ...
Processing system/etc/security/cacerts/1ec40989.0 ...
Processing system/etc/security/cacerts/1f58a078.0 ...
Processing system/etc/security/cacerts/252252d2.0 ...
Processing system/etc/security/cacerts/2add47b6.0 ...
Processing system/etc/security/cacerts/2c63f966.0 ...
Processing system/etc/security/cacerts/2cc2056d.0 ...
Processing system/etc/security/cacerts/2d21b73c.0 ...
Processing system/etc/security/cacerts/2d9dafe4.0 ...
Processing system/etc/security/cacerts/302904dd.0 ...
Processing system/etc/security/cacerts/304d27c3.0 ...
Processing system/etc/security/cacerts/31188b5e.0 ...
Processing system/etc/security/cacerts/33ee480d.0 ...
Processing system/etc/security/cacerts/3428dc64.0 ...
Processing system/etc/security/cacerts/34d996fb.0 ...
Processing system/etc/security/cacerts/35105088.0 ...
Processing system/etc/security/cacerts/399e7759.0 ...
Processing system/etc/security/cacerts/3afde786.0 ...
Processing system/etc/security/cacerts/3c860d51.0 ...
Processing system/etc/security/cacerts/3c899c73.0 ...
Processing system/etc/security/cacerts/3c9a4d3b.0 ...
Processing system/etc/security/cacerts/41a3f684.0 ...
Processing system/etc/security/cacerts/47b283f6.0 ...
Processing system/etc/security/cacerts/48a195d8.0 ...
Processing system/etc/security/cacerts/4be590e0.0 ...
Processing system/etc/security/cacerts/4c3982f2.0 ...
Processing system/etc/security/cacerts/52b525c7.0 ...
Processing system/etc/security/cacerts/53a1b57a.0 ...
Processing system/etc/security/cacerts/583ac115.0 ...
Processing system/etc/security/cacerts/583d0756.0 ...
Processing system/etc/security/cacerts/595e996b.0 ...
Processing system/etc/security/cacerts/5a3f0ff8.0 ...
Processing system/etc/security/cacerts/5acf816d.0 ...
Processing system/etc/security/cacerts/5d139d02.0 ...
Processing system/etc/security/cacerts/5f47b495.0 ...
Processing system/etc/security/cacerts/5f9a69fa.0 ...
Processing system/etc/security/cacerts/5fdd185d.0 ...
Processing system/etc/security/cacerts/60afe812.0 ...
Processing system/etc/security/cacerts/6187b673.0 ...
Processing system/etc/security/cacerts/63a2c897.0 ...
Processing system/etc/security/cacerts/69105f4f.0 ...
Processing system/etc/security/cacerts/6b03dec0.0 ...
Processing system/etc/security/cacerts/6b483515.0 ...
Processing system/etc/security/cacerts/6c85d883.0 ...
Processing system/etc/security/cacerts/7892ad52.0 ...
Processing system/etc/security/cacerts/7a7c655d.0 ...
Processing system/etc/security/cacerts/7a819ef2.0 ...
Processing system/etc/security/cacerts/7e067d03.0 ...
Processing system/etc/security/cacerts/81b9768f.0 ...
Processing system/etc/security/cacerts/82223c44.0 ...
Processing system/etc/security/cacerts/83e9984f.0 ...
Processing system/etc/security/cacerts/85cde254.0 ...
Processing system/etc/security/cacerts/86212b19.0 ...
Processing system/etc/security/cacerts/869fbf79.0 ...
Processing system/etc/security/cacerts/8761519c.0 ...
Processing system/etc/security/cacerts/8794b4e3.0 ...
Processing system/etc/security/cacerts/882de061.0 ...
Processing system/etc/security/cacerts/88950faa.0 ...
Processing system/etc/security/cacerts/89c02a45.0 ...
Processing system/etc/security/cacerts/8d10a21f.0 ...
Processing system/etc/security/cacerts/8d6437c3.0 ...
Processing system/etc/security/cacerts/8d81b251.0 ...
Processing system/etc/security/cacerts/8f6cd7bb.0 ...
Processing system/etc/security/cacerts/9282e51c.0 ...
Processing system/etc/security/cacerts/9339512a.0 ...
Processing system/etc/security/cacerts/93851c9e.0 ...
Processing system/etc/security/cacerts/9479c8c3.0 ...
Processing system/etc/security/cacerts/9576d26b.0 ...
Processing system/etc/security/cacerts/9591a472.0 ...
Processing system/etc/security/cacerts/95aff9e3.0 ...
Processing system/etc/security/cacerts/985c1f52.0 ...
Processing system/etc/security/cacerts/98aaf404.0 ...
Processing system/etc/security/cacerts/99e1b953.0 ...
Processing system/etc/security/cacerts/9aef356c.0 ...
Processing system/etc/security/cacerts/9d6523ce.0 ...
Processing system/etc/security/cacerts/a2c66da8.0 ...
Processing system/etc/security/cacerts/a716d4ed.0 ...
Processing system/etc/security/cacerts/a81e292b.0 ...
Processing system/etc/security/cacerts/a9d40e02.0 ...
Processing system/etc/security/cacerts/ab59055e.0 ...
Processing system/etc/security/cacerts/b0ed035a.0 ...
Processing system/etc/security/cacerts/b30d5fda.0 ...
Processing system/etc/security/cacerts/b74d2bd5.0 ...
Processing system/etc/security/cacerts/b7b40cb7.0 ...
Processing system/etc/security/cacerts/b7db1890.0 ...
Processing system/etc/security/cacerts/b872f2b4.0 ...
Processing system/etc/security/cacerts/b92fd57f.0 ...
Processing system/etc/security/cacerts/b936d1c6.0 ...
Processing system/etc/security/cacerts/bc3f2570.0 ...
Processing system/etc/security/cacerts/bd43e1dd.0 ...
Processing system/etc/security/cacerts/bdacca6f.0 ...
Processing system/etc/security/cacerts/c44cc0c0.0 ...
Processing system/etc/security/cacerts/c491639e.0 ...
Processing system/etc/security/cacerts/c559d742.0 ...
Processing system/etc/security/cacerts/c7f1359b.0 ...
Processing system/etc/security/cacerts/c90bc37d.0 ...
Processing system/etc/security/cacerts/cb1c3204.0 ...
Processing system/etc/security/cacerts/cbb3f32b.0 ...
Processing system/etc/security/cacerts/ccc52f49.0 ...
Processing system/etc/security/cacerts/cf701eeb.0 ...
Processing system/etc/security/cacerts/d06393bb.0 ...
Processing system/etc/security/cacerts/d16a5865.0 ...
Processing system/etc/security/cacerts/d18e9066.0 ...
Processing system/etc/security/cacerts/d39b0a2c.0 ...
Processing system/etc/security/cacerts/d41b5e2a.0 ...
Processing system/etc/security/cacerts/d4c339cb.0 ...
Processing system/etc/security/cacerts/d59297b8.0 ...
Processing system/etc/security/cacerts/d7746a63.0 ...
Processing system/etc/security/cacerts/d96b65e2.0 ...
Processing system/etc/security/cacerts/da7377f6.0 ...
Processing system/etc/security/cacerts/dbc54cab.0 ...
Processing system/etc/security/cacerts/dbff3a01.0 ...
Processing system/etc/security/cacerts/dc99f41e.0 ...
Processing system/etc/security/cacerts/dfc0fe80.0 ...
Processing system/etc/security/cacerts/e071171e.0 ...
Processing system/etc/security/cacerts/e13665f9.0 ...
Processing system/etc/security/cacerts/e442e424.0 ...
Processing system/etc/security/cacerts/e48193cf.0 ...
Processing system/etc/security/cacerts/e7c037b4.0 ...
Processing system/etc/security/cacerts/e7dd1bc4.0 ...
Processing system/etc/security/cacerts/e8651083.0 ...
Processing system/etc/security/cacerts/ed39abd0.0 ...
Processing system/etc/security/cacerts/edcbddb5.0 ...
Processing system/etc/security/cacerts/ee37c333.0 ...
Processing system/etc/security/cacerts/ee532fd5.0 ...
Processing system/etc/security/cacerts/f013ecaf.0 ...
Processing system/etc/security/cacerts/f058632f.0 ...
Processing system/etc/security/cacerts/f459871d.0 ...
Processing system/etc/security/cacerts/f8fc53da.0 ...
Processing system/etc/security/cacerts/fb5fa911.0 ...
Processing system/etc/security/cacerts/fd08c599.0 ...
Processing system/etc/security/cacerts/fde84897.0 ...
Processing system/etc/security/cacerts/ffa7f1eb.0 ...
Processing system/etc/security/fsverity/BuildManifest.apk ...
Processing system/etc/security/fsverity/BuildManifest.apk.idsig ...
Processing system/etc/selinux/bug_map ...
Processing system/etc/selinux/mapping ...
Processing system/etc/selinux/plat_file_contexts ...
Processing system/etc/selinux/plat_hwservice_contexts ...
Processing system/etc/selinux/plat_keystore2_key_contexts ...
Processing system/etc/selinux/plat_mac_permissions.xml ...
Processing system/etc/selinux/plat_property_contexts ...
Processing system/etc/selinux/plat_seapp_contexts ...
Processing system/etc/selinux/plat_sepolicy.cil ...
Processing system/etc/selinux/plat_sepolicy_and_mapping.sha256 ...
Processing system/etc/selinux/plat_sepolicy_genfs_202504.cil ...
Processing system/etc/selinux/plat_sepolicy_genfs_202604.cil ...
Processing system/etc/selinux/plat_sepolicy_genfs_202704.cil ...
Processing system/etc/selinux/plat_service_contexts ...
Processing system/etc/selinux/plat_tee_service_contexts ...
Processing system/etc/selinux/mapping/202404.cil ...
Processing system/etc/selinux/mapping/202404.compat.cil ...
Processing system/etc/selinux/mapping/202504.cil ...
Processing system/etc/selinux/mapping/202504.compat.cil ...
Processing system/etc/selinux/mapping/202604.cil ...
Processing system/etc/selinux/mapping/31.0.cil ...
Processing system/etc/selinux/mapping/31.0.compat.cil ...
Processing system/etc/selinux/mapping/32.0.cil ...
Processing system/etc/selinux/mapping/32.0.compat.cil ...
Processing system/etc/selinux/mapping/33.0.cil ...
Processing system/etc/selinux/mapping/33.0.compat.cil ...
Processing system/etc/selinux/mapping/34.0.cil ...
Processing system/etc/selinux/mapping/34.0.compat.cil ...
Processing system/etc/sysconfig/CellBroadcastServiceModulePlatform_preinstall_allowlist.xml ...
Processing system/etc/sysconfig/TelecomUi_preinstall_allowlist.xml ...
Processing system/etc/sysconfig/app-lock-exempt.xml ...
Processing system/etc/sysconfig/com.google.android.mainline.patchlevel.2.xml ...
Processing system/etc/sysconfig/enhanced-confirmation.xml ...
Processing system/etc/sysconfig/framework-sysconfig.xml ...
Processing system/etc/sysconfig/google-hiddenapi-package-allowlist.xml ...
Processing system/etc/sysconfig/hiddenapi-package-whitelist.xml ...
Processing system/etc/sysconfig/initial-package-stopped-states.xml ...
Processing system/etc/sysconfig/package-shareduid-allowlist.xml ...
Processing system/etc/sysconfig/preinstalled-packages-asl-files.xml ...
Processing system/etc/sysconfig/preinstalled-packages-com.android.providers.media.module.xml ...
Processing system/etc/sysconfig/preinstalled-packages-media-system.xml ...
Processing system/etc/sysconfig/preinstalled-packages-platform-full-base.xml ...
Processing system/etc/sysconfig/preinstalled-packages-platform-generic-system.xml ...
Processing system/etc/sysconfig/preinstalled-packages-platform-handheld-system.xml ...
Processing system/etc/sysconfig/preinstalled-packages-platform-telephony-system.xml ...
Processing system/etc/sysconfig/preinstalled-packages-platform.xml ...
Processing system/etc/sysconfig/preinstalled-packages-strict-signature.xml ...
Processing system/etc/sysconfig/qti_whitelist.xml ...
Processing system/etc/vintf/compatibility_matrix.202404.xml ...
Processing system/etc/vintf/compatibility_matrix.202504.xml ...
Processing system/etc/vintf/compatibility_matrix.202604.xml ...
Processing system/etc/vintf/compatibility_matrix.5.xml ...
Processing system/etc/vintf/compatibility_matrix.7.xml ...
Processing system/etc/vintf/compatibility_matrix.8.xml ...
Processing system/etc/vintf/compatibility_matrix.device.xml ...
Processing system/etc/vintf/manifest ...
Processing system/etc/vintf/manifest.xml ...
Processing system/etc/vintf/manifest/android.frameworks.stats-service.xml ...
Processing system/etc/vintf/manifest/android.system.keystore2-service.xml ...
Processing system/etc/vintf/manifest/android.system.mieed-service.xml ...
Processing system/etc/vintf/manifest/android.system.net.netd-service.xml ...
Processing system/etc/vintf/manifest/android.system.suspend-service.xml ...
Processing system/etc/vintf/manifest/android.system.vold-service.xml ...
Processing system/etc/vintf/manifest/app_launcher_service.xml ...
Processing system/etc/vintf/manifest/manifest_android.frameworks.cameraservice.service.xml ...
Processing system/etc/vintf/manifest/manifest_media_c2_software.xml ...
Processing system/etc/vintf/manifest/manifest_services_android.frameworks.devicestate.xml ...
Processing system/etc/vintf/manifest/manifest_services_android.frameworks.location.xml ...
Processing system/etc/vintf/manifest/manifest_services_android.frameworks.vibrator.xml ...
Processing system/fonts/AndroidClock.ttf ...
Processing system/fonts/CarroisGothicSC-Regular.ttf ...
Processing system/fonts/ComingSoon.ttf ...
Processing system/fonts/CutiveMono.ttf ...
Processing system/fonts/DancingScript-Regular.ttf ...
Processing system/fonts/DroidSans-Bold.ttf ...
Processing system/fonts/DroidSans.ttf ...
Processing system/fonts/DroidSansMono.ttf ...
Processing system/fonts/MiSansArabicVF.ttf ...
Processing system/fonts/MiSansBengaliVF.ttf ...
Processing system/fonts/MiSansDevanagariVF.ttf ...
Processing system/fonts/MiSansGujaratiVF.ttf ...
Processing system/fonts/MiSansGurmukhiVF.ttf ...
Processing system/fonts/MiSansJapaneseVF.ttf ...
Processing system/fonts/MiSansKannadaVF.ttf ...
Processing system/fonts/MiSansKhmerVF.ttf ...
Processing system/fonts/MiSansKoreanVF.ttf ...
Processing system/fonts/MiSansL3.otf ...
Processing system/fonts/MiSansLaoVF.ttf ...
Processing system/fonts/MiSansLatinVF.ttf ...
Processing system/fonts/MiSansMalayalamVF.ttf ...
Processing system/fonts/MiSansMyanmarVF.ttf ...
Processing system/fonts/MiSansOdiaVF.ttf ...
Processing system/fonts/MiSansTCVF.ttf ...
Processing system/fonts/MiSansTamilVF.ttf ...
Processing system/fonts/MiSansTeluguVF.ttf ...
Processing system/fonts/MiSansThaiVF.ttf ...
Processing system/fonts/MiSansTibetanVF.ttf ...
Processing system/fonts/MiSansVF.ttf ...
Processing system/fonts/MiSansVF_Overlay.ttf ...
Processing system/fonts/NotoColorEmoji.ttf ...
Processing system/fonts/NotoColorEmojiFlags.ttf ...
Processing system/fonts/NotoNaskhArabic-Bold.ttf ...
Processing system/fonts/NotoNaskhArabic-Regular.ttf ...
Processing system/fonts/NotoNaskhArabicUI-Bold.ttf ...
Processing system/fonts/NotoNaskhArabicUI-Regular.ttf ...
Processing system/fonts/NotoSansAdlam-VF.ttf ...
Processing system/fonts/NotoSansAhom-Regular.otf ...
Processing system/fonts/NotoSansAnatolianHieroglyphs-Regular.otf ...
Processing system/fonts/NotoSansArmenian-VF.ttf ...
Processing system/fonts/NotoSansAvestan-Regular.ttf ...
Processing system/fonts/NotoSansBalinese-Regular.ttf ...
Processing system/fonts/NotoSansBamum-Regular.ttf ...
Processing system/fonts/NotoSansBassaVah-Regular.otf ...
Processing system/fonts/NotoSansBatak-Regular.ttf ...
Processing system/fonts/NotoSansBengali-VF.ttf ...
Processing system/fonts/NotoSansBengaliUI-VF.ttf ...
Processing system/fonts/NotoSansBhaiksuki-Regular.otf ...
Processing system/fonts/NotoSansBrahmi-Regular.ttf ...
Processing system/fonts/NotoSansBuginese-Regular.ttf ...
Processing system/fonts/NotoSansBuhid-Regular.ttf ...
Processing system/fonts/NotoSansCJK-Regular.ttc ...
Processing system/fonts/NotoSansCanadianAboriginal-Regular.ttf ...
Processing system/fonts/NotoSansCarian-Regular.ttf ...
Processing system/fonts/NotoSansChakma-Regular.otf ...
Processing system/fonts/NotoSansCham-Bold.ttf ...
Processing system/fonts/NotoSansCham-Regular.ttf ...
Processing system/fonts/NotoSansCherokee-Regular.ttf ...
Processing system/fonts/NotoSansCoptic-Regular.ttf ...
Processing system/fonts/NotoSansCuneiform-Regular.ttf ...
Processing system/fonts/NotoSansCypriot-Regular.ttf ...
Processing system/fonts/NotoSansDeseret-Regular.ttf ...
Processing system/fonts/NotoSansDevanagari-VF.ttf ...
Processing system/fonts/NotoSansDevanagariUI-VF.ttf ...
Processing system/fonts/NotoSansEgyptianHieroglyphs-Regular.ttf ...
Processing system/fonts/NotoSansElbasan-Regular.otf ...
Processing system/fonts/NotoSansEthiopic-VF.ttf ...
Processing system/fonts/NotoSansGeorgian-VF.ttf ...
Processing system/fonts/NotoSansGlagolitic-Regular.ttf ...
Processing system/fonts/NotoSansGothic-Regular.ttf ...
Processing system/fonts/NotoSansGrantha-Regular.ttf ...
Processing system/fonts/NotoSansGujarati-Bold.ttf ...
Processing system/fonts/NotoSansGujarati-Regular.ttf ...
Processing system/fonts/NotoSansGujaratiUI-Bold.ttf ...
Processing system/fonts/NotoSansGujaratiUI-Regular.ttf ...
Processing system/fonts/NotoSansGunjalaGondi-Regular.otf ...
Processing system/fonts/NotoSansGurmukhi-VF.ttf ...
Processing system/fonts/NotoSansGurmukhiUI-VF.ttf ...
Processing system/fonts/NotoSansHanifiRohingya-Regular.otf ...
Processing system/fonts/NotoSansHanunoo-Regular.ttf ...
Processing system/fonts/NotoSansHatran-Regular.otf ...
Processing system/fonts/NotoSansHebrew-Bold.ttf ...
Processing system/fonts/NotoSansHebrew-Regular.ttf ...
Processing system/fonts/NotoSansImperialAramaic-Regular.ttf ...
Processing system/fonts/NotoSansInscriptionalPahlavi-Regular.ttf ...
Processing system/fonts/NotoSansInscriptionalParthian-Regular.ttf ...
Processing system/fonts/NotoSansJavanese-Regular.otf ...
Processing system/fonts/NotoSansKaithi-Regular.ttf ...
Processing system/fonts/NotoSansKannada-VF.ttf ...
Processing system/fonts/NotoSansKannadaUI-VF.ttf ...
Processing system/fonts/NotoSansKayahLi-Regular.ttf ...
Processing system/fonts/NotoSansKharoshthi-Regular.ttf ...
Processing system/fonts/NotoSansKhmer-VF.ttf ...
Processing system/fonts/NotoSansKhmerUI-Bold.ttf ...
Processing system/fonts/NotoSansKhmerUI-Regular.ttf ...
Processing system/fonts/NotoSansKhojki-Regular.otf ...
Processing system/fonts/NotoSansLao-Bold.ttf ...
Processing system/fonts/NotoSansLao-Regular.ttf ...
Processing system/fonts/NotoSansLaoUI-Bold.ttf ...
Processing system/fonts/NotoSansLaoUI-Regular.ttf ...
Processing system/fonts/NotoSansLepcha-Regular.ttf ...
Processing system/fonts/NotoSansLimbu-Regular.ttf ...
Processing system/fonts/NotoSansLinearA-Regular.otf ...
Processing system/fonts/NotoSansLinearB-Regular.ttf ...
Processing system/fonts/NotoSansLisu-Regular.ttf ...
Processing system/fonts/NotoSansLycian-Regular.ttf ...
Processing system/fonts/NotoSansLydian-Regular.ttf ...
Processing system/fonts/NotoSansMalayalam-VF.ttf ...
Processing system/fonts/NotoSansMalayalamUI-VF.ttf ...
Processing system/fonts/NotoSansMandaic-Regular.ttf ...
Processing system/fonts/NotoSansManichaean-Regular.otf ...
Processing system/fonts/NotoSansMarchen-Regular.otf ...
Processing system/fonts/NotoSansMasaramGondi-Regular.otf ...
Processing system/fonts/NotoSansMedefaidrin-VF.ttf ...
Processing system/fonts/NotoSansMeeteiMayek-Regular.ttf ...
Processing system/fonts/NotoSansMeroitic-Regular.otf ...
Processing system/fonts/NotoSansMiao-Regular.otf ...
Processing system/fonts/NotoSansModi-Regular.ttf ...
Processing system/fonts/NotoSansMongolian-Regular.ttf ...
Processing system/fonts/NotoSansMro-Regular.otf ...
Processing system/fonts/NotoSansMultani-Regular.otf ...
Processing system/fonts/NotoSansMyanmar-Bold.otf ...
Processing system/fonts/NotoSansMyanmar-Medium.otf ...
Processing system/fonts/NotoSansMyanmar-Regular.otf ...
Processing system/fonts/NotoSansMyanmarUI-Bold.otf ...
Processing system/fonts/NotoSansMyanmarUI-Medium.otf ...
Processing system/fonts/NotoSansMyanmarUI-Regular.otf ...
Processing system/fonts/NotoSansNKo-Regular.ttf ...
Processing system/fonts/NotoSansNabataean-Regular.otf ...
Processing system/fonts/NotoSansNewTaiLue-Regular.ttf ...
Processing system/fonts/NotoSansNewa-Regular.otf ...
Processing system/fonts/NotoSansOgham-Regular.ttf ...
Processing system/fonts/NotoSansOlChiki-Regular.ttf ...
Processing system/fonts/NotoSansOldItalic-Regular.ttf ...
Processing system/fonts/NotoSansOldNorthArabian-Regular.otf ...
Processing system/fonts/NotoSansOldPermic-Regular.otf ...
Processing system/fonts/NotoSansOldPersian-Regular.ttf ...
Processing system/fonts/NotoSansOldSouthArabian-Regular.ttf ...
Processing system/fonts/NotoSansOldTurkic-Regular.ttf ...
Processing system/fonts/NotoSansOriya-Bold.ttf ...
Processing system/fonts/NotoSansOriya-Regular.ttf ...
Processing system/fonts/NotoSansOriyaUI-Bold.ttf ...
Processing system/fonts/NotoSansOriyaUI-Regular.ttf ...
Processing system/fonts/NotoSansOsage-Regular.ttf ...
Processing system/fonts/NotoSansOsmanya-Regular.ttf ...
Processing system/fonts/NotoSansPahawhHmong-Regular.otf ...
Processing system/fonts/NotoSansPalmyrene-Regular.otf ...
Processing system/fonts/NotoSansPauCinHau-Regular.otf ...
Processing system/fonts/NotoSansPhagsPa-Regular.ttf ...
Processing system/fonts/NotoSansPhoenician-Regular.ttf ...
Processing system/fonts/NotoSansRejang-Regular.ttf ...
Processing system/fonts/NotoSansRunic-Regular.ttf ...
Processing system/fonts/NotoSansSamaritan-Regular.ttf ...
Processing system/fonts/NotoSansSaurashtra-Regular.ttf ...
Processing system/fonts/NotoSansSharada-Regular.otf ...
Processing system/fonts/NotoSansShavian-Regular.ttf ...
Processing system/fonts/NotoSansSinhala-VF.ttf ...
Processing system/fonts/NotoSansSinhalaUI-VF.ttf ...
Processing system/fonts/NotoSansSoraSompeng-Regular.otf ...
Processing system/fonts/NotoSansSoyombo-VF.ttf ...
Processing system/fonts/NotoSansSundanese-Regular.ttf ...
Processing system/fonts/NotoSansSylotiNagri-Regular.ttf ...
Processing system/fonts/NotoSansSymbols-Regular-Subsetted.ttf ...
Processing system/fonts/NotoSansSymbols-Regular-Subsetted2.ttf ...
Processing system/fonts/NotoSansSyriacEastern-Regular.ttf ...
Processing system/fonts/NotoSansSyriacEstrangela-Regular.ttf ...
Processing system/fonts/NotoSansSyriacWestern-Regular.ttf ...
Processing system/fonts/NotoSansTagalog-Regular.ttf ...
Processing system/fonts/NotoSansTagbanwa-Regular.ttf ...
Processing system/fonts/NotoSansTaiLe-Regular.ttf ...
Processing system/fonts/NotoSansTaiTham-Regular.ttf ...
Processing system/fonts/NotoSansTaiViet-Regular.ttf ...
Processing system/fonts/NotoSansTakri-VF.ttf ...
Processing system/fonts/NotoSansTamil-VF.ttf ...
Processing system/fonts/NotoSansTamilUI-VF.ttf ...
Processing system/fonts/NotoSansTelugu-VF.ttf ...
Processing system/fonts/NotoSansTeluguUI-VF.ttf ...
Processing system/fonts/NotoSansThaana-Bold.ttf ...
Processing system/fonts/NotoSansThaana-Regular.ttf ...
Processing system/fonts/NotoSansThai-Bold.ttf ...
Processing system/fonts/NotoSansThai-Regular.ttf ...
Processing system/fonts/NotoSansThaiUI-Bold.ttf ...
Processing system/fonts/NotoSansThaiUI-Regular.ttf ...
Processing system/fonts/NotoSansTifinagh-Regular.otf ...
Processing system/fonts/NotoSansUgaritic-Regular.ttf ...
Processing system/fonts/NotoSansVai-Regular.ttf ...
Processing system/fonts/NotoSansWancho-Regular.otf ...
Processing system/fonts/NotoSansWarangCiti-Regular.otf ...
Processing system/fonts/NotoSansYi-Regular.ttf ...
Processing system/fonts/NotoSerif-Bold.ttf ...
Processing system/fonts/NotoSerif-BoldItalic.ttf ...
Processing system/fonts/NotoSerif-Italic.ttf ...
Processing system/fonts/NotoSerif-Regular.ttf ...
Processing system/fonts/NotoSerifArmenian-VF.ttf ...
Processing system/fonts/NotoSerifBengali-VF.ttf ...
Processing system/fonts/NotoSerifCJK-Regular.ttc ...
Processing system/fonts/NotoSerifDevanagari-VF.ttf ...
Processing system/fonts/NotoSerifDogra-Regular.ttf ...
Processing system/fonts/NotoSerifEthiopic-VF.ttf ...
Processing system/fonts/NotoSerifGeorgian-VF.ttf ...
Processing system/fonts/NotoSerifGujarati-VF.ttf ...
Processing system/fonts/NotoSerifGurmukhi-VF.ttf ...
Processing system/fonts/NotoSerifHebrew-Bold.ttf ...
Processing system/fonts/NotoSerifHebrew-Regular.ttf ...
Processing system/fonts/NotoSerifHentaigana.ttf ...
Processing system/fonts/NotoSerifKannada-VF.ttf ...
Processing system/fonts/NotoSerifKhmer-Bold.otf ...
Processing system/fonts/NotoSerifKhmer-Regular.ttf ...
Processing system/fonts/NotoSerifLao-Bold.ttf ...
Processing system/fonts/NotoSerifLao-Regular.ttf ...
Processing system/fonts/NotoSerifMalayalam-VF.ttf ...
Processing system/fonts/NotoSerifMyanmar-Bold.otf ...
Processing system/fonts/NotoSerifMyanmar-Regular.otf ...
Processing system/fonts/NotoSerifNyiakengPuachueHmong-VF.ttf ...
Processing system/fonts/NotoSerifSinhala-VF.ttf ...
Processing system/fonts/NotoSerifTamil-VF.ttf ...
Processing system/fonts/NotoSerifTelugu-VF.ttf ...
Processing system/fonts/NotoSerifThai-Bold.ttf ...
Processing system/fonts/NotoSerifThai-Regular.ttf ...
Processing system/fonts/NotoSerifTibetan-VF.ttf ...
Processing system/fonts/NotoSerifYezidi-VF.ttf ...
Processing system/fonts/Roboto-Regular.ttf ...
Processing system/fonts/RobotoFlex-Regular.ttf ...
Processing system/fonts/RobotoStatic-Regular.ttf ...
Processing system/fonts/SourceSansPro-Bold.ttf ...
Processing system/fonts/SourceSansPro-BoldItalic.ttf ...
Processing system/fonts/SourceSansPro-Italic.ttf ...
Processing system/fonts/SourceSansPro-Regular.ttf ...
Processing system/fonts/SourceSansPro-SemiBold.ttf ...
Processing system/fonts/SourceSansPro-SemiBoldItalic.ttf ...
Processing system/framework/MiuiBooster.jar ...
Processing system/framework/QPerformance.jar ...
Processing system/framework/QPerformance.jar.fsv_meta ...
Processing system/framework/QXPerformance.jar ...
Processing system/framework/QXPerformance.jar.fsv_meta ...
Processing system/framework/UxPerformance.jar ...
Processing system/framework/UxPerformance.jar.fsv_meta ...
Processing system/framework/WfdCommon.jar ...
Processing system/framework/WfdCommon.jar.fsv_meta ...
Processing system/framework/abx.jar ...
Processing system/framework/abx.jar.fsv_meta ...
Processing system/framework/am.jar ...
Processing system/framework/am.jar.fsv_meta ...
Processing system/framework/android.hidl.base-V1.0-java.jar ...
Processing system/framework/android.hidl.base-V1.0-java.jar.fsv_meta ...
Processing system/framework/android.hidl.manager-V1.0-java.jar ...
Processing system/framework/android.hidl.manager-V1.0-java.jar.fsv_meta ...
Processing system/framework/android.test.base.jar ...
Processing system/framework/android.test.base.jar.fsv_meta ...
Processing system/framework/android.test.mock.jar ...
Processing system/framework/android.test.mock.jar.fsv_meta ...
Processing system/framework/android.test.runner.jar ...
Processing system/framework/android.test.runner.jar.fsv_meta ...
Processing system/framework/appwidget.jar ...
Processing system/framework/appwidget.jar.fsv_meta ...
Processing system/framework/arm ...
Processing system/framework/arm64 ...
Processing system/framework/bmgr.jar ...
Processing system/framework/bmgr.jar.fsv_meta ...
Processing system/framework/boot-QPerformance.vdex ...
Processing system/framework/boot-QPerformance.vdex.fsv_meta ...
Processing system/framework/boot-UxPerformance.vdex ...
Processing system/framework/boot-UxPerformance.vdex.fsv_meta ...
Processing system/framework/boot-WfdCommon.vdex ...
Processing system/framework/boot-WfdCommon.vdex.fsv_meta ...
Processing system/framework/boot-apache-xml.vdex ...
Processing system/framework/boot-apache-xml.vdex.fsv_meta ...
Processing system/framework/boot-bouncycastle.vdex ...
Processing system/framework/boot-bouncycastle.vdex.fsv_meta ...
Processing system/framework/boot-core-icu4j.vdex ...
Processing system/framework/boot-core-icu4j.vdex.fsv_meta ...
Processing system/framework/boot-core-libart.vdex ...
Processing system/framework/boot-core-libart.vdex.fsv_meta ...
Processing system/framework/boot-ext.vdex ...
Processing system/framework/boot-ext.vdex.fsv_meta ...
Processing system/framework/boot-framework-adservices.vdex ...
Processing system/framework/boot-framework-adservices.vdex.fsv_meta ...
Processing system/framework/boot-framework-graphics.vdex ...
Processing system/framework/boot-framework-graphics.vdex.fsv_meta ...
Processing system/framework/boot-framework-location.vdex ...
Processing system/framework/boot-framework-location.vdex.fsv_meta ...
Processing system/framework/boot-framework-nfc.vdex ...
Processing system/framework/boot-framework-nfc.vdex.fsv_meta ...
Processing system/framework/boot-framework-ondeviceintelligence-platform.vdex ...
Processing system/framework/boot-framework-ondeviceintelligence-platform.vdex.fsv_meta ...
Processing system/framework/boot-framework-telecom.vdex ...
Processing system/framework/boot-framework-telecom.vdex.fsv_meta ...
Processing system/framework/boot-framework.vdex ...
Processing system/framework/boot-framework.vdex.fsv_meta ...
Processing system/framework/boot-ims-common.vdex ...
Processing system/framework/boot-ims-common.vdex.fsv_meta ...
Processing system/framework/boot-miui-enterprise-sdk.vdex ...
Processing system/framework/boot-miui-enterprise-sdk.vdex.fsv_meta ...
Processing system/framework/boot-miui-framework.vdex ...
Processing system/framework/boot-miui-framework.vdex.fsv_meta ...
Processing system/framework/boot-miui-litert-service.vdex ...
Processing system/framework/boot-miui-litert-service.vdex.fsv_meta ...
Processing system/framework/boot-miui-telephony-common.vdex ...
Processing system/framework/boot-miui-telephony-common.vdex.fsv_meta ...
Processing system/framework/boot-okhttp.vdex ...
Processing system/framework/boot-okhttp.vdex.fsv_meta ...
Processing system/framework/boot-tcmiface.vdex ...
Processing system/framework/boot-tcmiface.vdex.fsv_meta ...
Processing system/framework/boot-telephony-common.vdex ...
Processing system/framework/boot-telephony-common.vdex.fsv_meta ...
Processing system/framework/boot-telephony-ext.vdex ...
Processing system/framework/boot-telephony-ext.vdex.fsv_meta ...
Processing system/framework/boot-vendor.xiaomi.hardware.videoservice-V9-java.vdex ...
Processing system/framework/boot-vendor.xiaomi.hardware.videoservice-V9-java.vdex.fsv_meta ...
Processing system/framework/boot-voip-common.vdex ...
Processing system/framework/boot-voip-common.vdex.fsv_meta ...
Processing system/framework/boot-xiaomi-framework.vdex ...
Processing system/framework/boot-xiaomi-framework.vdex.fsv_meta ...
Processing system/framework/boot-xm-telephony-base.vdex ...
Processing system/framework/boot-xm-telephony-base.vdex.fsv_meta ...
Processing system/framework/boot-xm-telephony-common.vdex ...
Processing system/framework/boot-xm-telephony-common.vdex.fsv_meta ...
Processing system/framework/boot.vdex ...
Processing system/framework/boot.vdex.fsv_meta ...
Processing system/framework/bu.jar ...
Processing system/framework/bu.jar.fsv_meta ...
Processing system/framework/com.android.future.usb.accessory.jar ...
Processing system/framework/com.android.future.usb.accessory.jar.fsv_meta ...
Processing system/framework/com.android.location.provider.jar ...
Processing system/framework/com.android.location.provider.jar.fsv_meta ...
Processing system/framework/com.android.media.remotedisplay.jar ...
Processing system/framework/com.android.media.remotedisplay.jar.fsv_meta ...
Processing system/framework/com.android.mediadrm.signer.jar ...
Processing system/framework/com.android.mediadrm.signer.jar.fsv_meta ...
Processing system/framework/com.android.nfc_extras.jar ...
Processing system/framework/com.android.nfc_extras.jar.fsv_meta ...
Processing system/framework/content.jar ...
Processing system/framework/content.jar.fsv_meta ...
Processing system/framework/ext.jar ...
Processing system/framework/ext.jar.fsv_meta ...
Processing system/framework/framework-graphics.jar ...
Processing system/framework/framework-graphics.jar.fsv_meta ...
Processing system/framework/framework-location.jar ...
Processing system/framework/framework-location.jar.fsv_meta ...
Processing system/framework/framework-nfc.jar ...
Processing system/framework/framework-nfc.jar.fsv_meta ...
Processing system/framework/framework-ondeviceintelligence-platform.jar ...
Processing system/framework/framework-ondeviceintelligence-platform.jar.fsv_meta ...
Processing system/framework/framework-res.apk ...
Processing system/framework/framework-res.apk.fsv_meta ...
Processing system/framework/framework-telecom.jar ...
Processing system/framework/framework-telecom.jar.fsv_meta ...
Processing system/framework/framework.jar ...
Processing system/framework/framework.jar.fsv_meta ...
Processing system/framework/hid.jar ...
Processing system/framework/hid.jar.fsv_meta ...
Processing system/framework/ims-common.jar ...
Processing system/framework/ims-common.jar.fsv_meta ...
Processing system/framework/incident-helper-cmd.jar ...
Processing system/framework/incident-helper-cmd.jar.fsv_meta ...
Processing system/framework/javax.obex.jar ...
Processing system/framework/javax.obex.jar.fsv_meta ...
Processing system/framework/monkey.jar ...
Processing system/framework/monkey.jar.fsv_meta ...
Processing system/framework/oat ...
Processing system/framework/org.apache.http.legacy.jar ...
Processing system/framework/org.apache.http.legacy.jar.fsv_meta ...
Processing system/framework/org.apache.http.legacy.jar.prof ...
Processing system/framework/org.apache.http.legacy.jar.prof.fsv_meta ...
Processing system/framework/requestsync.jar ...
Processing system/framework/requestsync.jar.fsv_meta ...
Processing system/framework/services.jar ...
Processing system/framework/services.jar.fsv_meta ...
Processing system/framework/services.jar.prof ...
Processing system/framework/services.jar.prof.fsv_meta ...
Processing system/framework/sm.jar ...
Processing system/framework/sm.jar.fsv_meta ...
Processing system/framework/svc.jar ...
Processing system/framework/svc.jar.fsv_meta ...
Processing system/framework/tcmclient.jar ...
Processing system/framework/tcmclient.jar.fsv_meta ...
Processing system/framework/tcmiface.jar ...
Processing system/framework/tcmiface.jar.fsv_meta ...
Processing system/framework/telecom.jar ...
Processing system/framework/telecom.jar.fsv_meta ...
Processing system/framework/telephony-common.jar ...
Processing system/framework/telephony-common.jar.fsv_meta ...
Processing system/framework/telephony-ext.jar ...
Processing system/framework/telephony-ext.jar.fsv_meta ...
Processing system/framework/tradeinmode.jar ...
Processing system/framework/tradeinmode.jar.fsv_meta ...
Processing system/framework/uiautomator.jar ...
Processing system/framework/uiautomator.jar.fsv_meta ...
Processing system/framework/uinput.jar ...
Processing system/framework/uinput.jar.fsv_meta ...
Processing system/framework/vendor.qti.hardware.data.connectionaidl-V1-java.jar ...
Processing system/framework/vendor.qti.hardware.data.connectionaidl-V1-java.jar.fsv_meta ...
Processing system/framework/voip-common.jar ...
Processing system/framework/voip-common.jar.fsv_meta ...
Processing system/framework/vr.jar ...
Processing system/framework/vr.jar.fsv_meta ...
Processing system/framework/wapicertstore.jar ...
Processing system/framework/wapicertstore.jar.fsv_meta ...
Processing system/framework/arm/boot-QPerformance.art ...
Processing system/framework/arm/boot-QPerformance.art.fsv_meta ...
Processing system/framework/arm/boot-QPerformance.oat ...
Processing system/framework/arm/boot-QPerformance.oat.fsv_meta ...
Processing system/framework/arm/boot-QPerformance.vdex ...
Processing system/framework/arm/boot-QPerformance.vdex.fsv_meta ...
Processing system/framework/arm/boot-UxPerformance.art ...
Processing system/framework/arm/boot-UxPerformance.art.fsv_meta ...
Processing system/framework/arm/boot-UxPerformance.oat ...
Processing system/framework/arm/boot-UxPerformance.oat.fsv_meta ...
Processing system/framework/arm/boot-UxPerformance.vdex ...
Processing system/framework/arm/boot-UxPerformance.vdex.fsv_meta ...
Processing system/framework/arm/boot-WfdCommon.art ...
Processing system/framework/arm/boot-WfdCommon.art.fsv_meta ...
Processing system/framework/arm/boot-WfdCommon.oat ...
Processing system/framework/arm/boot-WfdCommon.oat.fsv_meta ...
Processing system/framework/arm/boot-WfdCommon.vdex ...
Processing system/framework/arm/boot-WfdCommon.vdex.fsv_meta ...
Processing system/framework/arm/boot-apache-xml.art ...
Processing system/framework/arm/boot-apache-xml.art.fsv_meta ...
Processing system/framework/arm/boot-apache-xml.oat ...
Processing system/framework/arm/boot-apache-xml.oat.fsv_meta ...
Processing system/framework/arm/boot-apache-xml.vdex ...
Processing system/framework/arm/boot-apache-xml.vdex.fsv_meta ...
Processing system/framework/arm/boot-bouncycastle.art ...
Processing system/framework/arm/boot-bouncycastle.art.fsv_meta ...
Processing system/framework/arm/boot-bouncycastle.oat ...
Processing system/framework/arm/boot-bouncycastle.oat.fsv_meta ...
Processing system/framework/arm/boot-bouncycastle.vdex ...
Processing system/framework/arm/boot-bouncycastle.vdex.fsv_meta ...
Processing system/framework/arm/boot-core-icu4j.art ...
Processing system/framework/arm/boot-core-icu4j.art.fsv_meta ...
Processing system/framework/arm/boot-core-icu4j.oat ...
Processing system/framework/arm/boot-core-icu4j.oat.fsv_meta ...
Processing system/framework/arm/boot-core-icu4j.vdex ...
Processing system/framework/arm/boot-core-icu4j.vdex.fsv_meta ...
Processing system/framework/arm/boot-core-libart.art ...
Processing system/framework/arm/boot-core-libart.art.fsv_meta ...
Processing system/framework/arm/boot-core-libart.oat ...
Processing system/framework/arm/boot-core-libart.oat.fsv_meta ...
Processing system/framework/arm/boot-core-libart.vdex ...
Processing system/framework/arm/boot-core-libart.vdex.fsv_meta ...
Processing system/framework/arm/boot-ext.art ...
Processing system/framework/arm/boot-ext.art.fsv_meta ...
Processing system/framework/arm/boot-ext.oat ...
Processing system/framework/arm/boot-ext.oat.fsv_meta ...
Processing system/framework/arm/boot-ext.vdex ...
Processing system/framework/arm/boot-ext.vdex.fsv_meta ...
Processing system/framework/arm/boot-framework-adservices.art ...
Processing system/framework/arm/boot-framework-adservices.art.fsv_meta ...
Processing system/framework/arm/boot-framework-adservices.oat ...
Processing system/framework/arm/boot-framework-adservices.oat.fsv_meta ...
Processing system/framework/arm/boot-framework-adservices.vdex ...
Processing system/framework/arm/boot-framework-adservices.vdex.fsv_meta ...
Processing system/framework/arm/boot-framework-graphics.art ...
Processing system/framework/arm/boot-framework-graphics.art.fsv_meta ...
Processing system/framework/arm/boot-framework-graphics.oat ...
Processing system/framework/arm/boot-framework-graphics.oat.fsv_meta ...
Processing system/framework/arm/boot-framework-graphics.vdex ...
Processing system/framework/arm/boot-framework-graphics.vdex.fsv_meta ...
Processing system/framework/arm/boot-framework-location.art ...
Processing system/framework/arm/boot-framework-location.art.fsv_meta ...
Processing system/framework/arm/boot-framework-location.oat ...
Processing system/framework/arm/boot-framework-location.oat.fsv_meta ...
Processing system/framework/arm/boot-framework-location.vdex ...
Processing system/framework/arm/boot-framework-location.vdex.fsv_meta ...
Processing system/framework/arm/boot-framework-nfc.art ...
Processing system/framework/arm/boot-framework-nfc.art.fsv_meta ...
Processing system/framework/arm/boot-framework-nfc.oat ...
Processing system/framework/arm/boot-framework-nfc.oat.fsv_meta ...
Processing system/framework/arm/boot-framework-nfc.vdex ...
Processing system/framework/arm/boot-framework-nfc.vdex.fsv_meta ...
Processing system/framework/arm/boot-framework-ondeviceintelligence-platform.art ...
Processing system/framework/arm/boot-framework-ondeviceintelligence-platform.art.fsv_meta ...
Processing system/framework/arm/boot-framework-ondeviceintelligence-platform.oat ...
Processing system/framework/arm/boot-framework-ondeviceintelligence-platform.oat.fsv_meta ...
Processing system/framework/arm/boot-framework-ondeviceintelligence-platform.vdex ...
Processing system/framework/arm/boot-framework-ondeviceintelligence-platform.vdex.fsv_meta ...
Processing system/framework/arm/boot-framework-telecom.art ...
Processing system/framework/arm/boot-framework-telecom.art.fsv_meta ...
Processing system/framework/arm/boot-framework-telecom.oat ...
Processing system/framework/arm/boot-framework-telecom.oat.fsv_meta ...
Processing system/framework/arm/boot-framework-telecom.vdex ...
Processing system/framework/arm/boot-framework-telecom.vdex.fsv_meta ...
Processing system/framework/arm/boot-framework.art ...
Processing system/framework/arm/boot-framework.art.fsv_meta ...
Processing system/framework/arm/boot-framework.oat ...
Processing system/framework/arm/boot-framework.oat.fsv_meta ...
Processing system/framework/arm/boot-framework.vdex ...
Processing system/framework/arm/boot-framework.vdex.fsv_meta ...
Processing system/framework/arm/boot-ims-common.art ...
Processing system/framework/arm/boot-ims-common.art.fsv_meta ...
Processing system/framework/arm/boot-ims-common.oat ...
Processing system/framework/arm/boot-ims-common.oat.fsv_meta ...
Processing system/framework/arm/boot-ims-common.vdex ...
Processing system/framework/arm/boot-ims-common.vdex.fsv_meta ...
Processing system/framework/arm/boot-miui-enterprise-sdk.art ...
Processing system/framework/arm/boot-miui-enterprise-sdk.art.fsv_meta ...
Processing system/framework/arm/boot-miui-enterprise-sdk.oat ...
Processing system/framework/arm/boot-miui-enterprise-sdk.oat.fsv_meta ...
Processing system/framework/arm/boot-miui-enterprise-sdk.vdex ...
Processing system/framework/arm/boot-miui-enterprise-sdk.vdex.fsv_meta ...
Processing system/framework/arm/boot-miui-framework.art ...
Processing system/framework/arm/boot-miui-framework.art.fsv_meta ...
Processing system/framework/arm/boot-miui-framework.oat ...
Processing system/framework/arm/boot-miui-framework.oat.fsv_meta ...
Processing system/framework/arm/boot-miui-framework.vdex ...
Processing system/framework/arm/boot-miui-framework.vdex.fsv_meta ...
Processing system/framework/arm/boot-miui-litert-service.art ...
Processing system/framework/arm/boot-miui-litert-service.art.fsv_meta ...
Processing system/framework/arm/boot-miui-litert-service.oat ...
Processing system/framework/arm/boot-miui-litert-service.oat.fsv_meta ...
Processing system/framework/arm/boot-miui-litert-service.vdex ...
Processing system/framework/arm/boot-miui-litert-service.vdex.fsv_meta ...
Processing system/framework/arm/boot-miui-telephony-common.art ...
Processing system/framework/arm/boot-miui-telephony-common.art.fsv_meta ...
Processing system/framework/arm/boot-miui-telephony-common.oat ...
Processing system/framework/arm/boot-miui-telephony-common.oat.fsv_meta ...
Processing system/framework/arm/boot-miui-telephony-common.vdex ...
Processing system/framework/arm/boot-miui-telephony-common.vdex.fsv_meta ...
Processing system/framework/arm/boot-okhttp.art ...
Processing system/framework/arm/boot-okhttp.art.fsv_meta ...
Processing system/framework/arm/boot-okhttp.oat ...
Processing system/framework/arm/boot-okhttp.oat.fsv_meta ...
Processing system/framework/arm/boot-okhttp.vdex ...
Processing system/framework/arm/boot-okhttp.vdex.fsv_meta ...
Processing system/framework/arm/boot-tcmiface.art ...
Processing system/framework/arm/boot-tcmiface.art.fsv_meta ...
Processing system/framework/arm/boot-tcmiface.oat ...
Processing system/framework/arm/boot-tcmiface.oat.fsv_meta ...
Processing system/framework/arm/boot-tcmiface.vdex ...
Processing system/framework/arm/boot-tcmiface.vdex.fsv_meta ...
Processing system/framework/arm/boot-telephony-common.art ...
Processing system/framework/arm/boot-telephony-common.art.fsv_meta ...
Processing system/framework/arm/boot-telephony-common.oat ...
Processing system/framework/arm/boot-telephony-common.oat.fsv_meta ...
Processing system/framework/arm/boot-telephony-common.vdex ...
Processing system/framework/arm/boot-telephony-common.vdex.fsv_meta ...
Processing system/framework/arm/boot-telephony-ext.art ...
Processing system/framework/arm/boot-telephony-ext.art.fsv_meta ...
Processing system/framework/arm/boot-telephony-ext.oat ...
Processing system/framework/arm/boot-telephony-ext.oat.fsv_meta ...
Processing system/framework/arm/boot-telephony-ext.vdex ...
Processing system/framework/arm/boot-telephony-ext.vdex.fsv_meta ...
Processing system/framework/arm/boot-vendor.xiaomi.hardware.videoservice-V9-java.art ...
Processing system/framework/arm/boot-vendor.xiaomi.hardware.videoservice-V9-java.art.fsv_meta ...
Processing system/framework/arm/boot-vendor.xiaomi.hardware.videoservice-V9-java.oat ...
Processing system/framework/arm/boot-vendor.xiaomi.hardware.videoservice-V9-java.oat.fsv_meta ...
Processing system/framework/arm/boot-vendor.xiaomi.hardware.videoservice-V9-java.vdex ...
Processing system/framework/arm/boot-vendor.xiaomi.hardware.videoservice-V9-java.vdex.fsv_meta ...
Processing system/framework/arm/boot-voip-common.art ...
Processing system/framework/arm/boot-voip-common.art.fsv_meta ...
Processing system/framework/arm/boot-voip-common.oat ...
Processing system/framework/arm/boot-voip-common.oat.fsv_meta ...
Processing system/framework/arm/boot-voip-common.vdex ...
Processing system/framework/arm/boot-voip-common.vdex.fsv_meta ...
Processing system/framework/arm/boot-xiaomi-framework.art ...
Processing system/framework/arm/boot-xiaomi-framework.art.fsv_meta ...
Processing system/framework/arm/boot-xiaomi-framework.oat ...
Processing system/framework/arm/boot-xiaomi-framework.oat.fsv_meta ...
Processing system/framework/arm/boot-xiaomi-framework.vdex ...
Processing system/framework/arm/boot-xiaomi-framework.vdex.fsv_meta ...
Processing system/framework/arm/boot-xm-telephony-base.art ...
Processing system/framework/arm/boot-xm-telephony-base.art.fsv_meta ...
Processing system/framework/arm/boot-xm-telephony-base.oat ...
Processing system/framework/arm/boot-xm-telephony-base.oat.fsv_meta ...
Processing system/framework/arm/boot-xm-telephony-base.vdex ...
Processing system/framework/arm/boot-xm-telephony-base.vdex.fsv_meta ...
Processing system/framework/arm/boot-xm-telephony-common.art ...
Processing system/framework/arm/boot-xm-telephony-common.art.fsv_meta ...
Processing system/framework/arm/boot-xm-telephony-common.oat ...
Processing system/framework/arm/boot-xm-telephony-common.oat.fsv_meta ...
Processing system/framework/arm/boot-xm-telephony-common.vdex ...
Processing system/framework/arm/boot-xm-telephony-common.vdex.fsv_meta ...
Processing system/framework/arm/boot.art ...
Processing system/framework/arm/boot.art.fsv_meta ...
Processing system/framework/arm/boot.oat ...
Processing system/framework/arm/boot.oat.fsv_meta ...
Processing system/framework/arm/boot.vdex ...
Processing system/framework/arm/boot.vdex.fsv_meta ...
Processing system/framework/arm64/boot-QPerformance.art ...
Processing system/framework/arm64/boot-QPerformance.art.fsv_meta ...
Processing system/framework/arm64/boot-QPerformance.oat ...
Processing system/framework/arm64/boot-QPerformance.oat.fsv_meta ...
Processing system/framework/arm64/boot-QPerformance.vdex ...
Processing system/framework/arm64/boot-QPerformance.vdex.fsv_meta ...
Processing system/framework/arm64/boot-UxPerformance.art ...
Processing system/framework/arm64/boot-UxPerformance.art.fsv_meta ...
Processing system/framework/arm64/boot-UxPerformance.oat ...
Processing system/framework/arm64/boot-UxPerformance.oat.fsv_meta ...
Processing system/framework/arm64/boot-UxPerformance.vdex ...
Processing system/framework/arm64/boot-UxPerformance.vdex.fsv_meta ...
Processing system/framework/arm64/boot-WfdCommon.art ...
Processing system/framework/arm64/boot-WfdCommon.art.fsv_meta ...
Processing system/framework/arm64/boot-WfdCommon.oat ...
Processing system/framework/arm64/boot-WfdCommon.oat.fsv_meta ...
Processing system/framework/arm64/boot-WfdCommon.vdex ...
Processing system/framework/arm64/boot-WfdCommon.vdex.fsv_meta ...
Processing system/framework/arm64/boot-apache-xml.art ...
Processing system/framework/arm64/boot-apache-xml.art.fsv_meta ...
Processing system/framework/arm64/boot-apache-xml.oat ...
Processing system/framework/arm64/boot-apache-xml.oat.fsv_meta ...
Processing system/framework/arm64/boot-apache-xml.vdex ...
Processing system/framework/arm64/boot-apache-xml.vdex.fsv_meta ...
Processing system/framework/arm64/boot-bouncycastle.art ...
Processing system/framework/arm64/boot-bouncycastle.art.fsv_meta ...
Processing system/framework/arm64/boot-bouncycastle.oat ...
Processing system/framework/arm64/boot-bouncycastle.oat.fsv_meta ...
Processing system/framework/arm64/boot-bouncycastle.vdex ...
Processing system/framework/arm64/boot-bouncycastle.vdex.fsv_meta ...
Processing system/framework/arm64/boot-core-icu4j.art ...
Processing system/framework/arm64/boot-core-icu4j.art.fsv_meta ...
Processing system/framework/arm64/boot-core-icu4j.oat ...
Processing system/framework/arm64/boot-core-icu4j.oat.fsv_meta ...
Processing system/framework/arm64/boot-core-icu4j.vdex ...
Processing system/framework/arm64/boot-core-icu4j.vdex.fsv_meta ...
Processing system/framework/arm64/boot-core-libart.art ...
Processing system/framework/arm64/boot-core-libart.art.fsv_meta ...
Processing system/framework/arm64/boot-core-libart.oat ...
Processing system/framework/arm64/boot-core-libart.oat.fsv_meta ...
Processing system/framework/arm64/boot-core-libart.vdex ...
Processing system/framework/arm64/boot-core-libart.vdex.fsv_meta ...
Processing system/framework/arm64/boot-ext.art ...
Processing system/framework/arm64/boot-ext.art.fsv_meta ...
Processing system/framework/arm64/boot-ext.oat ...
Processing system/framework/arm64/boot-ext.oat.fsv_meta ...
Processing system/framework/arm64/boot-ext.vdex ...
Processing system/framework/arm64/boot-ext.vdex.fsv_meta ...
Processing system/framework/arm64/boot-framework-adservices.art ...
Processing system/framework/arm64/boot-framework-adservices.art.fsv_meta ...
Processing system/framework/arm64/boot-framework-adservices.oat ...
Processing system/framework/arm64/boot-framework-adservices.oat.fsv_meta ...
Processing system/framework/arm64/boot-framework-adservices.vdex ...
Processing system/framework/arm64/boot-framework-adservices.vdex.fsv_meta ...
Processing system/framework/arm64/boot-framework-graphics.art ...
Processing system/framework/arm64/boot-framework-graphics.art.fsv_meta ...
Processing system/framework/arm64/boot-framework-graphics.oat ...
Processing system/framework/arm64/boot-framework-graphics.oat.fsv_meta ...
Processing system/framework/arm64/boot-framework-graphics.vdex ...
Processing system/framework/arm64/boot-framework-graphics.vdex.fsv_meta ...
Processing system/framework/arm64/boot-framework-location.art ...
Processing system/framework/arm64/boot-framework-location.art.fsv_meta ...
Processing system/framework/arm64/boot-framework-location.oat ...
Processing system/framework/arm64/boot-framework-location.oat.fsv_meta ...
Processing system/framework/arm64/boot-framework-location.vdex ...
Processing system/framework/arm64/boot-framework-location.vdex.fsv_meta ...
Processing system/framework/arm64/boot-framework-nfc.art ...
Processing system/framework/arm64/boot-framework-nfc.art.fsv_meta ...
Processing system/framework/arm64/boot-framework-nfc.oat ...
Processing system/framework/arm64/boot-framework-nfc.oat.fsv_meta ...
Processing system/framework/arm64/boot-framework-nfc.vdex ...
Processing system/framework/arm64/boot-framework-nfc.vdex.fsv_meta ...
Processing system/framework/arm64/boot-framework-ondeviceintelligence-platform.art ...
Processing system/framework/arm64/boot-framework-ondeviceintelligence-platform.art.fsv_meta ...
Processing system/framework/arm64/boot-framework-ondeviceintelligence-platform.oat ...
Processing system/framework/arm64/boot-framework-ondeviceintelligence-platform.oat.fsv_meta ...
Processing system/framework/arm64/boot-framework-ondeviceintelligence-platform.vdex ...
Processing system/framework/arm64/boot-framework-ondeviceintelligence-platform.vdex.fsv_meta ...
Processing system/framework/arm64/boot-framework-telecom.art ...
Processing system/framework/arm64/boot-framework-telecom.art.fsv_meta ...
Processing system/framework/arm64/boot-framework-telecom.oat ...
Processing system/framework/arm64/boot-framework-telecom.oat.fsv_meta ...
Processing system/framework/arm64/boot-framework-telecom.vdex ...
Processing system/framework/arm64/boot-framework-telecom.vdex.fsv_meta ...
Processing system/framework/arm64/boot-framework.art ...
Processing system/framework/arm64/boot-framework.art.fsv_meta ...
Processing system/framework/arm64/boot-framework.oat ...
Processing system/framework/arm64/boot-framework.oat.fsv_meta ...
Processing system/framework/arm64/boot-framework.vdex ...
Processing system/framework/arm64/boot-framework.vdex.fsv_meta ...
Processing system/framework/arm64/boot-ims-common.art ...
Processing system/framework/arm64/boot-ims-common.art.fsv_meta ...
Processing system/framework/arm64/boot-ims-common.oat ...
Processing system/framework/arm64/boot-ims-common.oat.fsv_meta ...
Processing system/framework/arm64/boot-ims-common.vdex ...
Processing system/framework/arm64/boot-ims-common.vdex.fsv_meta ...
Processing system/framework/arm64/boot-miui-enterprise-sdk.art ...
Processing system/framework/arm64/boot-miui-enterprise-sdk.art.fsv_meta ...
Processing system/framework/arm64/boot-miui-enterprise-sdk.oat ...
Processing system/framework/arm64/boot-miui-enterprise-sdk.oat.fsv_meta ...
Processing system/framework/arm64/boot-miui-enterprise-sdk.vdex ...
Processing system/framework/arm64/boot-miui-enterprise-sdk.vdex.fsv_meta ...
Processing system/framework/arm64/boot-miui-framework.art ...
Processing system/framework/arm64/boot-miui-framework.art.fsv_meta ...
Processing system/framework/arm64/boot-miui-framework.oat ...
Processing system/framework/arm64/boot-miui-framework.oat.fsv_meta ...
Processing system/framework/arm64/boot-miui-framework.vdex ...
Processing system/framework/arm64/boot-miui-framework.vdex.fsv_meta ...
Processing system/framework/arm64/boot-miui-litert-service.art ...
Processing system/framework/arm64/boot-miui-litert-service.art.fsv_meta ...
Processing system/framework/arm64/boot-miui-litert-service.oat ...
Processing system/framework/arm64/boot-miui-litert-service.oat.fsv_meta ...
Processing system/framework/arm64/boot-miui-litert-service.vdex ...
Processing system/framework/arm64/boot-miui-litert-service.vdex.fsv_meta ...
Processing system/framework/arm64/boot-miui-telephony-common.art ...
Processing system/framework/arm64/boot-miui-telephony-common.art.fsv_meta ...
Processing system/framework/arm64/boot-miui-telephony-common.oat ...
Processing system/framework/arm64/boot-miui-telephony-common.oat.fsv_meta ...
Processing system/framework/arm64/boot-miui-telephony-common.vdex ...
Processing system/framework/arm64/boot-miui-telephony-common.vdex.fsv_meta ...
Processing system/framework/arm64/boot-okhttp.art ...
Processing system/framework/arm64/boot-okhttp.art.fsv_meta ...
Processing system/framework/arm64/boot-okhttp.oat ...
Processing system/framework/arm64/boot-okhttp.oat.fsv_meta ...
Processing system/framework/arm64/boot-okhttp.vdex ...
Processing system/framework/arm64/boot-okhttp.vdex.fsv_meta ...
Processing system/framework/arm64/boot-tcmiface.art ...
Processing system/framework/arm64/boot-tcmiface.art.fsv_meta ...
Processing system/framework/arm64/boot-tcmiface.oat ...
Processing system/framework/arm64/boot-tcmiface.oat.fsv_meta ...
Processing system/framework/arm64/boot-tcmiface.vdex ...
Processing system/framework/arm64/boot-tcmiface.vdex.fsv_meta ...
Processing system/framework/arm64/boot-telephony-common.art ...
Processing system/framework/arm64/boot-telephony-common.art.fsv_meta ...
Processing system/framework/arm64/boot-telephony-common.oat ...
Processing system/framework/arm64/boot-telephony-common.oat.fsv_meta ...
Processing system/framework/arm64/boot-telephony-common.vdex ...
Processing system/framework/arm64/boot-telephony-common.vdex.fsv_meta ...
Processing system/framework/arm64/boot-telephony-ext.art ...
Processing system/framework/arm64/boot-telephony-ext.art.fsv_meta ...
Processing system/framework/arm64/boot-telephony-ext.oat ...
Processing system/framework/arm64/boot-telephony-ext.oat.fsv_meta ...
Processing system/framework/arm64/boot-telephony-ext.vdex ...
Processing system/framework/arm64/boot-telephony-ext.vdex.fsv_meta ...
Processing system/framework/arm64/boot-vendor.xiaomi.hardware.videoservice-V9-java.art ...
Processing system/framework/arm64/boot-vendor.xiaomi.hardware.videoservice-V9-java.art.fsv_meta ...
Processing system/framework/arm64/boot-vendor.xiaomi.hardware.videoservice-V9-java.oat ...
Processing system/framework/arm64/boot-vendor.xiaomi.hardware.videoservice-V9-java.oat.fsv_meta ...
Processing system/framework/arm64/boot-vendor.xiaomi.hardware.videoservice-V9-java.vdex ...
Processing system/framework/arm64/boot-vendor.xiaomi.hardware.videoservice-V9-java.vdex.fsv_meta ...
Processing system/framework/arm64/boot-voip-common.art ...
Processing system/framework/arm64/boot-voip-common.art.fsv_meta ...
Processing system/framework/arm64/boot-voip-common.oat ...
Processing system/framework/arm64/boot-voip-common.oat.fsv_meta ...
Processing system/framework/arm64/boot-voip-common.vdex ...
Processing system/framework/arm64/boot-voip-common.vdex.fsv_meta ...
Processing system/framework/arm64/boot-xiaomi-framework.art ...
Processing system/framework/arm64/boot-xiaomi-framework.art.fsv_meta ...
Processing system/framework/arm64/boot-xiaomi-framework.oat ...
Processing system/framework/arm64/boot-xiaomi-framework.oat.fsv_meta ...
Processing system/framework/arm64/boot-xiaomi-framework.vdex ...
Processing system/framework/arm64/boot-xiaomi-framework.vdex.fsv_meta ...
Processing system/framework/arm64/boot-xm-telephony-base.art ...
Processing system/framework/arm64/boot-xm-telephony-base.art.fsv_meta ...
Processing system/framework/arm64/boot-xm-telephony-base.oat ...
Processing system/framework/arm64/boot-xm-telephony-base.oat.fsv_meta ...
Processing system/framework/arm64/boot-xm-telephony-base.vdex ...
Processing system/framework/arm64/boot-xm-telephony-base.vdex.fsv_meta ...
Processing system/framework/arm64/boot-xm-telephony-common.art ...
Processing system/framework/arm64/boot-xm-telephony-common.art.fsv_meta ...
Processing system/framework/arm64/boot-xm-telephony-common.oat ...
Processing system/framework/arm64/boot-xm-telephony-common.oat.fsv_meta ...
Processing system/framework/arm64/boot-xm-telephony-common.vdex ...
Processing system/framework/arm64/boot-xm-telephony-common.vdex.fsv_meta ...
Processing system/framework/arm64/boot.art ...
Processing system/framework/arm64/boot.art.fsv_meta ...
Processing system/framework/arm64/boot.oat ...
Processing system/framework/arm64/boot.oat.fsv_meta ...
Processing system/framework/arm64/boot.vdex ...
Processing system/framework/arm64/boot.vdex.fsv_meta ...
Processing system/framework/oat/arm ...
Processing system/framework/oat/arm64 ...
Processing system/framework/oat/arm/abx.odex.fsv_meta ...
Processing system/framework/oat/arm/abx.vdex.fsv_meta ...
Processing system/framework/oat/arm/am.odex.fsv_meta ...
Processing system/framework/oat/arm/am.vdex.fsv_meta ...
Processing system/framework/oat/arm/android.hidl.base-V1.0-java.odex.fsv_meta ...
Processing system/framework/oat/arm/android.hidl.base-V1.0-java.vdex.fsv_meta ...
Processing system/framework/oat/arm/android.hidl.manager-V1.0-java.odex.fsv_meta ...
Processing system/framework/oat/arm/android.hidl.manager-V1.0-java.vdex.fsv_meta ...
Processing system/framework/oat/arm/android.test.base.odex.fsv_meta ...
Processing system/framework/oat/arm/android.test.base.vdex.fsv_meta ...
Processing system/framework/oat/arm/android.test.mock.odex.fsv_meta ...
Processing system/framework/oat/arm/android.test.mock.vdex.fsv_meta ...
Processing system/framework/oat/arm/android.test.runner.odex.fsv_meta ...
Processing system/framework/oat/arm/android.test.runner.vdex.fsv_meta ...
Processing system/framework/oat/arm/appwidget.odex.fsv_meta ...
Processing system/framework/oat/arm/appwidget.vdex.fsv_meta ...
Processing system/framework/oat/arm/bmgr.odex.fsv_meta ...
Processing system/framework/oat/arm/bmgr.vdex.fsv_meta ...
Processing system/framework/oat/arm/bu.odex.fsv_meta ...
Processing system/framework/oat/arm/bu.vdex.fsv_meta ...
Processing system/framework/oat/arm/com.android.future.usb.accessory.odex.fsv_meta ...
Processing system/framework/oat/arm/com.android.future.usb.accessory.vdex.fsv_meta ...
Processing system/framework/oat/arm/com.android.location.provider.odex.fsv_meta ...
Processing system/framework/oat/arm/com.android.location.provider.vdex.fsv_meta ...
Processing system/framework/oat/arm/com.android.media.remotedisplay.odex.fsv_meta ...
Processing system/framework/oat/arm/com.android.media.remotedisplay.vdex.fsv_meta ...
Processing system/framework/oat/arm/com.android.mediadrm.signer.odex.fsv_meta ...
Processing system/framework/oat/arm/com.android.mediadrm.signer.vdex.fsv_meta ...
Processing system/framework/oat/arm/com.android.nfc_extras.odex.fsv_meta ...
Processing system/framework/oat/arm/com.android.nfc_extras.vdex.fsv_meta ...
Processing system/framework/oat/arm/content.odex.fsv_meta ...
Processing system/framework/oat/arm/content.vdex.fsv_meta ...
Processing system/framework/oat/arm/hid.odex.fsv_meta ...
Processing system/framework/oat/arm/hid.vdex.fsv_meta ...
Processing system/framework/oat/arm/incident-helper-cmd.odex.fsv_meta ...
Processing system/framework/oat/arm/incident-helper-cmd.vdex.fsv_meta ...
Processing system/framework/oat/arm/javax.obex.odex.fsv_meta ...
Processing system/framework/oat/arm/javax.obex.vdex.fsv_meta ...
Processing system/framework/oat/arm/monkey.odex.fsv_meta ...
Processing system/framework/oat/arm/monkey.vdex.fsv_meta ...
Processing system/framework/oat/arm/org.apache.http.legacy.odex.fsv_meta ...
Processing system/framework/oat/arm/org.apache.http.legacy.vdex.fsv_meta ...
Processing system/framework/oat/arm/requestsync.odex.fsv_meta ...
Processing system/framework/oat/arm/requestsync.vdex.fsv_meta ...
Processing system/framework/oat/arm/sm.odex.fsv_meta ...
Processing system/framework/oat/arm/sm.vdex.fsv_meta ...
Processing system/framework/oat/arm/svc.odex.fsv_meta ...
Processing system/framework/oat/arm/svc.vdex.fsv_meta ...
Processing system/framework/oat/arm/telecom.odex.fsv_meta ...
Processing system/framework/oat/arm/telecom.vdex.fsv_meta ...
Processing system/framework/oat/arm/uiautomator.odex.fsv_meta ...
Processing system/framework/oat/arm/uiautomator.vdex.fsv_meta ...
Processing system/framework/oat/arm/uinput.odex.fsv_meta ...
Processing system/framework/oat/arm/uinput.vdex.fsv_meta ...
Processing system/framework/oat/arm/vendor.qti.hardware.data.connectionaidl-V1-java.odex.fsv_meta ...
Processing system/framework/oat/arm/vendor.qti.hardware.data.connectionaidl-V1-java.vdex.fsv_meta ...
Processing system/framework/oat/arm/vr.odex.fsv_meta ...
Processing system/framework/oat/arm/vr.vdex.fsv_meta ...
Processing system/framework/oat/arm/wapicertstore.odex.fsv_meta ...
Processing system/framework/oat/arm/wapicertstore.vdex.fsv_meta ...
Processing system/framework/oat/arm64/abx.odex.fsv_meta ...
Processing system/framework/oat/arm64/abx.vdex.fsv_meta ...
Processing system/framework/oat/arm64/am.odex.fsv_meta ...
Processing system/framework/oat/arm64/am.vdex.fsv_meta ...
Processing system/framework/oat/arm64/android.hidl.base-V1.0-java.odex.fsv_meta ...
Processing system/framework/oat/arm64/android.hidl.base-V1.0-java.vdex.fsv_meta ...
Processing system/framework/oat/arm64/android.hidl.manager-V1.0-java.odex.fsv_meta ...
Processing system/framework/oat/arm64/android.hidl.manager-V1.0-java.vdex.fsv_meta ...
Processing system/framework/oat/arm64/android.test.base.odex.fsv_meta ...
Processing system/framework/oat/arm64/android.test.base.vdex.fsv_meta ...
Processing system/framework/oat/arm64/android.test.mock.odex.fsv_meta ...
Processing system/framework/oat/arm64/android.test.mock.vdex.fsv_meta ...
Processing system/framework/oat/arm64/android.test.runner.odex.fsv_meta ...
Processing system/framework/oat/arm64/android.test.runner.vdex.fsv_meta ...
Processing system/framework/oat/arm64/apex@com.android.adservices@javalib@service-adservices.jar@classes.odex.fsv_meta ...
Processing system/framework/oat/arm64/apex@com.android.adservices@javalib@service-adservices.jar@classes.vdex.fsv_meta ...
Processing system/framework/oat/arm64/apex@com.android.adservices@javalib@service-sdksandbox.jar@classes.odex.fsv_meta ...
Processing system/framework/oat/arm64/apex@com.android.adservices@javalib@service-sdksandbox.jar@classes.vdex.fsv_meta ...
Processing system/framework/oat/arm64/apex@com.android.appsearch@javalib@service-appsearch.jar@classes.art.fsv_meta ...
Processing system/framework/oat/arm64/apex@com.android.appsearch@javalib@service-appsearch.jar@classes.odex.fsv_meta ...
Processing system/framework/oat/arm64/apex@com.android.appsearch@javalib@service-appsearch.jar@classes.vdex.fsv_meta ...
Processing system/framework/oat/arm64/apex@com.android.art@javalib@service-art.jar@classes.art.fsv_meta ...
Processing system/framework/oat/arm64/apex@com.android.art@javalib@service-art.jar@classes.odex.fsv_meta ...
Processing system/framework/oat/arm64/apex@com.android.art@javalib@service-art.jar@classes.vdex.fsv_meta ...
Processing system/framework/oat/arm64/apex@com.android.bt@javalib@service-bluetooth.jar@classes.odex.fsv_meta ...
Processing system/framework/oat/arm64/apex@com.android.bt@javalib@service-bluetooth.jar@classes.vdex.fsv_meta ...
Processing system/framework/oat/arm64/apex@com.android.configinfrastructure@javalib@service-configinfrastructure.jar@classes.odex.fsv_meta ...
Processing system/framework/oat/arm64/apex@com.android.configinfrastructure@javalib@service-configinfrastructure.jar@classes.vdex.fsv_meta ...
Processing system/framework/oat/arm64/apex@com.android.crashrecovery@javalib@service-crashrecovery.jar@classes.odex.fsv_meta ...
Processing system/framework/oat/arm64/apex@com.android.crashrecovery@javalib@service-crashrecovery.jar@classes.vdex.fsv_meta ...
Processing system/framework/oat/arm64/apex@com.android.devicelock@javalib@service-devicelock.jar@classes.odex.fsv_meta ...
Processing system/framework/oat/arm64/apex@com.android.devicelock@javalib@service-devicelock.jar@classes.vdex.fsv_meta ...
Processing system/framework/oat/arm64/apex@com.android.healthfitness@javalib@service-healthfitness.jar@classes.odex.fsv_meta ...
Processing system/framework/oat/arm64/apex@com.android.healthfitness@javalib@service-healthfitness.jar@classes.vdex.fsv_meta ...
Processing system/framework/oat/arm64/apex@com.android.media@javalib@service-media-s.jar@classes.odex.fsv_meta ...
Processing system/framework/oat/arm64/apex@com.android.media@javalib@service-media-s.jar@classes.vdex.fsv_meta ...
Processing system/framework/oat/arm64/apex@com.android.npumanager@javalib@service-npumanager.jar@classes.odex.fsv_meta ...
Processing system/framework/oat/arm64/apex@com.android.npumanager@javalib@service-npumanager.jar@classes.vdex.fsv_meta ...
Processing system/framework/oat/arm64/apex@com.android.ondevicepersonalization@javalib@service-ondevicepersonalization.jar@classes.odex.fsv_meta ...
Processing system/framework/oat/arm64/apex@com.android.ondevicepersonalization@javalib@service-ondevicepersonalization.jar@classes.vdex.fsv_meta ...
Processing system/framework/oat/arm64/apex@com.android.os.statsd@javalib@service-statsd.jar@classes.odex.fsv_meta ...
Processing system/framework/oat/arm64/apex@com.android.os.statsd@javalib@service-statsd.jar@classes.vdex.fsv_meta ...
Processing system/framework/oat/arm64/apex@com.android.permission@javalib@service-permission.jar@classes.odex.fsv_meta ...
Processing system/framework/oat/arm64/apex@com.android.permission@javalib@service-permission.jar@classes.vdex.fsv_meta ...
Processing system/framework/oat/arm64/apex@com.android.profiling@javalib@service-anomaly-detector.jar@classes.odex.fsv_meta ...
Processing system/framework/oat/arm64/apex@com.android.profiling@javalib@service-anomaly-detector.jar@classes.vdex.fsv_meta ...
Processing system/framework/oat/arm64/apex@com.android.profiling@javalib@service-profiling.jar@classes.odex.fsv_meta ...
Processing system/framework/oat/arm64/apex@com.android.profiling@javalib@service-profiling.jar@classes.vdex.fsv_meta ...
Processing system/framework/oat/arm64/apex@com.android.rkpd@javalib@service-rkp.jar@classes.odex.fsv_meta ...
Processing system/framework/oat/arm64/apex@com.android.rkpd@javalib@service-rkp.jar@classes.vdex.fsv_meta ...
Processing system/framework/oat/arm64/apex@com.android.scheduling@javalib@service-scheduling.jar@classes.odex.fsv_meta ...
Processing system/framework/oat/arm64/apex@com.android.scheduling@javalib@service-scheduling.jar@classes.vdex.fsv_meta ...
Processing system/framework/oat/arm64/apex@com.android.tethering@javalib@service-connectivity.jar@classes.art.fsv_meta ...
Processing system/framework/oat/arm64/apex@com.android.tethering@javalib@service-connectivity.jar@classes.odex.fsv_meta ...
Processing system/framework/oat/arm64/apex@com.android.tethering@javalib@service-connectivity.jar@classes.vdex.fsv_meta ...
Processing system/framework/oat/arm64/apex@com.android.uprobestats@javalib@service-uprobestats-bridge.jar@classes.odex.fsv_meta ...
Processing system/framework/oat/arm64/apex@com.android.uprobestats@javalib@service-uprobestats-bridge.jar@classes.vdex.fsv_meta ...
Processing system/framework/oat/arm64/apex@com.android.uwb@javalib@service-ranging.jar@classes.odex.fsv_meta ...
Processing system/framework/oat/arm64/apex@com.android.uwb@javalib@service-ranging.jar@classes.vdex.fsv_meta ...
Processing system/framework/oat/arm64/apex@com.android.uwb@javalib@service-uwb.jar@classes.odex.fsv_meta ...
Processing system/framework/oat/arm64/apex@com.android.uwb@javalib@service-uwb.jar@classes.vdex.fsv_meta ...
Processing system/framework/oat/arm64/apex@com.android.virt@javalib@service-virtualization.jar@classes.odex.fsv_meta ...
Processing system/framework/oat/arm64/apex@com.android.virt@javalib@service-virtualization.jar@classes.vdex.fsv_meta ...
Processing system/framework/oat/arm64/apex@com.android.wifi@javalib@service-wifi.jar@classes.art.fsv_meta ...
Processing system/framework/oat/arm64/apex@com.android.wifi@javalib@service-wifi.jar@classes.odex.fsv_meta ...
Processing system/framework/oat/arm64/apex@com.android.wifi@javalib@service-wifi.jar@classes.vdex.fsv_meta ...
Processing system/framework/oat/arm64/appwidget.odex.fsv_meta ...
Processing system/framework/oat/arm64/appwidget.vdex.fsv_meta ...
Processing system/framework/oat/arm64/bmgr.odex.fsv_meta ...
Processing system/framework/oat/arm64/bmgr.vdex.fsv_meta ...
Processing system/framework/oat/arm64/bu.odex.fsv_meta ...
Processing system/framework/oat/arm64/bu.vdex.fsv_meta ...
Processing system/framework/oat/arm64/com.android.future.usb.accessory.odex.fsv_meta ...
Processing system/framework/oat/arm64/com.android.future.usb.accessory.vdex.fsv_meta ...
Processing system/framework/oat/arm64/com.android.location.provider.odex.fsv_meta ...
Processing system/framework/oat/arm64/com.android.location.provider.vdex.fsv_meta ...
Processing system/framework/oat/arm64/com.android.media.remotedisplay.odex.fsv_meta ...
Processing system/framework/oat/arm64/com.android.media.remotedisplay.vdex.fsv_meta ...
Processing system/framework/oat/arm64/com.android.mediadrm.signer.odex.fsv_meta ...
Processing system/framework/oat/arm64/com.android.mediadrm.signer.vdex.fsv_meta ...
Processing system/framework/oat/arm64/com.android.nfc_extras.odex.fsv_meta ...
Processing system/framework/oat/arm64/com.android.nfc_extras.vdex.fsv_meta ...
Processing system/framework/oat/arm64/content.odex.fsv_meta ...
Processing system/framework/oat/arm64/content.vdex.fsv_meta ...
Processing system/framework/oat/arm64/hid.odex.fsv_meta ...
Processing system/framework/oat/arm64/hid.vdex.fsv_meta ...
Processing system/framework/oat/arm64/incident-helper-cmd.odex.fsv_meta ...
Processing system/framework/oat/arm64/incident-helper-cmd.vdex.fsv_meta ...
Processing system/framework/oat/arm64/javax.obex.odex.fsv_meta ...
Processing system/framework/oat/arm64/javax.obex.vdex.fsv_meta ...
Processing system/framework/oat/arm64/monkey.odex.fsv_meta ...
Processing system/framework/oat/arm64/monkey.vdex.fsv_meta ...
Processing system/framework/oat/arm64/org.apache.http.legacy.odex.fsv_meta ...
Processing system/framework/oat/arm64/org.apache.http.legacy.vdex.fsv_meta ...
Processing system/framework/oat/arm64/requestsync.odex.fsv_meta ...
Processing system/framework/oat/arm64/requestsync.vdex.fsv_meta ...
Processing system/framework/oat/arm64/services.art.fsv_meta ...
Processing system/framework/oat/arm64/services.odex.fsv_meta ...
Processing system/framework/oat/arm64/services.vdex.fsv_meta ...
Processing system/framework/oat/arm64/sm.odex.fsv_meta ...
Processing system/framework/oat/arm64/sm.vdex.fsv_meta ...
Processing system/framework/oat/arm64/svc.odex.fsv_meta ...
Processing system/framework/oat/arm64/svc.vdex.fsv_meta ...
Processing system/framework/oat/arm64/telecom.odex.fsv_meta ...
Processing system/framework/oat/arm64/telecom.vdex.fsv_meta ...
Processing system/framework/oat/arm64/uiautomator.odex.fsv_meta ...
Processing system/framework/oat/arm64/uiautomator.vdex.fsv_meta ...
Processing system/framework/oat/arm64/uinput.odex.fsv_meta ...
Processing system/framework/oat/arm64/uinput.vdex.fsv_meta ...
Processing system/framework/oat/arm64/vendor.qti.hardware.data.connectionaidl-V1-java.odex.fsv_meta ...
Processing system/framework/oat/arm64/vendor.qti.hardware.data.connectionaidl-V1-java.vdex.fsv_meta ...
Processing system/framework/oat/arm64/vr.odex.fsv_meta ...
Processing system/framework/oat/arm64/vr.vdex.fsv_meta ...
Processing system/framework/oat/arm64/wapicertstore.odex.fsv_meta ...
Processing system/framework/oat/arm64/wapicertstore.vdex.fsv_meta ...
Processing system/lib/aaudio-aidl-cpp.so ...
Processing system/lib/aconfig_libgui_flags_c_lib.so ...
Processing system/lib/aconfig_mediacodec_flags_c_lib.so ...
Processing system/lib/aconfig_text_flags_c_lib.so ...
Processing system/lib/aconfig_view_accessibility_flags_c_lib.so ...
Processing system/lib/adb_jni_pairing_server_flags_cc_lib.so ...
Processing system/lib/android.adpf.sessionmanager_aidl-ndk.so ...
Processing system/lib/android.companion.virtual.virtualdevice_aidl-cpp.so ...
Processing system/lib/android.companion.virtualdevice.flags-aconfig-cc.so ...
Processing system/lib/android.database.sqlite-aconfig-cc.so ...
Processing system/lib/android.frameworks.sensorservice-V1-ndk.so ...
Processing system/lib/android.frameworks.sensorservice@1.0.so ...
Processing system/lib/android.frameworks.stats-V2-ndk.so ...
Processing system/lib/android.hardware.atrace@1.0.so ...
Processing system/lib/android.hardware.audio.common-V2-ndk.so ...
Processing system/lib/android.hardware.audio.common-V5-ndk.so ...
Processing system/lib/android.hardware.audio.common-util.so ...
Processing system/lib/android.hardware.audio.common@2.0.so ...
Processing system/lib/android.hardware.audio.common@4.0-util.so ...
Processing system/lib/android.hardware.audio.common@4.0.so ...
Processing system/lib/android.hardware.audio.common@5.0-util.so ...
Processing system/lib/android.hardware.audio.common@5.0.so ...
Processing system/lib/android.hardware.audio.common@6.0-util.so ...
Processing system/lib/android.hardware.audio.common@6.0.so ...
Processing system/lib/android.hardware.audio.core-V4-ndk.so ...
Processing system/lib/android.hardware.audio.core.sounddose-V4-ndk.so ...
Processing system/lib/android.hardware.audio.effect-V4-ndk.so ...
Processing system/lib/android.hardware.audio.effect@4.0.so ...
Processing system/lib/android.hardware.audio.effect@5.0.so ...
Processing system/lib/android.hardware.audio.effect@6.0-util.so ...
Processing system/lib/android.hardware.audio.effect@6.0.so ...
Processing system/lib/android.hardware.audio.sounddose-V4-ndk.so ...
Processing system/lib/android.hardware.audio@4.0.so ...
Processing system/lib/android.hardware.audio@5.0.so ...
Processing system/lib/android.hardware.audio@6.0-util.so ...
Processing system/lib/android.hardware.audio@6.0.so ...
Processing system/lib/android.hardware.biometrics.fingerprint@2.1.so ...
Processing system/lib/android.hardware.bluetooth.audio-V3-ndk.so ...
Processing system/lib/android.hardware.broadcastradio@1.0.so ...
Processing system/lib/android.hardware.broadcastradio@1.1.so ...
Processing system/lib/android.hardware.camera.common@1.0.so ...
Processing system/lib/android.hardware.camera.device@3.2.so ...
Processing system/lib/android.hardware.cas.native@1.0.so ...
Processing system/lib/android.hardware.cas@1.0.so ...
Processing system/lib/android.hardware.common-V2-cpp.so ...
Processing system/lib/android.hardware.common-V2-ndk.so ...
Processing system/lib/android.hardware.common.fmq-V1-cpp.so ...
Processing system/lib/android.hardware.common.fmq-V1-ndk.so ...
Processing system/lib/android.hardware.contexthub-V5-ndk.so ...
Processing system/lib/android.hardware.contexthub@1.0.so ...
Processing system/lib/android.hardware.drm-V2-ndk.so ...
Processing system/lib/android.hardware.drm.common-V1-ndk.so ...
Processing system/lib/android.hardware.drm@1.0.so ...
Processing system/lib/android.hardware.drm@1.1.so ...
Processing system/lib/android.hardware.drm@1.2.so ...
Processing system/lib/android.hardware.drm@1.3.so ...
Processing system/lib/android.hardware.drm@1.4.so ...
Processing system/lib/android.hardware.gnss-V7-cpp.so ...
Processing system/lib/android.hardware.gnss.measurement_corrections@1.0.so ...
Processing system/lib/android.hardware.gnss.measurement_corrections@1.1.so ...
Processing system/lib/android.hardware.gnss.visibility_control@1.0.so ...
Processing system/lib/android.hardware.gnss@1.0.so ...
Processing system/lib/android.hardware.gnss@1.1.so ...
Processing system/lib/android.hardware.gnss@2.0.so ...
Processing system/lib/android.hardware.gnss@2.1.so ...
Processing system/lib/android.hardware.graphics.allocator-V2-ndk.so ...
Processing system/lib/android.hardware.graphics.allocator@2.0.so ...
Processing system/lib/android.hardware.graphics.allocator@3.0.so ...
Processing system/lib/android.hardware.graphics.allocator@4.0.so ...
Processing system/lib/android.hardware.graphics.bufferqueue@1.0.so ...
Processing system/lib/android.hardware.graphics.bufferqueue@2.0.so ...
Processing system/lib/android.hardware.graphics.common-V6-ndk.so ...
Processing system/lib/android.hardware.graphics.common-V7-ndk.so ...
Processing system/lib/android.hardware.graphics.common@1.0.so ...
Processing system/lib/android.hardware.graphics.common@1.1.so ...
Processing system/lib/android.hardware.graphics.common@1.2.so ...
Processing system/lib/android.hardware.graphics.composer3-V5-ndk.so ...
Processing system/lib/android.hardware.graphics.mapper@2.0.so ...
Processing system/lib/android.hardware.graphics.mapper@2.1.so ...
Processing system/lib/android.hardware.graphics.mapper@3.0.so ...
Processing system/lib/android.hardware.graphics.mapper@4.0.so ...
Processing system/lib/android.hardware.health-V2-ndk.so ...
Processing system/lib/android.hardware.health@1.0.so ...
Processing system/lib/android.hardware.health@2.0.so ...
Processing system/lib/android.hardware.input.common-V1-ndk.so ...
Processing system/lib/android.hardware.input.processor-V1-ndk.so ...
Processing system/lib/android.hardware.media.bufferpool2-V2-ndk.so ...
Processing system/lib/android.hardware.media.bufferpool@2.0.so ...
Processing system/lib/android.hardware.media.c2-V2-ndk.so ...
Processing system/lib/android.hardware.media.c2@1.0.so ...
Processing system/lib/android.hardware.media.c2@1.1.so ...
Processing system/lib/android.hardware.media.c2@1.2.so ...
Processing system/lib/android.hardware.media.omx@1.0.so ...
Processing system/lib/android.hardware.media@1.0.so ...
Processing system/lib/android.hardware.memtrack-V1-ndk.so ...
Processing system/lib/android.hardware.power-V7-ndk.so ...
Processing system/lib/android.hardware.power.stats-V1-cpp.so ...
Processing system/lib/android.hardware.power.stats-V1-ndk.so ...
Processing system/lib/android.hardware.power.stats@1.0.so ...
Processing system/lib/android.hardware.power@1.0.so ...
Processing system/lib/android.hardware.power@1.1.so ...
Processing system/lib/android.hardware.power@1.2.so ...
Processing system/lib/android.hardware.power@1.3.so ...
Processing system/lib/android.hardware.radio-V2-ndk.so ...
Processing system/lib/android.hardware.radio.config@1.0.so ...
Processing system/lib/android.hardware.radio.data-V2-ndk.so ...
Processing system/lib/android.hardware.radio.deprecated@1.0.so ...
Processing system/lib/android.hardware.radio.network-V2-ndk.so ...
Processing system/lib/android.hardware.radio@1.0.so ...
Processing system/lib/android.hardware.radio@1.1.so ...
Processing system/lib/android.hardware.radio@1.2.so ...
Processing system/lib/android.hardware.radio@1.3.so ...
Processing system/lib/android.hardware.radio@1.4.so ...
Processing system/lib/android.hardware.radio@1.5.so ...
Processing system/lib/android.hardware.radio@1.6.so ...
Processing system/lib/android.hardware.renderscript@1.0.so ...
Processing system/lib/android.hardware.secure_element-V1-ndk.so ...
Processing system/lib/android.hardware.secure_element@1.0.so ...
Processing system/lib/android.hardware.sensors-V3-ndk.so ...
Processing system/lib/android.hardware.sensors@1.0.so ...
Processing system/lib/android.hardware.sensors@2.0-ScopedWakelock.so ...
Processing system/lib/android.hardware.sensors@2.0.so ...
Processing system/lib/android.hardware.sensors@2.1.so ...
Processing system/lib/android.hardware.thermal-V2-ndk.so ...
Processing system/lib/android.hardware.thermal-V3-ndk.so ...
Processing system/lib/android.hardware.thermal@1.0.so ...
Processing system/lib/android.hardware.thermal@2.0.so ...
Processing system/lib/android.hardware.tv.input-V3-ndk.so ...
Processing system/lib/android.hardware.tv.input@1.0.so ...
Processing system/lib/android.hardware.tv.tuner-V3-ndk.so ...
Processing system/lib/android.hardware.usb.flags-aconfig-cc-lib.so ...
Processing system/lib/android.hardware.vibrator-V4-ndk.so ...
Processing system/lib/android.hidl.allocator@1.0.so ...
Processing system/lib/android.hidl.memory.block@1.0.so ...
Processing system/lib/android.hidl.memory.token@1.0.so ...
Processing system/lib/android.hidl.memory@1.0.so ...
Processing system/lib/android.hidl.safe_union@1.0.so ...
Processing system/lib/android.hidl.token@1.0-utils.so ...
Processing system/lib/android.hidl.token@1.0.so ...
Processing system/lib/android.media.audio-aconfig-cc.so ...
Processing system/lib/android.media.audio.common.types-V2-cpp.so ...
Processing system/lib/android.media.audio.common.types-V2-ndk.so ...
Processing system/lib/android.media.audio.common.types-V4-cpp.so ...
Processing system/lib/android.media.audio.common.types-V5-cpp.so ...
Processing system/lib/android.media.audio.common.types-V5-ndk.so ...
Processing system/lib/android.media.audio.eraser.types-V2-ndk.so ...
Processing system/lib/android.media.audiopolicy-aconfig-cc.so ...
Processing system/lib/android.media.codec-aconfig-cc.so ...
Processing system/lib/android.os.flags-aconfig-cc.so ...
Processing system/lib/android.os.statsbootstrap_aidl-cpp.so ...
Processing system/lib/android.os.vibrator.flags-aconfig-cc.so ...
Processing system/lib/android.system.suspend-V1-ndk.so ...
Processing system/lib/android.system.suspend.control-V1-cpp.so ...
Processing system/lib/android.system.suspend.control.internal-cpp.so ...
Processing system/lib/android_location_flags_c_lib.so ...
Processing system/lib/attentionmanager_native_aidl-cpp.so ...
Processing system/lib/audio-permission-aidl-cpp.so ...
Processing system/lib/audioclient-types-aidl-cpp.so ...
Processing system/lib/audioflinger-aidl-cpp.so ...
Processing system/lib/audiopolicy-aidl-cpp.so ...
Processing system/lib/audiopolicy-types-aidl-cpp.so ...
Processing system/lib/av-audio-types-aidl-ndk.so ...
Processing system/lib/av-types-aidl-cpp.so ...
Processing system/lib/bootstrap ...
Processing system/lib/camera_platform_flags_c_lib.so ...
Processing system/lib/capture_state_listener-aidl-cpp.so ...
Processing system/lib/chre_flags_c_lib.so ...
Processing system/lib/com.android.media.aaudio-aconfig-cc.so ...
Processing system/lib/com.android.media.audio-aconfig-cc.so ...
Processing system/lib/com.android.media.audioclient-aconfig-cc.so ...
Processing system/lib/com.android.media.audioserver-aconfig-cc.so ...
Processing system/lib/com.android.server.inputflinger-ndk.so ...
Processing system/lib/com.android.window.flags.window-aconfig_flags_c_lib.so ...
Processing system/lib/contexthub_data_flow.so ...
Processing system/lib/drm ...
Processing system/lib/dropboxmanager_aidl-cpp.so ...
Processing system/lib/dynamic_instrumentation_manager_aidl-cpp.so ...
Processing system/lib/effect-aidl-cpp.so ...
Processing system/lib/framework-permission-aidl-cpp.so ...
Processing system/lib/graphicbuffersource-aidl-ndk.so ...
Processing system/lib/heapprofd_client.so ...
Processing system/lib/heapprofd_client_api.so ...
Processing system/lib/ld-android.so ...
Processing system/lib/lib-camera-compatibility-info-api.so ...
Processing system/lib/lib-platform-compat-native-api.so ...
Processing system/lib/libEGL.so ...
Processing system/lib/libEGL_angle.so ...
Processing system/lib/libETC1.so ...
Processing system/lib/libFFTEm.so ...
Processing system/lib/libGLESv1_CM.so ...
Processing system/lib/libGLESv1_CM_angle.so ...
Processing system/lib/libGLESv2.so ...
Processing system/lib/libGLESv2_angle.so ...
Processing system/lib/libGLESv3.so ...
Processing system/lib/libOpenMAXAL.so ...
Processing system/lib/libOpenSLES.so ...
Processing system/lib/libRS.so ...
Processing system/lib/libRSCacheDir.so ...
Processing system/lib/libRSCpuRef.so ...
Processing system/lib/libRSDriver.so ...
Processing system/lib/libRS_internal.so ...
Processing system/lib/libSurfaceFlingerProp.so ...
Processing system/lib/libaaudio.so ...
Processing system/lib/libaaudio_internal_builder.so ...
Processing system/lib/libaaudio_internal_core.so ...
Processing system/lib/libaaudio_internal_fifo.so ...
Processing system/lib/libaaudio_internal_legacy.so ...
Processing system/lib/libaaudio_internal_mmap.so ...
Processing system/lib/libaaudio_internal_utils.so ...
Processing system/lib/libaconfig_storage_read_api_cc.so ...
Processing system/lib/libactivitymanager_aidl.so ...
Processing system/lib/libadbd_auth.so ...
Processing system/lib/libadbd_fs.so ...
Processing system/lib/libaho_corasick.dylib.so ...
Processing system/lib/libalarm_jni.so ...
Processing system/lib/libamidi.so ...
Processing system/lib/libandroid.so ...
Processing system/lib/libandroid_log_sys.dylib.so ...
Processing system/lib/libandroid_logger.dylib.so ...
Processing system/lib/libandroid_native_denylist.so ...
Processing system/lib/libandroid_net.so ...
Processing system/lib/libandroid_runtime.so ...
Processing system/lib/libandroid_runtime_lazy.so ...
Processing system/lib/libandroid_servers.so ...
Processing system/lib/libandroidfw.so ...
Processing system/lib/libanyhow.dylib.so ...
Processing system/lib/libapexsupport.so ...
Processing system/lib/libappfuse.so ...
Processing system/lib/libartpalette-system.so ...
Processing system/lib/libasyncio.so ...
Processing system/lib/libattention_native.so ...
Processing system/lib/libaudio-resampler.so ...
Processing system/lib/libaudio_aidl_conversion_common_cpp.so ...
Processing system/lib/libaudio_aidl_conversion_common_ndk.so ...
Processing system/lib/libaudio_aidl_conversion_common_ndk_cpp.so ...
Processing system/lib/libaudio_aidl_conversion_core_ndk.so ...
Processing system/lib/libaudio_aidl_conversion_effect_ndk.so ...
Processing system/lib/libaudioaidlcommon.so ...
Processing system/lib/libaudiobase.so ...
Processing system/lib/libaudioclient.so ...
Processing system/lib/libaudioclient_aidl_conversion.so ...
Processing system/lib/libaudioeffect_jni.so ...
Processing system/lib/libaudiofoundation.so ...
Processing system/lib/libaudiohal.so ...
Processing system/lib/libaudiohal@6.0.so ...
Processing system/lib/libaudiohal@7.0.so ...
Processing system/lib/libaudiohal@7.1.so ...
Processing system/lib/libaudiohal@aidl.so ...
Processing system/lib/libaudiohal_deathhandler.so ...
Processing system/lib/libaudiomanager.so ...
Processing system/lib/libaudiopermission.so ...
Processing system/lib/libaudiopolicy.so ...
Processing system/lib/libaudiopolicycomponents.so ...
Processing system/lib/libaudiopolicyengineconfigurable.so ...
Processing system/lib/libaudiopolicyenginedefault.so ...
Processing system/lib/libaudiopolicymanagerdefault.so ...
Processing system/lib/libaudiopolicyservice.so ...
Processing system/lib/libaudioprocessing.so ...
Processing system/lib/libaudiousecasevalidation.so ...
Processing system/lib/libaudioutils.so ...
Processing system/lib/libavservices_minijail.so ...
Processing system/lib/libbase.so ...
Processing system/lib/libbattery.so ...
Processing system/lib/libbatterystats_aidl.so ...
Processing system/lib/libbcinfo.so ...
Processing system/lib/libbinder.so ...
Processing system/lib/libbinder_ndk.so ...
Processing system/lib/libbinder_rpc_unstable.so ...
Processing system/lib/libbinderdebug.so ...
Processing system/lib/libbindernetlink.so ...
Processing system/lib/libbionic_bindgen.dylib.so ...
Processing system/lib/libbitflags.dylib.so ...
Processing system/lib/libblas.so ...
Processing system/lib/libbpf.so ...
Processing system/lib/libbpf_bcc.so ...
Processing system/lib/libbpf_minimal.so ...
Processing system/lib/libbytes.dylib.so ...
Processing system/lib/libc++.so ...
Processing system/lib/libc.so ...
Processing system/lib/libcamera2ndk.so ...
Processing system/lib/libcamera_client.so ...
Processing system/lib/libcamera_metadata.so ...
Processing system/lib/libcameracompatbilityinfo.so ...
Processing system/lib/libcap.so ...
Processing system/lib/libcert_parse.so ...
Processing system/lib/libcesu8.dylib.so ...
Processing system/lib/libcfg_if.dylib.so ...
Processing system/lib/libcgrouprc.so ...
Processing system/lib/libchrome.so ...
Processing system/lib/libchrono.dylib.so ...
Processing system/lib/libclang_rt.asan-arm-android.so ...
Processing system/lib/libclang_rt.ubsan_standalone-arm-android.so ...
Processing system/lib/libclcore.bc ...
Processing system/lib/libclcore_debug.bc ...
Processing system/lib/libclcore_debug_g.bc ...
Processing system/lib/libclcore_g.bc ...
Processing system/lib/libclcore_neon.bc ...
Processing system/lib/libcodec2.so ...
Processing system/lib/libcodec2_aidl_client.so ...
Processing system/lib/libcodec2_client.so ...
Processing system/lib/libcodec2_hal_common.so ...
Processing system/lib/libcodec2_hidl_client@1.0.so ...
Processing system/lib/libcodec2_hidl_client@1.1.so ...
Processing system/lib/libcodec2_hidl_client@1.2.so ...
Processing system/lib/libcodec2_vndk.so ...
Processing system/lib/libcombine.dylib.so ...
Processing system/lib/libcompiler_rt.so ...
Processing system/lib/libcore_jni_flags_c.so ...
Processing system/lib/libcrypto.so ...
Processing system/lib/libcurl.so ...
Processing system/lib/libcutils.so ...
Processing system/lib/libcutils_bindgen.dylib.so ...
Processing system/lib/libcxx.dylib.so ...
Processing system/lib/libdataloader.so ...
Processing system/lib/libdatasource.so ...
Processing system/lib/libdebuggerd_client.so ...
Processing system/lib/libdebugstore_cxx.so ...
Processing system/lib/libdl.so ...
Processing system/lib/libdl_android.so ...
Processing system/lib/libdmabufheap.so ...
Processing system/lib/libdng_sdk.so ...
Processing system/lib/libdolbyproxyandroid.so ...
Processing system/lib/libdolbyui.so ...
Processing system/lib/libdrm.so ...
Processing system/lib/libdrmframework.so ...
Processing system/lib/libdrmframework_jni.so ...
Processing system/lib/libdrmframeworkcommon.so ...
Processing system/lib/libeffectsconfig.so ...
Processing system/lib/libegl_flags.so ...
Processing system/lib/libenv_filter.dylib.so ...
Processing system/lib/libevent.so ...
Processing system/lib/libexpat.so ...
Processing system/lib/libexpresslog.so ...
Processing system/lib/libfdtrack.so ...
Processing system/lib/libfiletime.dylib.so ...
Processing system/lib/libfilterfw.so ...
Processing system/lib/libfilterpack_imageproc.so ...
Processing system/lib/libfmq.so ...
Processing system/lib/libfoldhash.dylib.so ...
Processing system/lib/libft2.so ...
Processing system/lib/libgatekeeper.so ...
Processing system/lib/libgralloctypes.so ...
Processing system/lib/libgraphicsenv.so ...
Processing system/lib/libgui.so ...
Processing system/lib/libguiflags.so ...
Processing system/lib/libhardware.so ...
Processing system/lib/libhardware_legacy.so ...
Processing system/lib/libharfbuzz_ng.so ...
Processing system/lib/libharfbuzz_subset.so ...
Processing system/lib/libheadtracking-binding.so ...
Processing system/lib/libheadtracking.so ...
Processing system/lib/libheif.so ...
Processing system/lib/libhidlallocatorutils.so ...
Processing system/lib/libhidlbase.so ...
Processing system/lib/libhidlmemory.so ...
Processing system/lib/libhidltransport.so ...
Processing system/lib/libhwbinder.so ...
Processing system/lib/libhwui.so ...
Processing system/lib/libidmap2.so ...
Processing system/lib/libimage_io.so ...
Processing system/lib/libimg_utils.so ...
Processing system/lib/libincfs.so ...
Processing system/lib/libincident.so ...
Processing system/lib/libincidentpriv.so ...
Processing system/lib/libinput.so ...
Processing system/lib/libinputflinger.so ...
Processing system/lib/libinputreporter.so ...
Processing system/lib/libinputservice.so ...
Processing system/lib/libion.so ...
Processing system/lib/libiprouteutil.so ...
Processing system/lib/libjni.dylib.so ...
Processing system/lib/libjni_sys.dylib.so ...
Processing system/lib/libjnigraphics.so ...
Processing system/lib/libjpeg.so ...
Processing system/lib/libjpegdecoder.so ...
Processing system/lib/libjpegencoder.so ...
Processing system/lib/libjsoncpp.so ...
Processing system/lib/libjxl.so ...
Processing system/lib/libkll.so ...
Processing system/lib/liblazy_static.dylib.so ...
Processing system/lib/liblibc.dylib.so ...
Processing system/lib/liblog.so ...
Processing system/lib/liblog_rust.dylib.so ...
Processing system/lib/liblogwrap.so ...
Processing system/lib/liblz4.so ...
Processing system/lib/liblzma.so ...
Processing system/lib/libm.so ...
Processing system/lib/libmdnssd.so ...
Processing system/lib/libmedia.so ...
Processing system/lib/libmedia_codeclist.so ...
Processing system/lib/libmedia_codeclist_capabilities.so ...
Processing system/lib/libmedia_helper.so ...
Processing system/lib/libmedia_jni.so ...
Processing system/lib/libmedia_jni_utils.so ...
Processing system/lib/libmedia_omx.so ...
Processing system/lib/libmedia_omx_client.so ...
Processing system/lib/libmedia_quality_include.so ...
Processing system/lib/libmediadrm.so ...
Processing system/lib/libmediadrmmetrics_consumer.so ...
Processing system/lib/libmediadrmmetrics_full.so ...
Processing system/lib/libmediadrmmetrics_lite.so ...
Processing system/lib/libmediametrics.so ...
Processing system/lib/libmediametricsservice.so ...
Processing system/lib/libmediandk.so ...
Processing system/lib/libmediandk_utils.so ...
Processing system/lib/libmediaplayerservice.so ...
Processing system/lib/libmediautils.so ...
Processing system/lib/libmediautils_delayed.so ...
Processing system/lib/libmemchr.dylib.so ...
Processing system/lib/libmemevents.so ...
Processing system/lib/libmeminfo.so ...
Processing system/lib/libmemoffset.dylib.so ...
Processing system/lib/libmemtrack.so ...
Processing system/lib/libmemtrackproxy.so ...
Processing system/lib/libmemunreachable.so ...
Processing system/lib/libminijail.so ...
Processing system/lib/libminijail_rust.dylib.so ...
Processing system/lib/libminijail_sys.dylib.so ...
Processing system/lib/libminikin.so ...
Processing system/lib/libminui.so ...
Processing system/lib/libmonkey_jni.so ...
Processing system/lib/libmtp.so ...
Processing system/lib/libnativebridge_lazy.so ...
Processing system/lib/libnativedisplay.so ...
Processing system/lib/libnativeloader_lazy.so ...
Processing system/lib/libnativewindow.so ...
Processing system/lib/libnbaio.so ...
Processing system/lib/libnetd_client.so ...
Processing system/lib/libnetdutils.so ...
Processing system/lib/libnetlink.so ...
Processing system/lib/libnetutils.so ...
Processing system/lib/libneuralnetworks_packageinfo.so ...
Processing system/lib/libnfc_vendor_extn_st.so ...
Processing system/lib/libnix.dylib.so ...
Processing system/lib/libnl.so ...
Processing system/lib/libnpumanager.so ...
Processing system/lib/libnum_traits.dylib.so ...
Processing system/lib/libpackagelistparser.so ...
Processing system/lib/libparameter.so ...
Processing system/lib/libpcre2.so ...
Processing system/lib/libpdfium.so ...
Processing system/lib/libperfetto_android_internal.so ...
Processing system/lib/libperfetto_c.so ...
Processing system/lib/libperfetto_framework_jni.so ...
Processing system/lib/libpermission.so ...
Processing system/lib/libpiex.so ...
Processing system/lib/libpipelineinfosuploader.so ...
Processing system/lib/libpng.so ...
Processing system/lib/libpolicy-subsystem.so ...
Processing system/lib/libpower.so ...
Processing system/lib/libpowermanager.so ...
Processing system/lib/libprocessgroup.so ...
Processing system/lib/libprocessgroup_flags_c.so ...
Processing system/lib/libprocessgroup_platform.so ...
Processing system/lib/libprocinfo.so ...
Processing system/lib/libprotobuf-cpp-full-6.33.5.so ...
Processing system/lib/libprotobuf-cpp-lite-6.33.5.so ...
Processing system/lib/libprotolog.so ...
Processing system/lib/libprotoutil.so ...
Processing system/lib/libpsi.so ...
Processing system/lib/libradio_metadata.so ...
Processing system/lib/libregex.dylib.so ...
Processing system/lib/libregex_automata.dylib.so ...
Processing system/lib/libregex_syntax.dylib.so ...
Processing system/lib/libremote-processor.so ...
Processing system/lib/libresourcemanagerservice.so ...
Processing system/lib/librs_jni.so ...
Processing system/lib/librtp_jni.so ...
Processing system/lib/librustutils.dylib.so ...
Processing system/lib/libselinux.so ...
Processing system/lib/libsensor.so ...
Processing system/lib/libsensorprivacy.so ...
Processing system/lib/libsensorservice.so ...
Processing system/lib/libsensorserviceaidl.so ...
Processing system/lib/libsensorservicehidl.so ...
Processing system/lib/libserde.dylib.so ...
Processing system/lib/libserde_core.dylib.so ...
Processing system/lib/libservices.core-gnss.so ...
Processing system/lib/libservices.so ...
Processing system/lib/libsfplugin_ccodec.so ...
Processing system/lib/libsfplugin_ccodec_utils.so ...
Processing system/lib/libshmemcompat.so ...
Processing system/lib/libshmemutil.so ...
Processing system/lib/libsimplelog.dylib.so ...
Processing system/lib/libsonic.so ...
Processing system/lib/libsonivox.so ...
Processing system/lib/libsoundpool.so ...
Processing system/lib/libspeexresampler.so ...
Processing system/lib/libsqlite.so ...
Processing system/lib/libssl.so ...
Processing system/lib/libstagefright.so ...
Processing system/lib/libstagefright_aidl_bufferpool2.so ...
Processing system/lib/libstagefright_amrnb_common.so ...
Processing system/lib/libstagefright_bufferpool@2.0.1.so ...
Processing system/lib/libstagefright_bufferqueue_helper.so ...
Processing system/lib/libstagefright_codecbase.so ...
Processing system/lib/libstagefright_foundation.so ...
Processing system/lib/libstagefright_framecapture_utils.so ...
Processing system/lib/libstagefright_graphicbuffersource_aidl.so ...
Processing system/lib/libstagefright_http_support.so ...
Processing system/lib/libstagefright_httplive.so ...
Processing system/lib/libstagefright_omx.so ...
Processing system/lib/libstagefright_omx_utils.so ...
Processing system/lib/libstagefright_surface_utils.so ...
Processing system/lib/libstagefright_xmlparser.so ...
Processing system/lib/libstats_media_metrics.so ...
Processing system/lib/libstatsbootstrap.so ...
Processing system/lib/libstatshidl.so ...
Processing system/lib/libstatslog.so ...
Processing system/lib/libstatslog_inputflinger.so ...
Processing system/lib/libstatslog_surfaceflinger.so ...
Processing system/lib/libstatslog_surfaceflinger_bootstrap.so ...
Processing system/lib/libstd.dylib.so ...
Processing system/lib/libstdc++.so ...
Processing system/lib/libsync.so ...
Processing system/lib/libsystem_properties_bindgen_sys.dylib.so ...
Processing system/lib/libsystemwapi_cert.so ...
Processing system/lib/libsysutils.so ...
Processing system/lib/libtar.dylib.so ...
Processing system/lib/libtensorflowlite_c.so ...
Processing system/lib/libtensorflowlite_jni.so ...
Processing system/lib/libtermcolor.dylib.so ...
Processing system/lib/libtextclassifier.so ...
Processing system/lib/libtextclassifier_hash.so ...
Processing system/lib/libtflite.so ...
Processing system/lib/libthiserror.dylib.so ...
Processing system/lib/libtimeinstate.so ...
Processing system/lib/libtimestats_atoms_proto.so ...
Processing system/lib/libtinyalsa.so ...
Processing system/lib/libtinyxml2.so ...
Processing system/lib/libtombstoned_client.so ...
Processing system/lib/libtracing_perfetto.so ...
Processing system/lib/libtracingproxy.so ...
Processing system/lib/libtrust_token_jni.so ...
Processing system/lib/libui.so ...
Processing system/lib/libultrahdr.so ...
Processing system/lib/libunwindstack.so ...
Processing system/lib/libusbhost.so ...
Processing system/lib/libutils.so ...
Processing system/lib/libutilscallstack.so ...
Processing system/lib/libvendorsupport.so ...
Processing system/lib/libvibrationflinger.so ...
Processing system/lib/libvibrator.so ...
Processing system/lib/libvibratorservice.so ...
Processing system/lib/libvintf.so ...
Processing system/lib/libvintf_jni.so ...
Processing system/lib/libvndksupport.so ...
Processing system/lib/libvulkan.so ...
Processing system/lib/libwebviewchromium_loader.so ...
Processing system/lib/libwebviewchromium_plat_support.so ...
Processing system/lib/libwilhelm.so ...
Processing system/lib/libxml2.so ...
Processing system/lib/libxml_rust.dylib.so ...
Processing system/lib/libxqos.so ...
Processing system/lib/libz.so ...
Processing system/lib/libziparchive.so ...
Processing system/lib/media_permission-aidl-cpp.so ...
Processing system/lib/media_quality_aidl_interface-cpp.so ...
Processing system/lib/mediametricsservice-aidl-V1-cpp.so ...
Processing system/lib/modules ...
Processing system/lib/monkey_aidl-ndk.so ...
Processing system/lib/packagemanager_aidl-cpp.so ...
Processing system/lib/process_info_service_aidl-cpp.so ...
Processing system/lib/pw_allocator.so ...
Processing system/lib/server_configurable_flags.so ...
Processing system/lib/service.incremental.so ...
Processing system/lib/shared-file-region-aidl-cpp.so ...
Processing system/lib/soc_flags_lib_cc.so ...
Processing system/lib/spatializer-aidl-cpp.so ...
Processing system/lib/vendor.qti.MemHal-V1-ndk.so ...
Processing system/lib/vendor.qti.diaghal-V1-ndk.so ...
Processing system/lib/vendor.qti.hardware.data.connectionaidl-V1-ndk.so ...
Processing system/lib/vendor.qti.hardware.display.composer3-V5-ndk.so ...
Processing system/lib/vendor.qti.hardware.display.snapallocext-V1-ndk.so ...
Processing system/lib/vendor.qti.hardware.fm-V1-ndk.so ...
Processing system/lib/vendor.qti.hardware.hexlp-V3-ndk.so ...
Processing system/lib/vendor.qti.hardware.perf2-V1-ndk.so ...
Processing system/lib/vendor.qti.hardware.secureprocessor.common-V1-ndk.so ...
Processing system/lib/vendor.qti.hardware.secureprocessor.common-helper.so ...
Processing system/lib/vendor.qti.hardware.secureprocessor.common@1.0-helper.so ...
Processing system/lib/vendor.qti.hardware.secureprocessor.config-V1-ndk.so ...
Processing system/lib/vendor.qti.hardware.secureprocessor.device-V1-ndk.so ...
Processing system/lib/vendor.qti.hardware.systemhelperaidl-V1-ndk.so ...
Processing system/lib/vendor.qti.qvirtvendor-V1-ndk.so ...
Processing system/lib/vendor.xiaomi.hardware.uniperf-V1-ndk.so ...
Processing system/lib/volumegroupcallback-aidl-cpp.so ...
Processing system/lib/bootstrap/libc.so ...
Processing system/lib/bootstrap/libdl.so ...
Processing system/lib/bootstrap/libdl_android.so ...
Processing system/lib/bootstrap/libm.so ...
Processing system/lib/drm/libfwdlockengine.so ...
Processing system/lib64/aaudio-aidl-cpp.so ...
Processing system/lib64/aconfig_libgui_flags_c_lib.so ...
Processing system/lib64/aconfig_mediacodec_flags_c_lib.so ...
Processing system/lib64/aconfig_text_flags_c_lib.so ...
Processing system/lib64/aconfig_view_accessibility_flags_c_lib.so ...
Processing system/lib64/activitymanager_structured_aidl-cpp.so ...
Processing system/lib64/adb_jni_pairing_server_flags_cc_lib.so ...
Processing system/lib64/android.adpf.sessionmanager_aidl-ndk.so ...
Processing system/lib64/android.companion.virtual.virtualdevice_aidl-cpp.so ...
Processing system/lib64/android.companion.virtualdevice.flags-aconfig-cc.so ...
Processing system/lib64/android.database.sqlite-aconfig-cc.so ...
Processing system/lib64/android.frameworks.sensorservice-V1-ndk.so ...
Processing system/lib64/android.frameworks.sensorservice@1.0.so ...
Processing system/lib64/android.frameworks.stats-V2-ndk.so ...
Processing system/lib64/android.hardware.atrace@1.0.so ...
Processing system/lib64/android.hardware.audio.common-V2-ndk.so ...
Processing system/lib64/android.hardware.audio.common-V5-ndk.so ...
Processing system/lib64/android.hardware.audio.common-util.so ...
Processing system/lib64/android.hardware.audio.common@2.0.so ...
Processing system/lib64/android.hardware.audio.common@4.0-util.so ...
Processing system/lib64/android.hardware.audio.common@4.0.so ...
Processing system/lib64/android.hardware.audio.common@5.0-util.so ...
Processing system/lib64/android.hardware.audio.common@5.0.so ...
Processing system/lib64/android.hardware.audio.common@6.0-util.so ...
Processing system/lib64/android.hardware.audio.common@6.0.so ...
Processing system/lib64/android.hardware.audio.core-V4-ndk.so ...
Processing system/lib64/android.hardware.audio.core.sounddose-V4-ndk.so ...
Processing system/lib64/android.hardware.audio.effect-V4-ndk.so ...
Processing system/lib64/android.hardware.audio.effect@4.0.so ...
Processing system/lib64/android.hardware.audio.effect@5.0.so ...
Processing system/lib64/android.hardware.audio.effect@6.0-util.so ...
Processing system/lib64/android.hardware.audio.effect@6.0.so ...
Processing system/lib64/android.hardware.audio.sounddose-V4-ndk.so ...
Processing system/lib64/android.hardware.audio@4.0.so ...
Processing system/lib64/android.hardware.audio@5.0.so ...
Processing system/lib64/android.hardware.audio@6.0-util.so ...
Processing system/lib64/android.hardware.audio@6.0.so ...
Processing system/lib64/android.hardware.biometrics.fingerprint@2.1.so ...
Processing system/lib64/android.hardware.bluetooth.audio-V3-ndk.so ...
Processing system/lib64/android.hardware.boot-V1-ndk.so ...
Processing system/lib64/android.hardware.boot@1.0.so ...
Processing system/lib64/android.hardware.boot@1.1.so ...
Processing system/lib64/android.hardware.boot@1.2.so ...
Processing system/lib64/android.hardware.broadcastradio@1.0.so ...
Processing system/lib64/android.hardware.broadcastradio@1.1.so ...
Processing system/lib64/android.hardware.camera.common@1.0.so ...
Processing system/lib64/android.hardware.camera.device@1.0.so ...
Processing system/lib64/android.hardware.camera.device@3.2.so ...
Processing system/lib64/android.hardware.camera.device@3.3.so ...
Processing system/lib64/android.hardware.camera.device@3.4.so ...
Processing system/lib64/android.hardware.camera.device@3.5.so ...
Processing system/lib64/android.hardware.camera.device@3.6.so ...
Processing system/lib64/android.hardware.camera.device@3.7.so ...
Processing system/lib64/android.hardware.camera.metadata@3.2.so ...
Processing system/lib64/android.hardware.camera.metadata@3.3.so ...
Processing system/lib64/android.hardware.camera.metadata@3.4.so ...
Processing system/lib64/android.hardware.camera.metadata@3.5.so ...
Processing system/lib64/android.hardware.camera.metadata@3.6.so ...
Processing system/lib64/android.hardware.cas.native@1.0.so ...
Processing system/lib64/android.hardware.cas@1.0.so ...
Processing system/lib64/android.hardware.common-V2-cpp.so ...
Processing system/lib64/android.hardware.common-V2-ndk.so ...
Processing system/lib64/android.hardware.common.fmq-V1-cpp.so ...
Processing system/lib64/android.hardware.common.fmq-V1-ndk.so ...
Processing system/lib64/android.hardware.confirmationui-V1-ndk.so ...
Processing system/lib64/android.hardware.confirmationui@1.0.so ...
Processing system/lib64/android.hardware.contexthub-V5-ndk.so ...
Processing system/lib64/android.hardware.contexthub@1.0.so ...
Processing system/lib64/android.hardware.drm-V2-ndk.so ...
Processing system/lib64/android.hardware.drm.common-V1-ndk.so ...
Processing system/lib64/android.hardware.drm@1.0.so ...
Processing system/lib64/android.hardware.drm@1.1.so ...
Processing system/lib64/android.hardware.drm@1.2.so ...
Processing system/lib64/android.hardware.drm@1.3.so ...
Processing system/lib64/android.hardware.drm@1.4.so ...
Processing system/lib64/android.hardware.dumpstate-V1-ndk.so ...
Processing system/lib64/android.hardware.gatekeeper-V1-ndk.so ...
Processing system/lib64/android.hardware.gatekeeper@1.0.so ...
Processing system/lib64/android.hardware.gnss-V7-cpp.so ...
Processing system/lib64/android.hardware.gnss.measurement_corrections@1.0.so ...
Processing system/lib64/android.hardware.gnss.measurement_corrections@1.1.so ...
Processing system/lib64/android.hardware.gnss.visibility_control@1.0.so ...
Processing system/lib64/android.hardware.gnss@1.0.so ...
Processing system/lib64/android.hardware.gnss@1.1.so ...
Processing system/lib64/android.hardware.gnss@2.0.so ...
Processing system/lib64/android.hardware.gnss@2.1.so ...
Processing system/lib64/android.hardware.graphics.allocator-V2-ndk.so ...
Processing system/lib64/android.hardware.graphics.allocator@2.0.so ...
Processing system/lib64/android.hardware.graphics.allocator@3.0.so ...
Processing system/lib64/android.hardware.graphics.allocator@4.0.so ...
Processing system/lib64/android.hardware.graphics.bufferqueue@1.0.so ...
Processing system/lib64/android.hardware.graphics.bufferqueue@2.0.so ...
Processing system/lib64/android.hardware.graphics.common-V6-ndk.so ...
Processing system/lib64/android.hardware.graphics.common-V7-ndk.so ...
Processing system/lib64/android.hardware.graphics.common@1.0.so ...
Processing system/lib64/android.hardware.graphics.common@1.1.so ...
Processing system/lib64/android.hardware.graphics.common@1.2.so ...
Processing system/lib64/android.hardware.graphics.composer3-V5-ndk.so ...
Processing system/lib64/android.hardware.graphics.mapper@2.0.so ...
Processing system/lib64/android.hardware.graphics.mapper@2.1.so ...
Processing system/lib64/android.hardware.graphics.mapper@3.0.so ...
Processing system/lib64/android.hardware.graphics.mapper@4.0.so ...
Processing system/lib64/android.hardware.health-V2-ndk.so ...
Processing system/lib64/android.hardware.health-V5-ndk.so ...
Processing system/lib64/android.hardware.health@1.0.so ...
Processing system/lib64/android.hardware.health@2.0.so ...
Processing system/lib64/android.hardware.health@2.1.so ...
Processing system/lib64/android.hardware.input.common-V1-ndk.so ...
Processing system/lib64/android.hardware.input.processor-V1-ndk.so ...
Processing system/lib64/android.hardware.keymaster@3.0.so ...
Processing system/lib64/android.hardware.keymaster@4.0.so ...
Processing system/lib64/android.hardware.keymaster@4.1.so ...
Processing system/lib64/android.hardware.media.bufferpool2-V2-ndk.so ...
Processing system/lib64/android.hardware.media.bufferpool@2.0.so ...
Processing system/lib64/android.hardware.media.c2-V2-ndk.so ...
Processing system/lib64/android.hardware.media.c2@1.0.so ...
Processing system/lib64/android.hardware.media.c2@1.1.so ...
Processing system/lib64/android.hardware.media.c2@1.2.so ...
Processing system/lib64/android.hardware.media.omx@1.0.so ...
Processing system/lib64/android.hardware.media@1.0.so ...
Processing system/lib64/android.hardware.memtrack-V1-ndk.so ...
Processing system/lib64/android.hardware.power-V7-ndk.so ...
Processing system/lib64/android.hardware.power.stats-V1-cpp.so ...
Processing system/lib64/android.hardware.power.stats-V1-ndk.so ...
Processing system/lib64/android.hardware.power.stats@1.0.so ...
Processing system/lib64/android.hardware.power@1.0.so ...
Processing system/lib64/android.hardware.power@1.1.so ...
Processing system/lib64/android.hardware.power@1.2.so ...
Processing system/lib64/android.hardware.power@1.3.so ...
Processing system/lib64/android.hardware.radio-V2-ndk.so ...
Processing system/lib64/android.hardware.radio.config@1.0.so ...
Processing system/lib64/android.hardware.radio.data-V2-ndk.so ...
Processing system/lib64/android.hardware.radio.deprecated@1.0.so ...
Processing system/lib64/android.hardware.radio.network-V2-ndk.so ...
Processing system/lib64/android.hardware.radio@1.0.so ...
Processing system/lib64/android.hardware.radio@1.1.so ...
Processing system/lib64/android.hardware.radio@1.2.so ...
Processing system/lib64/android.hardware.radio@1.3.so ...
Processing system/lib64/android.hardware.radio@1.4.so ...
Processing system/lib64/android.hardware.radio@1.5.so ...
Processing system/lib64/android.hardware.radio@1.6.so ...
Processing system/lib64/android.hardware.renderscript@1.0.so ...
Processing system/lib64/android.hardware.secure_element-V1-ndk.so ...
Processing system/lib64/android.hardware.secure_element@1.0.so ...
Processing system/lib64/android.hardware.security.keymint-V1-cpp.so ...
Processing system/lib64/android.hardware.security.keymint-V5-ndk.so ...
Processing system/lib64/android.hardware.security.rkp-V3-ndk.so ...
Processing system/lib64/android.hardware.security.secureclock-V1-cpp.so ...
Processing system/lib64/android.hardware.security.secureclock-V1-ndk.so ...
Processing system/lib64/android.hardware.security.sharedsecret-V1-ndk.so ...
Processing system/lib64/android.hardware.sensors-V3-ndk.so ...
Processing system/lib64/android.hardware.sensors@1.0.so ...
Processing system/lib64/android.hardware.sensors@2.0-ScopedWakelock.so ...
Processing system/lib64/android.hardware.sensors@2.0.so ...
Processing system/lib64/android.hardware.sensors@2.1.so ...
Processing system/lib64/android.hardware.thermal-V2-ndk.so ...
Processing system/lib64/android.hardware.thermal-V3-ndk.so ...
Processing system/lib64/android.hardware.thermal@1.0.so ...
Processing system/lib64/android.hardware.thermal@2.0.so ...
Processing system/lib64/android.hardware.tv.input-V3-ndk.so ...
Processing system/lib64/android.hardware.tv.input@1.0.so ...
Processing system/lib64/android.hardware.tv.tuner-V3-ndk.so ...
Processing system/lib64/android.hardware.usb.aoa-cpp.so ...
Processing system/lib64/android.hardware.usb.flags-aconfig-cc-lib.so ...
Processing system/lib64/android.hardware.usb.gadget-V2-ndk.so ...
Processing system/lib64/android.hardware.usb.gadget@1.0.so ...
Processing system/lib64/android.hardware.vibrator-V3-ndk.so ...
Processing system/lib64/android.hardware.vibrator-V4-ndk.so ...
Processing system/lib64/android.hidl.allocator@1.0.so ...
Processing system/lib64/android.hidl.memory.block@1.0.so ...
Processing system/lib64/android.hidl.memory.token@1.0.so ...
Processing system/lib64/android.hidl.memory@1.0.so ...
Processing system/lib64/android.hidl.safe_union@1.0.so ...
Processing system/lib64/android.hidl.token@1.0-utils.so ...
Processing system/lib64/android.hidl.token@1.0.so ...
Processing system/lib64/android.media.audio-aconfig-cc.so ...
Processing system/lib64/android.media.audio.common.types-V2-cpp.so ...
Processing system/lib64/android.media.audio.common.types-V2-ndk.so ...
Processing system/lib64/android.media.audio.common.types-V4-cpp.so ...
Processing system/lib64/android.media.audio.common.types-V5-cpp.so ...
Processing system/lib64/android.media.audio.common.types-V5-ndk.so ...
Processing system/lib64/android.media.audio.eraser.types-V2-ndk.so ...
Processing system/lib64/android.media.audiopolicy-aconfig-cc.so ...
Processing system/lib64/android.media.codec-aconfig-cc.so ...
Processing system/lib64/android.os.flags-aconfig-cc-host.so ...
Processing system/lib64/android.os.flags-aconfig-cc.so ...
Processing system/lib64/android.os.statsbootstrap_aidl-cpp.so ...
Processing system/lib64/android.os.vibrator.flags-aconfig-cc.so ...
Processing system/lib64/android.security.aaid_aidl-cpp.so ...
Processing system/lib64/android.security.apc-ndk.so ...
Processing system/lib64/android.security.authorization-ndk.so ...
Processing system/lib64/android.security.compat-ndk.so ...
Processing system/lib64/android.system.keystore2-V1-cpp.so ...
Processing system/lib64/android.system.keystore2-V6-ndk.so ...
Processing system/lib64/android.system.net.netd-V1-ndk.so ...
Processing system/lib64/android.system.net.netd@1.0.so ...
Processing system/lib64/android.system.net.netd@1.1.so ...
Processing system/lib64/android.system.suspend-V1-ndk.so ...
Processing system/lib64/android.system.suspend.control-V1-cpp.so ...
Processing system/lib64/android.system.suspend.control.internal-cpp.so ...
Processing system/lib64/android.system.virtualizationcommon-ndk.so ...
Processing system/lib64/android.system.virtualizationservice-ndk.so ...
Processing system/lib64/android_location_flags_c_lib.so ...
Processing system/lib64/android_security_flags_aconfig_c_lib.so ...
Processing system/lib64/apex_aidl_interface-cpp.so ...
Processing system/lib64/attentionmanager_native_aidl-cpp.so ...
Processing system/lib64/audio-permission-aidl-cpp.so ...
Processing system/lib64/audioclient-types-aidl-cpp.so ...
Processing system/lib64/audioflinger-aidl-cpp.so ...
Processing system/lib64/audiopolicy-aidl-cpp.so ...
Processing system/lib64/audiopolicy-types-aidl-cpp.so ...
Processing system/lib64/av-audio-types-aidl-ndk.so ...
Processing system/lib64/av-types-aidl-cpp.so ...
Processing system/lib64/bootstrap ...
Processing system/lib64/camera_platform_flags_c_lib.so ...
Processing system/lib64/capture_state_listener-aidl-cpp.so ...
Processing system/lib64/chre_flags_c_lib.so ...
Processing system/lib64/com.android.media.aaudio-aconfig-cc.so ...
Processing system/lib64/com.android.media.audio-aconfig-cc.so ...
Processing system/lib64/com.android.media.audioclient-aconfig-cc.so ...
Processing system/lib64/com.android.media.audioserver-aconfig-cc.so ...
Processing system/lib64/com.android.server.inputflinger-ndk.so ...
Processing system/lib64/com.android.window.flags.window-aconfig_flags_c_lib.so ...
Processing system/lib64/contexthub_data_flow.so ...
Processing system/lib64/device_policy_aconfig_flags_c_lib.so ...
Processing system/lib64/dnsresolver_aidl_interface-V7-cpp.so ...
Processing system/lib64/drm ...
Processing system/lib64/dropboxmanager_aidl-cpp.so ...
Processing system/lib64/dynamic_instrumentation_manager_aidl-cpp.so ...
Processing system/lib64/effect-aidl-cpp.so ...
Processing system/lib64/framework-permission-aidl-cpp.so ...
Processing system/lib64/graphicbuffersource-aidl-ndk.so ...
Processing system/lib64/gsi_aidl_interface-cpp.so ...
Processing system/lib64/heapprofd_client.so ...
Processing system/lib64/heapprofd_client_api.so ...
Processing system/lib64/hwasan ...
Processing system/lib64/ld-android.so ...
Processing system/lib64/lib-camera-compatibility-info-api.so ...
Processing system/lib64/lib-platform-compat-native-api.so ...
Processing system/lib64/libEGL.so ...
Processing system/lib64/libEGL_angle.so ...
Processing system/lib64/libETC1.so ...
Processing system/lib64/libFFTEm.so ...
Processing system/lib64/libGLESv1_CM.so ...
Processing system/lib64/libGLESv1_CM_angle.so ...
Processing system/lib64/libGLESv2.so ...
Processing system/lib64/libGLESv2_angle.so ...
Processing system/lib64/libGLESv3.so ...
Processing system/lib64/libLLVM_android.so ...
Processing system/lib64/libOpenMAXAL.so ...
Processing system/lib64/libOpenSLES.so ...
Processing system/lib64/libPlatformProperties.so ...
Processing system/lib64/libRS.so ...
Processing system/lib64/libRSCacheDir.so ...
Processing system/lib64/libRSCpuRef.so ...
Processing system/lib64/libRSDriver.so ...
Processing system/lib64/libRS_internal.so ...
Processing system/lib64/libSurfaceFlingerProp.so ...
Processing system/lib64/lib_android_keymaster_keymint_utils_fake_latest.so ...
Processing system/lib64/lib_com_android_kcmdline_cc_flags.so ...
Processing system/lib64/lib_cust_mount_helper.so ...
Processing system/lib64/libaarch64.dylib.so ...
Processing system/lib64/libaarch64_sys_reg.dylib.so ...
Processing system/lib64/libaaudio.so ...
Processing system/lib64/libaaudio_internal_builder.so ...
Processing system/lib64/libaaudio_internal_core.so ...
Processing system/lib64/libaaudio_internal_fifo.so ...
Processing system/lib64/libaaudio_internal_legacy.so ...
Processing system/lib64/libaaudio_internal_mmap.so ...
Processing system/lib64/libaaudio_internal_utils.so ...
Processing system/lib64/libaconfig_new_storage_flags_rust.dylib.so ...
Processing system/lib64/libaconfig_storage_file.dylib.so ...
Processing system/lib64/libaconfig_storage_protos.dylib.so ...
Processing system/lib64/libaconfig_storage_read_api.dylib.so ...
Processing system/lib64/libaconfig_storage_read_api_cc.so ...
Processing system/lib64/libaconfig_storage_write_api.dylib.so ...
Processing system/lib64/libaconfigd_protos_rust.dylib.so ...
Processing system/lib64/libaconfigd_rust.dylib.so ...
Processing system/lib64/libaconfigd_rust_proto.dylib.so ...
Processing system/lib64/libacpi_tables.dylib.so ...
Processing system/lib64/libactivitymanager_aidl.so ...
Processing system/lib64/libactivitymanager_structured_aidl.dylib.so ...
Processing system/lib64/libadbd_auth.so ...
Processing system/lib64/libadbd_fs.so ...
Processing system/lib64/libadler2.dylib.so ...
Processing system/lib64/libaho_corasick.dylib.so ...
Processing system/lib64/libalarm_jni.so ...
Processing system/lib64/liballoctop.dylib.so ...
Processing system/lib64/libam_flags_rust.dylib.so ...
Processing system/lib64/libamidi.so ...
Processing system/lib64/libandroid.so ...
Processing system/lib64/libandroid_audio.dylib.so ...
Processing system/lib64/libandroid_bpfprogs_flags.dylib.so ...
Processing system/lib64/libandroid_gui.dylib.so ...
Processing system/lib64/libandroid_hardware_common_V2.dylib.so ...
Processing system/lib64/libandroid_ids.dylib.so ...
Processing system/lib64/libandroid_log_sys.dylib.so ...
Processing system/lib64/libandroid_logger.dylib.so ...
Processing system/lib64/libandroid_native_denylist.so ...
Processing system/lib64/libandroid_net.so ...
Processing system/lib64/libandroid_os_casefoldingremover.dylib.so ...
Processing system/lib64/libandroid_preapex.so ...
Processing system/lib64/libandroid_runtime.so ...
Processing system/lib64/libandroid_runtime_lazy.so ...
Processing system/lib64/libandroid_servers.so ...
Processing system/lib64/libandroidfw.so ...
Processing system/lib64/libanstyle.dylib.so ...
Processing system/lib64/libanyhow.dylib.so ...
Processing system/lib64/libapexsupport.so ...
Processing system/lib64/libappfuse.so ...
Processing system/lib64/libarch.dylib.so ...
Processing system/lib64/libargh.dylib.so ...
Processing system/lib64/libargh_shared.dylib.so ...
Processing system/lib64/libarrayvec.dylib.so ...
Processing system/lib64/libartpalette-system.so ...
Processing system/lib64/libasync_task.dylib.so ...
Processing system/lib64/libasyncio.so ...
Processing system/lib64/libatomic_rust.dylib.so ...
Processing system/lib64/libatrace_rust.dylib.so ...
Processing system/lib64/libatrace_tracing_subscriber.dylib.so ...
Processing system/lib64/libattention_native.so ...
Processing system/lib64/libaudio-resampler.so ...
Processing system/lib64/libaudio_aidl_conversion_common_cpp.so ...
Processing system/lib64/libaudio_aidl_conversion_common_ndk.so ...
Processing system/lib64/libaudio_aidl_conversion_common_ndk_cpp.so ...
Processing system/lib64/libaudio_aidl_conversion_core_ndk.so ...
Processing system/lib64/libaudio_aidl_conversion_effect_ndk.so ...
Processing system/lib64/libaudio_streams.dylib.so ...
Processing system/lib64/libaudio_util.dylib.so ...
Processing system/lib64/libaudioaidlcommon.so ...
Processing system/lib64/libaudiobase.so ...
Processing system/lib64/libaudioclient.so ...
Processing system/lib64/libaudioclient_aidl_conversion.so ...
Processing system/lib64/libaudioeffect_jni.so ...
Processing system/lib64/libaudioflinger.so ...
Processing system/lib64/libaudioflinger_datapath.so ...
Processing system/lib64/libaudioflinger_fastpath.so ...
Processing system/lib64/libaudioflinger_timing.so ...
Processing system/lib64/libaudioflinger_utils.so ...
Processing system/lib64/libaudiofoundation.so ...
Processing system/lib64/libaudiohal.so ...
Processing system/lib64/libaudiohal@6.0.so ...
Processing system/lib64/libaudiohal@7.0.so ...
Processing system/lib64/libaudiohal@7.1.so ...
Processing system/lib64/libaudiohal@aidl.so ...
Processing system/lib64/libaudiohal_deathhandler.so ...
Processing system/lib64/libaudiomanager.so ...
Processing system/lib64/libaudiopermission.so ...
Processing system/lib64/libaudiopolicy.so ...
Processing system/lib64/libaudiopolicycomponents.so ...
Processing system/lib64/libaudiopolicyengineconfigurable.so ...
Processing system/lib64/libaudiopolicyenginedefault.so ...
Processing system/lib64/libaudiopolicymanagerdefault.so ...
Processing system/lib64/libaudiopolicyservice.so ...
Processing system/lib64/libaudioprocessing.so ...
Processing system/lib64/libaudiospdif.so ...
Processing system/lib64/libaudiousecasevalidation.so ...
Processing system/lib64/libaudioutils.so ...
Processing system/lib64/libavservices_minijail.so ...
Processing system/lib64/libbackstage_power_flags_rust.dylib.so ...
Processing system/lib64/libballoon_control.dylib.so ...
Processing system/lib64/libbase.so ...
Processing system/lib64/libbase_rust.dylib.so ...
Processing system/lib64/libbattery.so ...
Processing system/lib64/libbatterystats_aidl.so ...
Processing system/lib64/libbcc.so ...
Processing system/lib64/libbcinfo.so ...
Processing system/lib64/libbinder.so ...
Processing system/lib64/libbinder_ndk.so ...
Processing system/lib64/libbinder_ndk_compat_bindgen.dylib.so ...
Processing system/lib64/libbinder_ndk_sys.dylib.so ...
Processing system/lib64/libbinder_rpc_unstable.so ...
Processing system/lib64/libbinder_rs.dylib.so ...
Processing system/lib64/libbinder_rs_ndk_compat.dylib.so ...
Processing system/lib64/libbinder_tokio_rs.dylib.so ...
Processing system/lib64/libbinderdebug.so ...
Processing system/lib64/libbindernetlink.so ...
Processing system/lib64/libbinderwrapper.so ...
Processing system/lib64/libbionic_bindgen.dylib.so ...
Processing system/lib64/libbit_field_crosvm.dylib.so ...
Processing system/lib64/libbitflags-1.3.2.dylib.so ...
Processing system/lib64/libbitflags.dylib.so ...
Processing system/lib64/libblas.so ...
Processing system/lib64/libboot_control_client.so ...
Processing system/lib64/libbootanimation_preapex.so ...
Processing system/lib64/libbootloader_message.so ...
Processing system/lib64/libbpf.so ...
Processing system/lib64/libbpf_android.so ...
Processing system/lib64/libbpf_android_bindgen.dylib.so ...
Processing system/lib64/libbpf_bcc.so ...
Processing system/lib64/libbpf_minimal.so ...
Processing system/lib64/libbrillo-binder.so ...
Processing system/lib64/libbrillo-stream.so ...
Processing system/lib64/libbrillo.so ...
Processing system/lib64/libbytemuck.dylib.so ...
Processing system/lib64/libbyteorder.dylib.so ...
Processing system/lib64/libbyteorder_lite.dylib.so ...
Processing system/lib64/libbytes.dylib.so ...
Processing system/lib64/libc++.so ...
Processing system/lib64/libc.so ...
Processing system/lib64/libcamera2ndk.so ...
Processing system/lib64/libcamera_client.so ...
Processing system/lib64/libcamera_metadata.so ...
Processing system/lib64/libcameracompatbilityinfo.so ...
Processing system/lib64/libcap.so ...
Processing system/lib64/libcap_bindgen.dylib.so ...
Processing system/lib64/libcap_rust.dylib.so ...
Processing system/lib64/libcdisk_spec_proto.dylib.so ...
Processing system/lib64/libcert_parse.so ...
Processing system/lib64/libcesu8.dylib.so ...
Processing system/lib64/libcfg_if.dylib.so ...
Processing system/lib64/libcgrouprc.so ...
Processing system/lib64/libchrome.so ...
Processing system/lib64/libchrono.dylib.so ...
Processing system/lib64/libciborium.dylib.so ...
Processing system/lib64/libciborium_io.dylib.so ...
Processing system/lib64/libciborium_ll.dylib.so ...
Processing system/lib64/libclang_rt.asan-aarch64-android.so ...
Processing system/lib64/libclang_rt.hwasan-aarch64-android.so ...
Processing system/lib64/libclang_rt.ubsan_standalone-aarch64-android.so ...
Processing system/lib64/libclap.dylib.so ...
Processing system/lib64/libclap_builder.dylib.so ...
Processing system/lib64/libclap_lex.dylib.so ...
Processing system/lib64/libclcore.bc ...
Processing system/lib64/libclcore_debug.bc ...
Processing system/lib64/libclcore_debug_g.bc ...
Processing system/lib64/libclcore_g.bc ...
Processing system/lib64/libcodec2.so ...
Processing system/lib64/libcodec2_aidl_client.so ...
Processing system/lib64/libcodec2_client.so ...
Processing system/lib64/libcodec2_hal_common.so ...
Processing system/lib64/libcodec2_hidl_client@1.0.so ...
Processing system/lib64/libcodec2_hidl_client@1.1.so ...
Processing system/lib64/libcodec2_hidl_client@1.2.so ...
Processing system/lib64/libcodec2_vndk.so ...
Processing system/lib64/libcombine.dylib.so ...
Processing system/lib64/libcompiler_rt.so ...
Processing system/lib64/libconfiginfra_framework_flags_rust.dylib.so ...
Processing system/lib64/libcore_jni_flags_c.so ...
Processing system/lib64/libcppbor.so ...
Processing system/lib64/libcppcose_rkp.so ...
Processing system/lib64/libcrc32fast.dylib.so ...
Processing system/lib64/libcros_async.dylib.so ...
Processing system/lib64/libcros_fdt.dylib.so ...
Processing system/lib64/libcros_tracing.dylib.so ...
Processing system/lib64/libcros_tracing_types.dylib.so ...
Processing system/lib64/libcrossbeam_utils.dylib.so ...
Processing system/lib64/libcrosvm_cli.dylib.so ...
Processing system/lib64/libcrypto.so ...
Processing system/lib64/libcrypto_generic.dylib.so ...
Processing system/lib64/libcrypto_utils.so ...
Processing system/lib64/libcts_flags_tests_rust.dylib.so ...
Processing system/lib64/libcups.so ...
Processing system/lib64/libcurl.so ...
Processing system/lib64/libcutils.so ...
Processing system/lib64/libcutils_bindgen.dylib.so ...
Processing system/lib64/libcutils_trace_bindgen.dylib.so ...
Processing system/lib64/libcxx.dylib.so ...
Processing system/lib64/libdata_model.dylib.so ...
Processing system/lib64/libdataloader.so ...
Processing system/lib64/libdatasource.so ...
Processing system/lib64/libdebuggerd_client.so ...
Processing system/lib64/libdebugstore_cxx.so ...
Processing system/lib64/libdevices.dylib.so ...
Processing system/lib64/libdisk.dylib.so ...
Processing system/lib64/libdl.so ...
Processing system/lib64/libdl_android.so ...
Processing system/lib64/libdm_rust.dylib.so ...
Processing system/lib64/libdmabufheap.so ...
Processing system/lib64/libdng_sdk.so ...
Processing system/lib64/libdolbyproxyandroid.so ...
Processing system/lib64/libdolbyui.so ...
Processing system/lib64/libdowncast_rs.dylib.so ...
Processing system/lib64/libdownload.so ...
Processing system/lib64/libdrm.so ...
Processing system/lib64/libdrmframework.so ...
Processing system/lib64/libdrmframework_jni.so ...
Processing system/lib64/libdrmframeworkcommon.so ...
Processing system/lib64/libdumpstateaidl.so ...
Processing system/lib64/libdumpstateutil.so ...
Processing system/lib64/libdumputils.so ...
Processing system/lib64/libeffectsconfig.so ...
Processing system/lib64/libegl_flags.so ...
Processing system/lib64/libeither.dylib.so ...
Processing system/lib64/libenv_filter.dylib.so ...
Processing system/lib64/libenv_logger.dylib.so ...
Processing system/lib64/libequivalent.dylib.so ...
Processing system/lib64/liberrno.dylib.so ...
Processing system/lib64/libevent.so ...
Processing system/lib64/libexif.so ...
Processing system/lib64/libexpat.so ...
Processing system/lib64/libexpresslog.so ...
Processing system/lib64/libext2_blkid.so ...
Processing system/lib64/libext2_com_err.so ...
Processing system/lib64/libext2_e2p.so ...
Processing system/lib64/libext2_misc.so ...
Processing system/lib64/libext2_quota.so ...
Processing system/lib64/libext2_uuid.so ...
Processing system/lib64/libext2fs.so ...
Processing system/lib64/libext4_utils.so ...
Processing system/lib64/libf2fs_sparseblock.so ...
Processing system/lib64/libfastrand.dylib.so ...
Processing system/lib64/libfdeflate.dylib.so ...
Processing system/lib64/libfdtrack.so ...
Processing system/lib64/libfec.so ...
Processing system/lib64/libfec_rs.so ...
Processing system/lib64/libfiletime.dylib.so ...
Processing system/lib64/libfilterfw.so ...
Processing system/lib64/libfilterpack_imageproc.so ...
Processing system/lib64/libflags_rust.dylib.so ...
Processing system/lib64/libflatbuffers.dylib.so ...
Processing system/lib64/libflate2.dylib.so ...
Processing system/lib64/libfmq.so ...
Processing system/lib64/libfnv.dylib.so ...
Processing system/lib64/libfoldhash.dylib.so ...
Processing system/lib64/libform_urlencoded.dylib.so ...
Processing system/lib64/libfs_mgr.so ...
Processing system/lib64/libfs_mgr_binder.so ...
Processing system/lib64/libfsverity.so ...
Processing system/lib64/libft2.so ...
Processing system/lib64/libfuse_rust.dylib.so ...
Processing system/lib64/libfusesideload.so ...
Processing system/lib64/libfutures.dylib.so ...
Processing system/lib64/libfutures_channel.dylib.so ...
Processing system/lib64/libfutures_core.dylib.so ...
Processing system/lib64/libfutures_executor.dylib.so ...
Processing system/lib64/libfutures_io.dylib.so ...
Processing system/lib64/libfutures_sink.dylib.so ...
Processing system/lib64/libfutures_task.dylib.so ...
Processing system/lib64/libfutures_util.dylib.so ...
Processing system/lib64/libgatekeeper.so ...
Processing system/lib64/libgatekeeper_aidl.so ...
Processing system/lib64/libgdbstub.dylib.so ...
Processing system/lib64/libgdbstub_arch.dylib.so ...
Processing system/lib64/libgetrandom.dylib.so ...
Processing system/lib64/libgpu_display.dylib.so ...
Processing system/lib64/libgpuwork.so ...
Processing system/lib64/libgralloctypes.so ...
Processing system/lib64/libgraphicsenv.so ...
Processing system/lib64/libgsi.so ...
Processing system/lib64/libgui.so ...
Processing system/lib64/libgui_aidl_types_rs.dylib.so ...
Processing system/lib64/libguiflags.so ...
Processing system/lib64/libhalf.dylib.so ...
Processing system/lib64/libhardware.so ...
Processing system/lib64/libhardware_legacy.so ...
Processing system/lib64/libharfbuzz_ng.so ...
Processing system/lib64/libharfbuzz_subset.so ...
Processing system/lib64/libhashbrown.dylib.so ...
Processing system/lib64/libhashlink.dylib.so ...
Processing system/lib64/libheadtracking-binding.so ...
Processing system/lib64/libheadtracking.so ...
Processing system/lib64/libheif.so ...
Processing system/lib64/libhex.dylib.so ...
Processing system/lib64/libhidcommand_jni.so ...
Processing system/lib64/libhidl-gen-hash.so ...
Processing system/lib64/libhidl-gen-utils.so ...
Processing system/lib64/libhidlallocatorutils.so ...
Processing system/lib64/libhidlbase.so ...
Processing system/lib64/libhidlmemory.so ...
Processing system/lib64/libhidltransport.so ...
Processing system/lib64/libhwbinder.so ...
Processing system/lib64/libhwui.so ...
Processing system/lib64/libhyper_os_sys_cc_bindgen.dylib.so ...
Processing system/lib64/libhyper_spawner_cc_bindgen.dylib.so ...
Processing system/lib64/libhypervisor.dylib.so ...
Processing system/lib64/libicu_collections.dylib.so ...
Processing system/lib64/libicu_locale_core.dylib.so ...
Processing system/lib64/libicu_normalizer.dylib.so ...
Processing system/lib64/libicu_normalizer_data.dylib.so ...
Processing system/lib64/libicu_properties.dylib.so ...
Processing system/lib64/libicu_properties_data.dylib.so ...
Processing system/lib64/libicu_provider.dylib.so ...
Processing system/lib64/libidmap2.so ...
Processing system/lib64/libidna.dylib.so ...
Processing system/lib64/libidna_adapter.dylib.so ...
Processing system/lib64/libimage.dylib.so ...
Processing system/lib64/libimage_io.so ...
Processing system/lib64/libimg_utils.so ...
Processing system/lib64/libincfs.so ...
Processing system/lib64/libincident.so ...
Processing system/lib64/libincidentpriv.so ...
Processing system/lib64/libindexmap.dylib.so ...
Processing system/lib64/libinotify.dylib.so ...
Processing system/lib64/libinotify_sys.dylib.so ...
Processing system/lib64/libinput.so ...
Processing system/lib64/libinputflinger.so ...
Processing system/lib64/libinputreporter.so ...
Processing system/lib64/libinputservice.so ...
Processing system/lib64/libintrusive_collections.dylib.so ...
Processing system/lib64/libio_uring.dylib.so ...
Processing system/lib64/libion.so ...
Processing system/lib64/libiprouteutil.so ...
Processing system/lib64/libitertools.dylib.so ...
Processing system/lib64/libitoa.dylib.so ...
Processing system/lib64/libjail.dylib.so ...
Processing system/lib64/libjni.dylib.so ...
Processing system/lib64/libjni_deviceAsWebcam.so ...
Processing system/lib64/libjni_sys.dylib.so ...
Processing system/lib64/libjnigraphics.so ...
Processing system/lib64/libjnigraphics_preapex.so ...
Processing system/lib64/libjpeg.so ...
Processing system/lib64/libjpegdecoder.so ...
Processing system/lib64/libjpegencoder.so ...
Processing system/lib64/libjsoncpp.so ...
Processing system/lib64/libjxl.so ...
Processing system/lib64/libkernel_cmdline.dylib.so ...
Processing system/lib64/libkernel_loader.dylib.so ...
Processing system/lib64/libkernlog.dylib.so ...
Processing system/lib64/libkeymaster4_1support.so ...
Processing system/lib64/libkeymaster4support.so ...
Processing system/lib64/libkeymaster_messages.so ...
Processing system/lib64/libkeymaster_portable.so ...
Processing system/lib64/libkeymint_fake_latest.so ...
Processing system/lib64/libkeymint_support.so ...
Processing system/lib64/libkeystore-attestation-application-id.so ...
Processing system/lib64/libkeystore2_aaid.so ...
Processing system/lib64/libkeystore2_apc_compat.so ...
Processing system/lib64/libkeystore2_crypto.so ...
Processing system/lib64/libkll.so ...
Processing system/lib64/libkm_compat.so ...
Processing system/lib64/libkm_compat_service.so ...
Processing system/lib64/libkobject_uevent.dylib.so ...
Processing system/lib64/libkvm_sys.dylib.so ...
Processing system/lib64/liblazy_static.dylib.so ...
Processing system/lib64/liblibactivity_manager_procstate_aidl.dylib.so ...
Processing system/lib64/liblibbpf_rs.dylib.so ...
Processing system/lib64/liblibbpf_sys.dylib.so ...
Processing system/lib64/liblibc.dylib.so ...
Processing system/lib64/liblibloading.dylib.so ...
Processing system/lib64/liblinked_hash_map.dylib.so ...
Processing system/lib64/liblinux_input_sys.dylib.so ...
Processing system/lib64/liblitemap.dylib.so ...
Processing system/lib64/liblock_api.dylib.so ...
Processing system/lib64/liblog.so ...
Processing system/lib64/liblog_rust.dylib.so ...
Processing system/lib64/liblogger.dylib.so ...
Processing system/lib64/liblogwrap.so ...
Processing system/lib64/liblp.so ...
Processing system/lib64/liblpdump.so ...
Processing system/lib64/liblpdump_interface-cpp.so ...
Processing system/lib64/liblru_cache.dylib.so ...
Processing system/lib64/liblz4.so ...
Processing system/lib64/liblz4_flex.dylib.so ...
Processing system/lib64/liblzma.so ...
Processing system/lib64/libm.so ...
Processing system/lib64/libmanaged.dylib.so ...
Processing system/lib64/libmdnssd.so ...
Processing system/lib64/libmedia.so ...
Processing system/lib64/libmedia_codeclist.so ...
Processing system/lib64/libmedia_codeclist_capabilities.so ...
Processing system/lib64/libmedia_helper.so ...
Processing system/lib64/libmedia_jni.so ...
Processing system/lib64/libmedia_jni_utils.so ...
Processing system/lib64/libmedia_omx.so ...
Processing system/lib64/libmedia_omx_client.so ...
Processing system/lib64/libmedia_quality_include.so ...
Processing system/lib64/libmediadrm.so ...
Processing system/lib64/libmediadrmmetrics_consumer.so ...
Processing system/lib64/libmediadrmmetrics_full.so ...
Processing system/lib64/libmediadrmmetrics_lite.so ...
Processing system/lib64/libmediaextractorservice.so ...
Processing system/lib64/libmediametrics.so ...
Processing system/lib64/libmediametricsservice.so ...
Processing system/lib64/libmediandk.so ...
Processing system/lib64/libmediandk_utils.so ...
Processing system/lib64/libmediaplayerservice.so ...
Processing system/lib64/libmediautils.so ...
Processing system/lib64/libmediautils_delayed.so ...
Processing system/lib64/libmemchr.dylib.so ...
Processing system/lib64/libmemevents.so ...
Processing system/lib64/libmeminfo.so ...
Processing system/lib64/libmemmap2.dylib.so ...
Processing system/lib64/libmemoffset.dylib.so ...
Processing system/lib64/libmemtrack.so ...
Processing system/lib64/libmemtrackproxy.so ...
Processing system/lib64/libmemunreachable.so ...
Processing system/lib64/libmesa3d_magma_amdgpu_bindgen_rutabaga.dylib.so ...
Processing system/lib64/libmesa3d_magma_android_rutabaga.dylib.so ...
Processing system/lib64/libmesa3d_magma_drm_bindgen_rutabaga.dylib.so ...
Processing system/lib64/libmesa3d_magma_i915_bindgen_rutabaga.dylib.so ...
Processing system/lib64/libmesa3d_magma_msm_bindgen_rutabaga.dylib.so ...
Processing system/lib64/libmesa3d_magma_virtgpu_bindgen_rutabaga.dylib.so ...
Processing system/lib64/libmesa3d_magma_xe_bindgen_rutabaga.dylib.so ...
Processing system/lib64/libmesa3d_protocols_rutabaga.dylib.so ...
Processing system/lib64/libmesa3d_util_rutabaga.dylib.so ...
Processing system/lib64/libmetrics.dylib.so ...
Processing system/lib64/libmetrics_events.dylib.so ...
Processing system/lib64/libmetrics_events_generic.dylib.so ...
Processing system/lib64/libmetrics_generic.dylib.so ...
Processing system/lib64/libminijail.so ...
Processing system/lib64/libminijail_rust.dylib.so ...
Processing system/lib64/libminijail_sys.dylib.so ...
Processing system/lib64/libminikin.so ...
Processing system/lib64/libminikin_system_font_bridge.so ...
Processing system/lib64/libminimal_lexical.dylib.so ...
Processing system/lib64/libminiz_oxide.dylib.so ...
Processing system/lib64/libminui.so ...
Processing system/lib64/libmio.dylib.so ...
Processing system/lib64/libmmd.dylib.so ...
Processing system/lib64/libmmd_aidl_interface.dylib.so ...
Processing system/lib64/libmmd_android.dylib.so ...
Processing system/lib64/libmmd_flags_rust.dylib.so ...
Processing system/lib64/libmmdproperties_rust.dylib.so ...
Processing system/lib64/libmonkey_jni.so ...
Processing system/lib64/libmtp.so ...
Processing system/lib64/libnative_activity_thread.dylib.so ...
Processing system/lib64/libnative_application_thread_aidl.dylib.so ...
Processing system/lib64/libnativebridge_lazy.so ...
Processing system/lib64/libnativedisplay.so ...
Processing system/lib64/libnativeloader_lazy.so ...
Processing system/lib64/libnativewindow.so ...
Processing system/lib64/libnativewindow_bindgen.dylib.so ...
Processing system/lib64/libnativewindow_rs.dylib.so ...
Processing system/lib64/libnbaio.so ...
Processing system/lib64/libnet_sys.dylib.so ...
Processing system/lib64/libnet_util.dylib.so ...
Processing system/lib64/libnetd_client.so ...
Processing system/lib64/libnetdutils.so ...
Processing system/lib64/libnetlink.so ...
Processing system/lib64/libnetutils.so ...
Processing system/lib64/libneuralnetworks_packageinfo.so ...
Processing system/lib64/libnfc_vendor_extn_st.so ...
Processing system/lib64/libnix.dylib.so ...
Processing system/lib64/libnl.so ...
Processing system/lib64/libnom.dylib.so ...
Processing system/lib64/libnpumanager.so ...
Processing system/lib64/libnum_cpus.dylib.so ...
Processing system/lib64/libnum_traits.dylib.so ...
Processing system/lib64/libonce_cell.dylib.so ...
Processing system/lib64/libopenssl.dylib.so ...
Processing system/lib64/libp9.dylib.so ...
Processing system/lib64/libpackagelistparser.so ...
Processing system/lib64/libparameter.so ...
Processing system/lib64/libparking_lot.dylib.so ...
Processing system/lib64/libparking_lot_core.dylib.so ...
Processing system/lib64/libpcap.so ...
Processing system/lib64/libpcre2.so ...
Processing system/lib64/libpdfium.so ...
Processing system/lib64/libpercent_encoding.dylib.so ...
Processing system/lib64/libperfetto.so ...
Processing system/lib64/libperfetto_android_internal.so ...
Processing system/lib64/libperfetto_c.so ...
Processing system/lib64/libperfetto_framework_jni.so ...
Processing system/lib64/libperfsense.so ...
Processing system/lib64/libpermission.so ...
Processing system/lib64/libpiex.so ...
Processing system/lib64/libpin_project_lite.dylib.so ...
Processing system/lib64/libpin_utils.dylib.so ...
Processing system/lib64/libpipelineinfosuploader.so ...
Processing system/lib64/libpng.so ...
Processing system/lib64/libpng_rust.dylib.so ...
Processing system/lib64/libpolicy-subsystem.so ...
Processing system/lib64/libpotential_utf.dylib.so ...
Processing system/lib64/libpower.so ...
Processing system/lib64/libpower_monitor.dylib.so ...
Processing system/lib64/libpowermanager.so ...
Processing system/lib64/libppv_lite86.dylib.so ...
Processing system/lib64/libprintspooler_jni_miui.so ...
Processing system/lib64/libprocessgroup.so ...
Processing system/lib64/libprocessgroup_flags_c.so ...
Processing system/lib64/libprocessgroup_platform.so ...
Processing system/lib64/libprocessgroup_rust.dylib.so ...
Processing system/lib64/libprocessgroup_setup.so ...
Processing system/lib64/libprocinfo.so ...
Processing system/lib64/libprotobuf-cpp-full-6.33.5.so ...
Processing system/lib64/libprotobuf-cpp-lite-6.33.5.so ...
Processing system/lib64/libprotobuf.dylib.so ...
Processing system/lib64/libprotobuf_support.dylib.so ...
Processing system/lib64/libprotolog.so ...
Processing system/lib64/libprotos.dylib.so ...
Processing system/lib64/libprotoutil.so ...
Processing system/lib64/libpsi.so ...
Processing system/lib64/libpuresoftkeymasterdevice.so ...
Processing system/lib64/libradio_metadata.so ...
Processing system/lib64/librand.dylib.so ...
Processing system/lib64/librand_chacha.dylib.so ...
Processing system/lib64/librand_core.dylib.so ...
Processing system/lib64/libregex.dylib.so ...
Processing system/lib64/libregex_automata.dylib.so ...
Processing system/lib64/libregex_syntax.dylib.so ...
Processing system/lib64/libregistered_events_proto.dylib.so ...
Processing system/lib64/libremote-processor.so ...
Processing system/lib64/libresourcemanagerservice.so ...
Processing system/lib64/libresources.dylib.so ...
Processing system/lib64/librs_jni.so ...
Processing system/lib64/librtp_jni.so ...
Processing system/lib64/librustix.dylib.so ...
Processing system/lib64/librustutils.dylib.so ...
Processing system/lib64/librutabaga_gfx.dylib.so ...
Processing system/lib64/libryu.dylib.so ...
Processing system/lib64/libscopeguard.dylib.so ...
Processing system/lib64/libseccomp_policy.so ...
Processing system/lib64/libselinux.so ...
Processing system/lib64/libselinux_bindgen.dylib.so ...
Processing system/lib64/libsensor.so ...
Processing system/lib64/libsensorprivacy.so ...
Processing system/lib64/libsensorservice.so ...
Processing system/lib64/libsensorserviceaidl.so ...
Processing system/lib64/libsensorservicehidl.so ...
Processing system/lib64/libserde.dylib.so ...
Processing system/lib64/libserde_core.dylib.so ...
Processing system/lib64/libserde_json.dylib.so ...
Processing system/lib64/libserde_keyvalue.dylib.so ...
Processing system/lib64/libservices.core-gnss.so ...
Processing system/lib64/libservices.so ...
Processing system/lib64/libsfplugin_ccodec.so ...
Processing system/lib64/libsfplugin_ccodec_utils.so ...
Processing system/lib64/libsharded_slab.dylib.so ...
Processing system/lib64/libshmemcompat.so ...
Processing system/lib64/libshmemutil.so ...
Processing system/lib64/libsignal_hook_registry.dylib.so ...
Processing system/lib64/libsimd_adler32.dylib.so ...
Processing system/lib64/libsimplelog.dylib.so ...
Processing system/lib64/libslab.dylib.so ...
Processing system/lib64/libsmallvec.dylib.so ...
Processing system/lib64/libsmapinfo.so ...
Processing system/lib64/libsnapshot.so ...
Processing system/lib64/libsnapshot_crosvm.dylib.so ...
Processing system/lib64/libsoc_flags_rust.dylib.so ...
Processing system/lib64/libsocket2.dylib.so ...
Processing system/lib64/libsoft_attestation_cert.so ...
Processing system/lib64/libsonic.so ...
Processing system/lib64/libsonivox.so ...
Processing system/lib64/libsounddose.so ...
Processing system/lib64/libsoundpool.so ...
Processing system/lib64/libsparse.so ...
Processing system/lib64/libspeexresampler.so ...
Processing system/lib64/libsqlite.so ...
Processing system/lib64/libssl.so ...
Processing system/lib64/libstable_deref_trait.dylib.so ...
Processing system/lib64/libstagefright.so ...
Processing system/lib64/libstagefright_aidl_bufferpool2.so ...
Processing system/lib64/libstagefright_amrnb_common.so ...
Processing system/lib64/libstagefright_bufferpool@2.0.1.so ...
Processing system/lib64/libstagefright_bufferqueue_helper.so ...
Processing system/lib64/libstagefright_codecbase.so ...
Processing system/lib64/libstagefright_foundation.so ...
Processing system/lib64/libstagefright_framecapture_utils.so ...
Processing system/lib64/libstagefright_graphicbuffersource_aidl.so ...
Processing system/lib64/libstagefright_http_support.so ...
Processing system/lib64/libstagefright_httplive.so ...
Processing system/lib64/libstagefright_omx.so ...
Processing system/lib64/libstagefright_omx_utils.so ...
Processing system/lib64/libstagefright_surface_utils.so ...
Processing system/lib64/libstagefright_xmlparser.so ...
Processing system/lib64/libstatic_assertions.dylib.so ...
Processing system/lib64/libstats_media_metrics.so ...
Processing system/lib64/libstatsbootstrap.so ...
Processing system/lib64/libstatshidl.so ...
Processing system/lib64/libstatslog.so ...
Processing system/lib64/libstatslog_gpustats.so ...
Processing system/lib64/libstatslog_inputflinger.so ...
Processing system/lib64/libstatslog_native_zygote_rust.dylib.so ...
Processing system/lib64/libstatslog_rust.dylib.so ...
Processing system/lib64/libstatslog_rust_header.dylib.so ...
Processing system/lib64/libstatslog_surfaceflinger.so ...
Processing system/lib64/libstatslog_surfaceflinger_bootstrap.so ...
Processing system/lib64/libstatspull_bindgen.dylib.so ...
Processing system/lib64/libstatspull_rust.dylib.so ...
Processing system/lib64/libstd.dylib.so ...
Processing system/lib64/libstdc++.so ...
Processing system/lib64/libstrsim.dylib.so ...
Processing system/lib64/libsubmerge_java.so ...
Processing system/lib64/libswap.dylib.so ...
Processing system/lib64/libsync.so ...
Processing system/lib64/libsync_rust.dylib.so ...
Processing system/lib64/libsysinfo.dylib.so ...
Processing system/lib64/libsystem_properties_bindgen_sys.dylib.so ...
Processing system/lib64/libsystemwapi_cert.so ...
Processing system/lib64/libsysutils.so ...
Processing system/lib64/libtar.dylib.so ...
Processing system/lib64/libtempfile.dylib.so ...
Processing system/lib64/libtensorflowlite_c.so ...
Processing system/lib64/libtensorflowlite_jni.so ...
Processing system/lib64/libtermcolor.dylib.so ...
Processing system/lib64/libtextclassifier.so ...
Processing system/lib64/libtextclassifier_hash.so ...
Processing system/lib64/libtflite.so ...
Processing system/lib64/libthiserror.dylib.so ...
Processing system/lib64/libthread_local.dylib.so ...
Processing system/lib64/libtimeinstate.so ...
Processing system/lib64/libtimestats_atoms_proto.so ...
Processing system/lib64/libtinyalsa.so ...
Processing system/lib64/libtinystr.dylib.so ...
Processing system/lib64/libtinyvec.dylib.so ...
Processing system/lib64/libtinyvec_macros.dylib.so ...
Processing system/lib64/libtinyxml2.so ...
Processing system/lib64/libtokio.dylib.so ...
Processing system/lib64/libtombstoned_client.so ...
Processing system/lib64/libtracing.dylib.so ...
Processing system/lib64/libtracing_core.dylib.so ...
Processing system/lib64/libtracing_perfetto.so ...
Processing system/lib64/libtracing_subscriber.dylib.so ...
Processing system/lib64/libtracingproxy.so ...
Processing system/lib64/libtrust_token_jni.so ...
Processing system/lib64/libtwox_hash.dylib.so ...
Processing system/lib64/libuevent-framework.dylib.so ...
Processing system/lib64/libui.so ...
Processing system/lib64/libuinputcommand_jni.so ...
Processing system/lib64/libukey2_jni.so ...
Processing system/lib64/libultrahdr.so ...
Processing system/lib64/libunicode_bidi.dylib.so ...
Processing system/lib64/libunicode_normalization.dylib.so ...
Processing system/lib64/libunwindstack.so ...
Processing system/lib64/libupdate_engine_stable-V3-cpp.so ...
Processing system/lib64/liburingutils.so ...
Processing system/lib64/liburl.dylib.so ...
Processing system/lib64/libusb4_policies.dylib.so ...
Processing system/lib64/libusb4_policies_jni.so ...
Processing system/lib64/libusb_sys.dylib.so ...
Processing system/lib64/libusb_util.dylib.so ...
Processing system/lib64/libusbhost.so ...
Processing system/lib64/libutf8_iter.dylib.so ...
Processing system/lib64/libutils.so ...
Processing system/lib64/libutilscallstack.so ...
Processing system/lib64/libuuid.dylib.so ...
Processing system/lib64/libv4l2r.dylib.so ...
Processing system/lib64/libvendorsupport.so ...
Processing system/lib64/libvfio_sys.dylib.so ...
Processing system/lib64/libvhost.dylib.so ...
Processing system/lib64/libvibrationflinger.so ...
Processing system/lib64/libvibrator.so ...
Processing system/lib64/libvibratorservice.so ...
Processing system/lib64/libvintf.so ...
Processing system/lib64/libvintf_jni.so ...
Processing system/lib64/libvip_channel.so ...
Processing system/lib64/libvirtgpu_kumquat_rutabaga.dylib.so ...
Processing system/lib64/libvirtio_media.dylib.so ...
Processing system/lib64/libvirtio_sys.dylib.so ...
Processing system/lib64/libvm_control.dylib.so ...
Processing system/lib64/libvm_control_product.dylib.so ...
Processing system/lib64/libvm_memory.dylib.so ...
Processing system/lib64/libvmm_vhost.dylib.so ...
Processing system/lib64/libvndksupport.so ...
Processing system/lib64/libvsprintf.dylib.so ...
Processing system/lib64/libvsprintf_wrapper.so ...
Processing system/lib64/libvulkan.so ...
Processing system/lib64/libweak_table.dylib.so ...
Processing system/lib64/libwebviewchromium_loader.so ...
Processing system/lib64/libwebviewchromium_plat_support.so ...
Processing system/lib64/libwfds.so ...
Processing system/lib64/libwilhelm.so ...
Processing system/lib64/libwriteable.dylib.so ...
Processing system/lib64/libxl_thunder_sdk.so ...
Processing system/lib64/libxml2.so ...
Processing system/lib64/libxml_rust.dylib.so ...
Processing system/lib64/libxqos.so ...
Processing system/lib64/libyoke.dylib.so ...
Processing system/lib64/libyuv.so ...
Processing system/lib64/libz.so ...
Processing system/lib64/libzerocopy.dylib.so ...
Processing system/lib64/libzerofrom.dylib.so ...
Processing system/lib64/libzeroize.dylib.so ...
Processing system/lib64/libzerotrie.dylib.so ...
Processing system/lib64/libzerovec.dylib.so ...
Processing system/lib64/libzip.dylib.so ...
Processing system/lib64/libziparchive.so ...
Processing system/lib64/libzlib_rs.dylib.so ...
Processing system/lib64/libzygote.dylib.so ...
Processing system/lib64/libzygote_core.dylib.so ...
Processing system/lib64/libzygote_messages.dylib.so ...
Processing system/lib64/libzygote_sys.dylib.so ...
Processing system/lib64/lights_flags_cc_lib.so ...
Processing system/lib64/logd_flags_c_lib.so ...
Processing system/lib64/mdns_aidl_interface-V1-cpp.so ...
Processing system/lib64/media_permission-aidl-cpp.so ...
Processing system/lib64/media_quality_aidl_interface-cpp.so ...
Processing system/lib64/mediametricsservice-aidl-V1-cpp.so ...
Processing system/lib64/monkey_aidl-ndk.so ...
Processing system/lib64/netd_aidl_interface-V18-cpp.so ...
Processing system/lib64/netd_event_listener_interface-V1-cpp.so ...
Processing system/lib64/oemnetd_aidl_interface-cpp.so ...
Processing system/lib64/packagemanager_aidl-cpp.so ...
Processing system/lib64/process_info_service_aidl-cpp.so ...
Processing system/lib64/pw_allocator.so ...
Processing system/lib64/server_configurable_flags.so ...
Processing system/lib64/service.incremental.so ...
Processing system/lib64/shared-file-region-aidl-cpp.so ...
Processing system/lib64/soc_flags_lib_cc.so ...
Processing system/lib64/spatializer-aidl-cpp.so ...
Processing system/lib64/vendor.qti.MemHal-V1-ndk.so ...
Processing system/lib64/vendor.qti.diaghal-V1-ndk.so ...
Processing system/lib64/vendor.qti.gnss-V8-cpp.so ...
Processing system/lib64/vendor.qti.hardware.bluetooth.audio-V1-ndk.so ...
Processing system/lib64/vendor.qti.hardware.data.connectionaidl-V1-ndk.so ...
Processing system/lib64/vendor.qti.hardware.display.composer3-V5-ndk.so ...
Processing system/lib64/vendor.qti.hardware.display.snapallocext-V1-ndk.so ...
Processing system/lib64/vendor.qti.hardware.fm-V1-ndk.so ...
Processing system/lib64/vendor.qti.hardware.hexlp-V3-ndk.so ...
Processing system/lib64/vendor.qti.hardware.perf2-V1-ndk.so ...
Processing system/lib64/vendor.qti.hardware.secureprocessor.common-V1-ndk.so ...
Processing system/lib64/vendor.qti.hardware.secureprocessor.common-helper.so ...
Processing system/lib64/vendor.qti.hardware.secureprocessor.common@1.0-helper.so ...
Processing system/lib64/vendor.qti.hardware.secureprocessor.config-V1-ndk.so ...
Processing system/lib64/vendor.qti.hardware.secureprocessor.device-V1-ndk.so ...
Processing system/lib64/vendor.qti.hardware.systemhelperaidl-V1-ndk.so ...
Processing system/lib64/vendor.qti.qvirtvendor-V1-ndk.so ...
Processing system/lib64/vendor.xiaomi.hardware.misight-V1-ndk.so ...
Processing system/lib64/vendor.xiaomi.hardware.uniperf-V1-ndk.so ...
Processing system/lib64/volumegroupcallback-aidl-cpp.so ...
Processing system/lib64/bootstrap/hwasan ...
Processing system/lib64/bootstrap/libc.so ...
Processing system/lib64/bootstrap/libclang_rt.hwasan-aarch64-android.so ...
Processing system/lib64/bootstrap/libdl.so ...
Processing system/lib64/bootstrap/libdl_android.so ...
Processing system/lib64/bootstrap/libm.so ...
Processing system/lib64/bootstrap/hwasan/libc.so ...
Processing system/lib64/drm/libfwdlockengine.so ...
Processing system/lib64/hwasan/libc.so ...
Processing system/priv-app/BackupRestoreConfirmation ...
Processing system/priv-app/BlockedNumberProvider ...
Processing system/priv-app/BuiltInPrintService ...
Processing system/priv-app/CalendarProvider ...
Processing system/priv-app/CallLogBackup ...
Processing system/priv-app/CellBroadcastServiceModulePlatform ...
Processing system/priv-app/ContactsPicker ...
Processing system/priv-app/ContactsProvider ...
Processing system/priv-app/DeviceAsWebcam ...
Processing system/priv-app/DeviceDiagnostics ...
Processing system/priv-app/DocumentsUIGoogleMiuiCn ...
Processing system/priv-app/DownloadProvider ...
Processing system/priv-app/E2eeContactKeysProvider ...
Processing system/priv-app/ExternalStorageProvider ...
Processing system/priv-app/EyeDropper ...
Processing system/priv-app/FusedLocation ...
Processing system/priv-app/HTMLViewer ...
Processing system/priv-app/InputDevices ...
Processing system/priv-app/LiveWallpapersPicker ...
Processing system/priv-app/LocalTransport ...
Processing system/priv-app/ManagedProvisioning ...
Processing system/priv-app/MmsService ...
Processing system/priv-app/MtpService ...
Processing system/priv-app/MusicFX ...
Processing system/priv-app/NetworkStack ...
Processing system/priv-app/ONS ...
Processing system/priv-app/PackageInstaller ...
Processing system/priv-app/PartnerBookmarksProvider ...
Processing system/priv-app/PrivateSpace ...
Processing system/priv-app/ProxyHandler ...
Processing system/priv-app/SettingsProvider ...
Processing system/priv-app/SharedStorageBackup ...
Processing system/priv-app/Shell ...
Processing system/priv-app/SoundPicker ...
Processing system/priv-app/Tag ...
Processing system/priv-app/TeleService ...
Processing system/priv-app/Telecom ...
Processing system/priv-app/TelecomUi ...
Processing system/priv-app/TelephonyProvider ...
Processing system/priv-app/UserDictionaryProvider ...
Processing system/priv-app/BackupRestoreConfirmation/BackupRestoreConfirmation.apk ...
Processing system/priv-app/BackupRestoreConfirmation/oat ...
Processing system/priv-app/BackupRestoreConfirmation/oat/arm64 ...
Processing system/priv-app/BlockedNumberProvider/BlockedNumberProvider.apk ...
Processing system/priv-app/BlockedNumberProvider/oat ...
Processing system/priv-app/BlockedNumberProvider/oat/arm64 ...
Processing system/priv-app/BuiltInPrintService/BuiltInPrintService.apk ...
Processing system/priv-app/BuiltInPrintService/lib ...
Processing system/priv-app/BuiltInPrintService/oat ...
Processing system/priv-app/BuiltInPrintService/lib/arm64 ...
Processing system/priv-app/BuiltInPrintService/lib/arm64/libcups.so ...
Processing system/priv-app/BuiltInPrintService/lib/arm64/libwfds.so ...
Processing system/priv-app/BuiltInPrintService/oat/arm64 ...
Processing system/priv-app/CalendarProvider/CalendarProvider.apk ...
Processing system/priv-app/CalendarProvider/oat ...
Processing system/priv-app/CalendarProvider/oat/arm64 ...
Processing system/priv-app/CallLogBackup/CallLogBackup.apk ...
Processing system/priv-app/CallLogBackup/oat ...
Processing system/priv-app/CallLogBackup/oat/arm64 ...
Processing system/priv-app/CellBroadcastServiceModulePlatform/CellBroadcastServiceModulePlatform.apk ...
Processing system/priv-app/CellBroadcastServiceModulePlatform/oat ...
Processing system/priv-app/CellBroadcastServiceModulePlatform/oat/arm64 ...
Processing system/priv-app/ContactsPicker/ContactsPicker.apk ...
Processing system/priv-app/ContactsPicker/oat ...
Processing system/priv-app/ContactsPicker/oat/arm64 ...
Processing system/priv-app/ContactsProvider/ContactsProvider.apk ...
Processing system/priv-app/ContactsProvider/oat ...
Processing system/priv-app/ContactsProvider/oat/arm64 ...
Processing system/priv-app/DeviceAsWebcam/DeviceAsWebcam.apk ...
Processing system/priv-app/DeviceAsWebcam/lib ...
Processing system/priv-app/DeviceAsWebcam/oat ...
Processing system/priv-app/DeviceAsWebcam/lib/arm64 ...
Processing system/priv-app/DeviceAsWebcam/lib/arm64/libjni_deviceAsWebcam.so ...
Processing system/priv-app/DeviceAsWebcam/oat/arm64 ...
Processing system/priv-app/DeviceDiagnostics/DeviceDiagnostics.apk ...
Processing system/priv-app/DeviceDiagnostics/oat ...
Processing system/priv-app/DeviceDiagnostics/oat/arm64 ...
Processing system/priv-app/DocumentsUIGoogleMiuiCn/DocumentsUIGoogleMiuiCn-hdpi.apk ...
Processing system/priv-app/DocumentsUIGoogleMiuiCn/DocumentsUIGoogleMiuiCn-ldpi.apk ...
Processing system/priv-app/DocumentsUIGoogleMiuiCn/DocumentsUIGoogleMiuiCn-mdpi.apk ...
Processing system/priv-app/DocumentsUIGoogleMiuiCn/DocumentsUIGoogleMiuiCn-tvdpi.apk ...
Processing system/priv-app/DocumentsUIGoogleMiuiCn/DocumentsUIGoogleMiuiCn-xhdpi.apk ...
Processing system/priv-app/DocumentsUIGoogleMiuiCn/DocumentsUIGoogleMiuiCn-xxhdpi.apk ...
Processing system/priv-app/DocumentsUIGoogleMiuiCn/DocumentsUIGoogleMiuiCn-xxxhdpi.apk ...
Processing system/priv-app/DocumentsUIGoogleMiuiCn/DocumentsUIGoogleMiuiCn.apk ...
Processing system/priv-app/DownloadProvider/DownloadProvider.apk ...
Processing system/priv-app/DownloadProvider/oat ...
Processing system/priv-app/DownloadProvider/oat/arm64 ...
Processing system/priv-app/E2eeContactKeysProvider/E2eeContactKeysProvider.apk ...
Processing system/priv-app/E2eeContactKeysProvider/oat ...
Processing system/priv-app/E2eeContactKeysProvider/oat/arm64 ...
Processing system/priv-app/ExternalStorageProvider/ExternalStorageProvider.apk ...
Processing system/priv-app/ExternalStorageProvider/oat ...
Processing system/priv-app/ExternalStorageProvider/oat/arm64 ...
Processing system/priv-app/EyeDropper/EyeDropper.apk ...
Processing system/priv-app/EyeDropper/oat ...
Processing system/priv-app/EyeDropper/oat/arm64 ...
Processing system/priv-app/FusedLocation/FusedLocation.apk ...
Processing system/priv-app/FusedLocation/oat ...
Processing system/priv-app/FusedLocation/oat/arm64 ...
Processing system/priv-app/HTMLViewer/HTMLViewer.apk ...
Processing system/priv-app/HTMLViewer/oat ...
Processing system/priv-app/HTMLViewer/oat/arm64 ...
Processing system/priv-app/InputDevices/InputDevices.apk ...
Processing system/priv-app/InputDevices/oat ...
Processing system/priv-app/InputDevices/oat/arm64 ...
Processing system/priv-app/LiveWallpapersPicker/LiveWallpapersPicker.apk ...
Processing system/priv-app/LiveWallpapersPicker/oat ...
Processing system/priv-app/LiveWallpapersPicker/oat/arm64 ...
Processing system/priv-app/LocalTransport/LocalTransport.apk ...
Processing system/priv-app/LocalTransport/oat ...
Processing system/priv-app/LocalTransport/oat/arm64 ...
Processing system/priv-app/ManagedProvisioning/ManagedProvisioning.apk ...
Processing system/priv-app/ManagedProvisioning/oat ...
Processing system/priv-app/ManagedProvisioning/oat/arm64 ...
Processing system/priv-app/MmsService/MmsService.apk ...
Processing system/priv-app/MmsService/oat ...
Processing system/priv-app/MmsService/oat/arm64 ...
Processing system/priv-app/MtpService/MtpService.apk ...
Processing system/priv-app/MtpService/oat ...
Processing system/priv-app/MtpService/oat/arm64 ...
Processing system/priv-app/MusicFX/MusicFX.apk ...
Processing system/priv-app/MusicFX/oat ...
Processing system/priv-app/MusicFX/oat/arm64 ...
Processing system/priv-app/NetworkStack/NetworkStack.apk ...
Processing system/priv-app/NetworkStack/NetworkStack.apk.prof ...
Processing system/priv-app/NetworkStack/oat ...
Processing system/priv-app/NetworkStack/oat/arm64 ...
Processing system/priv-app/ONS/ONS.apk ...
Processing system/priv-app/ONS/oat ...
Processing system/priv-app/ONS/oat/arm64 ...
Processing system/priv-app/PackageInstaller/PackageInstaller.apk ...
Processing system/priv-app/PackageInstaller/oat ...
Processing system/priv-app/PackageInstaller/oat/arm64 ...
Processing system/priv-app/PartnerBookmarksProvider/PartnerBookmarksProvider.apk ...
Processing system/priv-app/PartnerBookmarksProvider/oat ...
Processing system/priv-app/PartnerBookmarksProvider/oat/arm64 ...
Processing system/priv-app/PrivateSpace/PrivateSpace.apk ...
Processing system/priv-app/PrivateSpace/oat ...
Processing system/priv-app/PrivateSpace/oat/arm64 ...
Processing system/priv-app/ProxyHandler/ProxyHandler.apk ...
Processing system/priv-app/ProxyHandler/oat ...
Processing system/priv-app/ProxyHandler/oat/arm64 ...
Processing system/priv-app/SettingsProvider/SettingsProvider.apk ...
Processing system/priv-app/SettingsProvider/oat ...
Processing system/priv-app/SettingsProvider/oat/arm64 ...
Processing system/priv-app/SharedStorageBackup/SharedStorageBackup.apk ...
Processing system/priv-app/SharedStorageBackup/oat ...
Processing system/priv-app/SharedStorageBackup/oat/arm64 ...
Processing system/priv-app/Shell/Shell.apk ...
Processing system/priv-app/Shell/oat ...
Processing system/priv-app/Shell/oat/arm64 ...
Processing system/priv-app/SoundPicker/SoundPicker.apk ...
Processing system/priv-app/SoundPicker/oat ...
Processing system/priv-app/SoundPicker/oat/arm64 ...
Processing system/priv-app/Tag/Tag.apk ...
Processing system/priv-app/Tag/oat ...
Processing system/priv-app/Tag/oat/arm64 ...
Processing system/priv-app/TeleService/TeleService.apk ...
Processing system/priv-app/Telecom/Telecom.apk ...
Processing system/priv-app/TelecomUi/TelecomUi.apk ...
Processing system/priv-app/TelecomUi/oat ...
Processing system/priv-app/TelecomUi/oat/arm64 ...
Processing system/priv-app/TelephonyProvider/TelephonyProvider.apk ...
Processing system/priv-app/TelephonyProvider/oat ...
Processing system/priv-app/TelephonyProvider/oat/arm64 ...
Processing system/priv-app/UserDictionaryProvider/UserDictionaryProvider.apk ...
Processing system/priv-app/UserDictionaryProvider/oat ...
Processing system/priv-app/UserDictionaryProvider/oat/arm64 ...
Processing system/usr/hyphen-data ...
Processing system/usr/icu ...
Processing system/usr/idc ...
Processing system/usr/keychars ...
Processing system/usr/keylayout ...
Processing system/usr/share ...
Processing system/usr/hyphen-data/hyph-af.hyb ...
Processing system/usr/hyphen-data/hyph-af.lic.txt ...
Processing system/usr/hyphen-data/hyph-as.hyb ...
Processing system/usr/hyphen-data/hyph-as.lic.txt ...
Processing system/usr/hyphen-data/hyph-be.hyb ...
Processing system/usr/hyphen-data/hyph-be.lic.txt ...
Processing system/usr/hyphen-data/hyph-bg.hyb ...
Processing system/usr/hyphen-data/hyph-bg.lic.txt ...
Processing system/usr/hyphen-data/hyph-bn.hyb ...
Processing system/usr/hyphen-data/hyph-bn.lic.txt ...
Processing system/usr/hyphen-data/hyph-cs.hyb ...
Processing system/usr/hyphen-data/hyph-cs.lic.txt ...
Processing system/usr/hyphen-data/hyph-cu.hyb ...
Processing system/usr/hyphen-data/hyph-cu.lic.txt ...
Processing system/usr/hyphen-data/hyph-cy.hyb ...
Processing system/usr/hyphen-data/hyph-cy.lic.txt ...
Processing system/usr/hyphen-data/hyph-da.hyb ...
Processing system/usr/hyphen-data/hyph-da.lic.txt ...
Processing system/usr/hyphen-data/hyph-de-1901.hyb ...
Processing system/usr/hyphen-data/hyph-de-1901.lic.txt ...
Processing system/usr/hyphen-data/hyph-de-1996.hyb ...
Processing system/usr/hyphen-data/hyph-de-1996.lic.txt ...
Processing system/usr/hyphen-data/hyph-de-ch-1901.hyb ...
Processing system/usr/hyphen-data/hyph-de-ch-1901.lic.txt ...
Processing system/usr/hyphen-data/hyph-el.hyb ...
Processing system/usr/hyphen-data/hyph-el.lic.txt ...
Processing system/usr/hyphen-data/hyph-en-gb.hyb ...
Processing system/usr/hyphen-data/hyph-en-gb.lic.txt ...
Processing system/usr/hyphen-data/hyph-en-us.hyb ...
Processing system/usr/hyphen-data/hyph-en-us.lic.txt ...
Processing system/usr/hyphen-data/hyph-es.hyb ...
Processing system/usr/hyphen-data/hyph-es.lic.txt ...
Processing system/usr/hyphen-data/hyph-et.hyb ...
Processing system/usr/hyphen-data/hyph-et.lic.txt ...
Processing system/usr/hyphen-data/hyph-eu.hyb ...
Processing system/usr/hyphen-data/hyph-eu.lic.txt ...
Processing system/usr/hyphen-data/hyph-fr.hyb ...
Processing system/usr/hyphen-data/hyph-fr.lic.txt ...
Processing system/usr/hyphen-data/hyph-ga.hyb ...
Processing system/usr/hyphen-data/hyph-ga.lic.txt ...
Processing system/usr/hyphen-data/hyph-gl.hyb ...
Processing system/usr/hyphen-data/hyph-gl.lic.txt ...
Processing system/usr/hyphen-data/hyph-gu.hyb ...
Processing system/usr/hyphen-data/hyph-gu.lic.txt ...
Processing system/usr/hyphen-data/hyph-hi.hyb ...
Processing system/usr/hyphen-data/hyph-hi.lic.txt ...
Processing system/usr/hyphen-data/hyph-hr.hyb ...
Processing system/usr/hyphen-data/hyph-hr.lic.txt ...
Processing system/usr/hyphen-data/hyph-hu.hyb ...
Processing system/usr/hyphen-data/hyph-hu.lic.txt ...
Processing system/usr/hyphen-data/hyph-hy.hyb ...
Processing system/usr/hyphen-data/hyph-hy.lic.txt ...
Processing system/usr/hyphen-data/hyph-it.hyb ...
Processing system/usr/hyphen-data/hyph-it.lic.txt ...
Processing system/usr/hyphen-data/hyph-ka.hyb ...
Processing system/usr/hyphen-data/hyph-ka.lic.txt ...
Processing system/usr/hyphen-data/hyph-kn.hyb ...
Processing system/usr/hyphen-data/hyph-kn.lic.txt ...
Processing system/usr/hyphen-data/hyph-la.hyb ...
Processing system/usr/hyphen-data/hyph-la.lic.txt ...
Processing system/usr/hyphen-data/hyph-lt.hyb ...
Processing system/usr/hyphen-data/hyph-lt.lic.txt ...
Processing system/usr/hyphen-data/hyph-lv.hyb ...
Processing system/usr/hyphen-data/hyph-lv.lic.txt ...
Processing system/usr/hyphen-data/hyph-ml.hyb ...
Processing system/usr/hyphen-data/hyph-ml.lic.txt ...
Processing system/usr/hyphen-data/hyph-mn-cyrl.hyb ...
Processing system/usr/hyphen-data/hyph-mn-cyrl.lic.txt ...
Processing system/usr/hyphen-data/hyph-mr.hyb ...
Processing system/usr/hyphen-data/hyph-mr.lic.txt ...
Processing system/usr/hyphen-data/hyph-mul-ethi.hyb ...
Processing system/usr/hyphen-data/hyph-mul-ethi.lic.txt ...
Processing system/usr/hyphen-data/hyph-nb.hyb ...
Processing system/usr/hyphen-data/hyph-nb.lic.txt ...
Processing system/usr/hyphen-data/hyph-nl.hyb ...
Processing system/usr/hyphen-data/hyph-nl.lic.txt ...
Processing system/usr/hyphen-data/hyph-nn.hyb ...
Processing system/usr/hyphen-data/hyph-nn.lic.txt ...
Processing system/usr/hyphen-data/hyph-or.hyb ...
Processing system/usr/hyphen-data/hyph-or.lic.txt ...
Processing system/usr/hyphen-data/hyph-pa.hyb ...
Processing system/usr/hyphen-data/hyph-pa.lic.txt ...
Processing system/usr/hyphen-data/hyph-pl.hyb ...
Processing system/usr/hyphen-data/hyph-pl.lic.txt ...
Processing system/usr/hyphen-data/hyph-pt.hyb ...
Processing system/usr/hyphen-data/hyph-pt.lic.txt ...
Processing system/usr/hyphen-data/hyph-ru.hyb ...
Processing system/usr/hyphen-data/hyph-ru.lic.txt ...
Processing system/usr/hyphen-data/hyph-sk.hyb ...
Processing system/usr/hyphen-data/hyph-sk.lic.txt ...
Processing system/usr/hyphen-data/hyph-sl.hyb ...
Processing system/usr/hyphen-data/hyph-sl.lic.txt ...
Processing system/usr/hyphen-data/hyph-sq.hyb ...
Processing system/usr/hyphen-data/hyph-sq.lic.txt ...
Processing system/usr/hyphen-data/hyph-sv.hyb ...
Processing system/usr/hyphen-data/hyph-sv.lic.txt ...
Processing system/usr/hyphen-data/hyph-ta.hyb ...
Processing system/usr/hyphen-data/hyph-ta.lic.txt ...
Processing system/usr/hyphen-data/hyph-te.hyb ...
Processing system/usr/hyphen-data/hyph-te.lic.txt ...
Processing system/usr/hyphen-data/hyph-tk.hyb ...
Processing system/usr/hyphen-data/hyph-tk.lic.txt ...
Processing system/usr/hyphen-data/hyph-uk.hyb ...
Processing system/usr/hyphen-data/hyph-uk.lic.txt ...
Processing system/usr/hyphen-data/hyph-und-ethi.hyb ...
Processing system/usr/hyphen-data/hyph-und-ethi.lic.txt ...
Processing system/usr/idc/AVRCP.idc ...
Processing system/usr/idc/GoogleTV-Remote.idc ...
Processing system/usr/idc/Vendor_004c_Product_0265.idc ...
Processing system/usr/idc/Vendor_03f6_Product_a001.idc ...
Processing system/usr/idc/Vendor_046d_Product_4011.idc ...
Processing system/usr/idc/Vendor_046d_Product_4101.idc ...
Processing system/usr/idc/Vendor_046d_Product_4102.idc ...
Processing system/usr/idc/Vendor_046d_Product_b00c.idc ...
Processing system/usr/idc/Vendor_054c_Product_05c4.idc ...
Processing system/usr/idc/Vendor_054c_Product_09cc.idc ...
Processing system/usr/idc/Vendor_054c_Product_0ce6.idc ...
Processing system/usr/idc/Vendor_054c_Product_0df2.idc ...
Processing system/usr/idc/Vendor_05ac_Product_0265.idc ...
Processing system/usr/idc/Vendor_05ac_Product_030e.idc ...
Processing system/usr/idc/Vendor_0957_Product_0001.idc ...
Processing system/usr/idc/Vendor_0957_Product_0006.idc ...
Processing system/usr/idc/Vendor_0957_Product_0031.idc ...
Processing system/usr/idc/Vendor_0957_Product_0033.idc ...
Processing system/usr/idc/Vendor_0957_Product_0034.idc ...
Processing system/usr/idc/Vendor_0957_Product_004c.idc ...
Processing system/usr/idc/Vendor_18d1_Product_4f60.idc ...
Processing system/usr/idc/Vendor_18d1_Product_9451.idc ...
Processing system/usr/idc/uinput-fortsense.idc ...
Processing system/usr/idc/uinput-fpc.idc ...
Processing system/usr/idc/uinput-goodix.idc ...
Processing system/usr/idc/uinput-jiiov.idc ...
Processing system/usr/idc/uinput-silead.idc ...
Processing system/usr/keychars/Generic.kcm ...
Processing system/usr/keychars/Vendor_18d1_Product_0200.kcm ...
Processing system/usr/keychars/Vendor_18d1_Product_5018.kcm ...
Processing system/usr/keychars/Virtual.kcm ...
Processing system/usr/keylayout/AVRCP.kl ...
Processing system/usr/keylayout/Generic.kl ...
Processing system/usr/keylayout/Vendor_0079_Product_0011.kl ...
Processing system/usr/keylayout/Vendor_0079_Product_18d4.kl ...
Processing system/usr/keylayout/Vendor_0171_Product_0419.kl ...
Processing system/usr/keylayout/Vendor_0428_Product_4001.kl ...
Processing system/usr/keylayout/Vendor_044f_Product_b326.kl ...
Processing system/usr/keylayout/Vendor_045e_Product_028e.kl ...
Processing system/usr/keylayout/Vendor_045e_Product_028f.kl ...
Processing system/usr/keylayout/Vendor_045e_Product_02a1.kl ...
Processing system/usr/keylayout/Vendor_045e_Product_02d1.kl ...
Processing system/usr/keylayout/Vendor_045e_Product_02dd.kl ...
Processing system/usr/keylayout/Vendor_045e_Product_02e0.kl ...
Processing system/usr/keylayout/Vendor_045e_Product_02e3.kl ...
Processing system/usr/keylayout/Vendor_045e_Product_02ea.kl ...
Processing system/usr/keylayout/Vendor_045e_Product_02fd.kl ...
Processing system/usr/keylayout/Vendor_045e_Product_0b00.kl ...
Processing system/usr/keylayout/Vendor_045e_Product_0b12.kl ...
Processing system/usr/keylayout/Vendor_046d_Product_b501.kl ...
Processing system/usr/keylayout/Vendor_046d_Product_c216.kl ...
Processing system/usr/keylayout/Vendor_046d_Product_c219.kl ...
Processing system/usr/keylayout/Vendor_046d_Product_c21d.kl ...
Processing system/usr/keylayout/Vendor_046d_Product_c21e.kl ...
Processing system/usr/keylayout/Vendor_046d_Product_c21f.kl ...
Processing system/usr/keylayout/Vendor_046d_Product_c242.kl ...
Processing system/usr/keylayout/Vendor_046d_Product_c294.kl ...
Processing system/usr/keylayout/Vendor_046d_Product_c299.kl ...
Processing system/usr/keylayout/Vendor_046d_Product_c532.kl ...
Processing system/usr/keylayout/Vendor_054c_Product_0268.kl ...
Processing system/usr/keylayout/Vendor_054c_Product_0268_Version_8000.kl ...
Processing system/usr/keylayout/Vendor_054c_Product_0268_Version_8100.kl ...
Processing system/usr/keylayout/Vendor_054c_Product_0268_Version_8111.kl ...
Processing system/usr/keylayout/Vendor_054c_Product_05c4.kl ...
Processing system/usr/keylayout/Vendor_054c_Product_05c4_Version_8000.kl ...
Processing system/usr/keylayout/Vendor_054c_Product_05c4_Version_8100.kl ...
Processing system/usr/keylayout/Vendor_054c_Product_05c4_Version_8111.kl ...
Processing system/usr/keylayout/Vendor_054c_Product_09cc.kl ...
Processing system/usr/keylayout/Vendor_054c_Product_09cc_Version_8000.kl ...
Processing system/usr/keylayout/Vendor_054c_Product_09cc_Version_8100.kl ...
Processing system/usr/keylayout/Vendor_054c_Product_09cc_Version_8111.kl ...
Processing system/usr/keylayout/Vendor_054c_Product_0ba0.kl ...
Processing system/usr/keylayout/Vendor_054c_Product_0ba0_Version_8111.kl ...
Processing system/usr/keylayout/Vendor_054c_Product_0ce6.kl ...
Processing system/usr/keylayout/Vendor_054c_Product_0ce6_fallback.kl ...
Processing system/usr/keylayout/Vendor_054c_Product_0df2.kl ...
Processing system/usr/keylayout/Vendor_054c_Product_0df2_fallback.kl ...
Processing system/usr/keylayout/Vendor_056e_Product_2004.kl ...
Processing system/usr/keylayout/Vendor_056e_Product_2010.kl ...
Processing system/usr/keylayout/Vendor_056e_Product_2013.kl ...
Processing system/usr/keylayout/Vendor_057e_Product_2009.kl ...
Processing system/usr/keylayout/Vendor_0583_Product_2060.kl ...
Processing system/usr/keylayout/Vendor_05ac_Product_0239.kl ...
Processing system/usr/keylayout/Vendor_06a3_Product_f51a.kl ...
Processing system/usr/keylayout/Vendor_0738_Product_4716.kl ...
Processing system/usr/keylayout/Vendor_0738_Product_4718.kl ...
Processing system/usr/keylayout/Vendor_0738_Product_4726.kl ...
Processing system/usr/keylayout/Vendor_0738_Product_4736.kl ...
Processing system/usr/keylayout/Vendor_0738_Product_4740.kl ...
Processing system/usr/keylayout/Vendor_0738_Product_9871.kl ...
Processing system/usr/keylayout/Vendor_0738_Product_b726.kl ...
Processing system/usr/keylayout/Vendor_0738_Product_beef.kl ...
Processing system/usr/keylayout/Vendor_0738_Product_cb02.kl ...
Processing system/usr/keylayout/Vendor_0738_Product_cb03.kl ...
Processing system/usr/keylayout/Vendor_0738_Product_cb29.kl ...
Processing system/usr/keylayout/Vendor_0738_Product_f738.kl ...
Processing system/usr/keylayout/Vendor_07ff_Product_ffff.kl ...
Processing system/usr/keylayout/Vendor_0957_Product_0001.kl ...
Processing system/usr/keylayout/Vendor_0957_Product_0031.kl ...
Processing system/usr/keylayout/Vendor_0b05_Product_4500.kl ...
Processing system/usr/keylayout/Vendor_0e6f_Product_0113.kl ...
Processing system/usr/keylayout/Vendor_0e6f_Product_011f.kl ...
Processing system/usr/keylayout/Vendor_0e6f_Product_0131.kl ...
Processing system/usr/keylayout/Vendor_0e6f_Product_0133.kl ...
Processing system/usr/keylayout/Vendor_0e6f_Product_0139.kl ...
Processing system/usr/keylayout/Vendor_0e6f_Product_013a.kl ...
Processing system/usr/keylayout/Vendor_0e6f_Product_0146.kl ...
Processing system/usr/keylayout/Vendor_0e6f_Product_0147.kl ...
Processing system/usr/keylayout/Vendor_0e6f_Product_0161.kl ...
Processing system/usr/keylayout/Vendor_0e6f_Product_0162.kl ...
Processing system/usr/keylayout/Vendor_0e6f_Product_0163.kl ...
Processing system/usr/keylayout/Vendor_0e6f_Product_0164.kl ...
Processing system/usr/keylayout/Vendor_0e6f_Product_0165.kl ...
Processing system/usr/keylayout/Vendor_0e6f_Product_0201.kl ...
Processing system/usr/keylayout/Vendor_0e6f_Product_0213.kl ...
Processing system/usr/keylayout/Vendor_0e6f_Product_021f.kl ...
Processing system/usr/keylayout/Vendor_0e6f_Product_0246.kl ...
Processing system/usr/keylayout/Vendor_0e6f_Product_02a4.kl ...
Processing system/usr/keylayout/Vendor_0e6f_Product_02a6.kl ...
Processing system/usr/keylayout/Vendor_0e6f_Product_02ab.kl ...
Processing system/usr/keylayout/Vendor_0e6f_Product_0301.kl ...
Processing system/usr/keylayout/Vendor_0e6f_Product_0346.kl ...
Processing system/usr/keylayout/Vendor_0e6f_Product_0401.kl ...
Processing system/usr/keylayout/Vendor_0e6f_Product_0413.kl ...
Processing system/usr/keylayout/Vendor_0e6f_Product_0501.kl ...
Processing system/usr/keylayout/Vendor_0e6f_Product_f501.kl ...
Processing system/usr/keylayout/Vendor_0e6f_Product_f900.kl ...
Processing system/usr/keylayout/Vendor_0f0d_Product_000a.kl ...
Processing system/usr/keylayout/Vendor_0f0d_Product_000c.kl ...
Processing system/usr/keylayout/Vendor_0f0d_Product_0067.kl ...
Processing system/usr/keylayout/Vendor_0f0d_Product_00c1.kl ...
Processing system/usr/keylayout/Vendor_1038_Product_1412.kl ...
Processing system/usr/keylayout/Vendor_1038_Product_1430.kl ...
Processing system/usr/keylayout/Vendor_1038_Product_1431.kl ...
Processing system/usr/keylayout/Vendor_1038_Product_1434.kl ...
Processing system/usr/keylayout/Vendor_10f5_Product_7034.kl ...
Processing system/usr/keylayout/Vendor_11c9_Product_55f0.kl ...
Processing system/usr/keylayout/Vendor_12ab_Product_0301.kl ...
Processing system/usr/keylayout/Vendor_12bd_Product_d015.kl ...
Processing system/usr/keylayout/Vendor_1430_Product_4748.kl ...
Processing system/usr/keylayout/Vendor_1430_Product_f801.kl ...
Processing system/usr/keylayout/Vendor_146b_Product_0601.kl ...
Processing system/usr/keylayout/Vendor_1532_Product_0037.kl ...
Processing system/usr/keylayout/Vendor_1532_Product_0705.kl ...
Processing system/usr/keylayout/Vendor_1532_Product_0707.kl ...
Processing system/usr/keylayout/Vendor_1532_Product_0709.kl ...
Processing system/usr/keylayout/Vendor_1532_Product_0900.kl ...
Processing system/usr/keylayout/Vendor_1532_Product_0a03.kl ...
Processing system/usr/keylayout/Vendor_1532_Product_0a29.kl ...
Processing system/usr/keylayout/Vendor_1532_Product_1004.kl ...
Processing system/usr/keylayout/Vendor_1532_Product_1007.kl ...
Processing system/usr/keylayout/Vendor_1532_Product_1009.kl ...
Processing system/usr/keylayout/Vendor_1532_Product_100a.kl ...
Processing system/usr/keylayout/Vendor_15e4_Product_3f00.kl ...
Processing system/usr/keylayout/Vendor_15e4_Product_3f0a.kl ...
Processing system/usr/keylayout/Vendor_15e4_Product_3f10.kl ...
Processing system/usr/keylayout/Vendor_162e_Product_beef.kl ...
Processing system/usr/keylayout/Vendor_1689_Product_fd00.kl ...
Processing system/usr/keylayout/Vendor_1689_Product_fd01.kl ...
Processing system/usr/keylayout/Vendor_1689_Product_fe00.kl ...
Processing system/usr/keylayout/Vendor_18d1_Product_0200.kl ...
Processing system/usr/keylayout/Vendor_18d1_Product_2c40.kl ...
Processing system/usr/keylayout/Vendor_18d1_Product_4f80.kl ...
Processing system/usr/keylayout/Vendor_18d1_Product_5018.kl ...
Processing system/usr/keylayout/Vendor_18d1_Product_9451.kl ...
Processing system/usr/keylayout/Vendor_1949_Product_0401.kl ...
Processing system/usr/keylayout/Vendor_1949_Product_041a.kl ...
Processing system/usr/keylayout/Vendor_1bad_Product_0002.kl ...
Processing system/usr/keylayout/Vendor_1bad_Product_f016.kl ...
Processing system/usr/keylayout/Vendor_1bad_Product_f021.kl ...
Processing system/usr/keylayout/Vendor_1bad_Product_f023.kl ...
Processing system/usr/keylayout/Vendor_1bad_Product_f025.kl ...
Processing system/usr/keylayout/Vendor_1bad_Product_f027.kl ...
Processing system/usr/keylayout/Vendor_1bad_Product_f028.kl ...
Processing system/usr/keylayout/Vendor_1bad_Product_f036.kl ...
Processing system/usr/keylayout/Vendor_1bad_Product_f038.kl ...
Processing system/usr/keylayout/Vendor_1bad_Product_f501.kl ...
Processing system/usr/keylayout/Vendor_1bad_Product_f506.kl ...
Processing system/usr/keylayout/Vendor_1bad_Product_f900.kl ...
Processing system/usr/keylayout/Vendor_1bad_Product_f901.kl ...
Processing system/usr/keylayout/Vendor_1bad_Product_f903.kl ...
Processing system/usr/keylayout/Vendor_1bad_Product_f904.kl ...
Processing system/usr/keylayout/Vendor_1bad_Product_fa01.kl ...
Processing system/usr/keylayout/Vendor_1bad_Product_fd00.kl ...
Processing system/usr/keylayout/Vendor_1bad_Product_fd01.kl ...
Processing system/usr/keylayout/Vendor_1d79_Product_0009.kl ...
Processing system/usr/keylayout/Vendor_20d6_Product_2059.kl ...
Processing system/usr/keylayout/Vendor_22b8_Product_093d.kl ...
Processing system/usr/keylayout/Vendor_2378_Product_1008.kl ...
Processing system/usr/keylayout/Vendor_2378_Product_100a.kl ...
Processing system/usr/keylayout/Vendor_24c6_Product_5300.kl ...
Processing system/usr/keylayout/Vendor_24c6_Product_5303.kl ...
Processing system/usr/keylayout/Vendor_24c6_Product_530a.kl ...
Processing system/usr/keylayout/Vendor_24c6_Product_531a.kl ...
Processing system/usr/keylayout/Vendor_24c6_Product_5397.kl ...
Processing system/usr/keylayout/Vendor_24c6_Product_541a.kl ...
Processing system/usr/keylayout/Vendor_24c6_Product_542a.kl ...
Processing system/usr/keylayout/Vendor_24c6_Product_543a.kl ...
Processing system/usr/keylayout/Vendor_24c6_Product_5500.kl ...
Processing system/usr/keylayout/Vendor_24c6_Product_5501.kl ...
Processing system/usr/keylayout/Vendor_24c6_Product_5506.kl ...
Processing system/usr/keylayout/Vendor_24c6_Product_550d.kl ...
Processing system/usr/keylayout/Vendor_24c6_Product_551a.kl ...
Processing system/usr/keylayout/Vendor_24c6_Product_561a.kl ...
Processing system/usr/keylayout/Vendor_24c6_Product_5b02.kl ...
Processing system/usr/keylayout/Vendor_24c6_Product_5d04.kl ...
Processing system/usr/keylayout/Vendor_24c6_Product_fafe.kl ...
Processing system/usr/keylayout/Vendor_27f8_Product_0bbe.kl ...
Processing system/usr/keylayout/Vendor_27f8_Product_0bbf.kl ...
Processing system/usr/keylayout/Vendor_28de_Product_1102.kl ...
Processing system/usr/keylayout/Vendor_2dc8_Product_6101.kl ...
Processing system/usr/keylayout/Vendor_2e95_Product_7725.kl ...
Processing system/usr/keylayout/Vendor_3537_Product_1010.kl ...
Processing system/usr/keylayout/gpio-keys.kl ...
Processing system/usr/keylayout/idroid_con.kl ...
Processing system/usr/keylayout/uinput-fortsense.kl ...
Processing system/usr/keylayout/uinput-fpc.kl ...
Processing system/usr/keylayout/uinput-goodix.kl ...
Processing system/usr/keylayout/uinput-jiiov.kl ...
Processing system/usr/keylayout/uinput-silead.kl ...
Processing system/usr/share/bmd ...
Processing system/usr/share/zoneinfo ...
Processing system/usr/share/bmd/RFFspeed_501.bmd ...
Processing system/usr/share/bmd/RFFstd_501.bmd ...
Processing system/usr/share/zoneinfo/tz_version ...
Processing system/usr/share/zoneinfo/tzdata ...
Processing system/xbin/overlay_remounter ...
Processing system_ext/apex ...
Processing system_ext/app ...
Processing system_ext/bin ...
Processing system_ext/etc ...
Processing system_ext/framework ...
Processing system_ext/lib ...
Processing system_ext/lib64 ...
Processing system_ext/priv-app ...
Processing system_ext/usr ...
Processing system_ext/xbin ...
Processing system_ext/apex/com.android.compos.apex ...
Processing system_ext/apex/com.android.hardware.biometrics.fingerprint.virtual.apex ...
Processing system_ext/app/AccessibilityMenu ...
Processing system_ext/app/AutoUIExtension ...
Processing system_ext/app/CameraMind ...
Processing system_ext/app/DeviceInfo ...
Processing system_ext/app/ImsDataChannelService ...
Processing system_ext/app/MiSightService ...
Processing system_ext/app/MiuiAudioMonitor ...
Processing system_ext/app/MiuiPrintSpooler ...
Processing system_ext/app/MiuiWMShellResources-install ...
Processing system_ext/app/ModemTestBox ...
Processing system_ext/app/NtnSatApp ...
Processing system_ext/app/PowerKeeper ...
Processing system_ext/app/PowerOffAlarm ...
Processing system_ext/app/PowerSaveMode ...
Processing system_ext/app/QCC ...
Processing system_ext/app/QColor ...
Processing system_ext/app/VsimCore ...
Processing system_ext/app/WigigTetheringRRO ...
Processing system_ext/app/colorservice ...
Processing system_ext/app/digitalkey ...
Processing system_ext/app/imssettings ...
Processing system_ext/app/miuisystem ...
Processing system_ext/app/miuix ...
Processing system_ext/app/uceShimService ...
Processing system_ext/app/workloadclassifier ...
Processing system_ext/app/AccessibilityMenu/AccessibilityMenu.apk ...
Processing system_ext/app/AccessibilityMenu/oat ...
Processing system_ext/app/AccessibilityMenu/oat/arm64 ...
Processing system_ext/app/AutoUIExtension/AutoUIExtension.apk ...
Processing system_ext/app/CameraMind/CameraMind.apk ...
Processing system_ext/app/CameraMind/lib ...
Processing system_ext/app/CameraMind/oat ...
Processing system_ext/app/CameraMind/lib/arm64 ...
Processing system_ext/app/CameraMind/lib/arm64/libcameramind.so ...
Processing system_ext/app/CameraMind/lib/arm64/libpmsjni.so ...
Processing system_ext/app/CameraMind/oat/arm64 ...
Processing system_ext/app/DeviceInfo/DeviceInfo.apk ...
Processing system_ext/app/DeviceInfo/oat ...
Processing system_ext/app/DeviceInfo/oat/arm64 ...
Processing system_ext/app/ImsDataChannelService/ImsDataChannelService.apk ...
Processing system_ext/app/ImsDataChannelService/oat ...
Processing system_ext/app/ImsDataChannelService/oat/arm64 ...
Processing system_ext/app/MiSightService/MiSightService.apk ...
Processing system_ext/app/MiSightService/oat ...
Processing system_ext/app/MiSightService/oat/arm64 ...
Processing system_ext/app/MiuiAudioMonitor/MiuiAudioMonitor.apk ...
Processing system_ext/app/MiuiAudioMonitor/lib ...
Processing system_ext/app/MiuiAudioMonitor/lib/arm64 ...
Processing system_ext/app/MiuiAudioMonitor/lib/arm64/libCastSdk-jni.so ...
Processing system_ext/app/MiuiPrintSpooler/MiuiPrintSpooler.apk ...
Processing system_ext/app/MiuiPrintSpooler/lib ...
Processing system_ext/app/MiuiPrintSpooler/oat ...
Processing system_ext/app/MiuiPrintSpooler/lib/arm64 ...
Processing system_ext/app/MiuiPrintSpooler/lib/arm64/libprintspooler_jni_miui.so ...
Processing system_ext/app/MiuiPrintSpooler/oat/arm64 ...
Processing system_ext/app/MiuiWMShellResources-install/MiuiWMShellResources-install.apk ...
Processing system_ext/app/ModemTestBox/ModemTestBox.apk ...
Processing system_ext/app/ModemTestBox/oat ...
Processing system_ext/app/ModemTestBox/oat/arm64 ...
Processing system_ext/app/NtnSatApp/NtnSatApp.apk ...
Processing system_ext/app/NtnSatApp/oat ...
Processing system_ext/app/NtnSatApp/oat/arm64 ...
Processing system_ext/app/PowerKeeper/PowerKeeper.apk ...
Processing system_ext/app/PowerKeeper/oat ...
Processing system_ext/app/PowerKeeper/oat/arm64 ...
Processing system_ext/app/PowerOffAlarm/PowerOffAlarm.apk ...
Processing system_ext/app/PowerOffAlarm/oat ...
Processing system_ext/app/PowerOffAlarm/oat/arm64 ...
Processing system_ext/app/PowerSaveMode/PowerSaveMode.apk ...
Processing system_ext/app/PowerSaveMode/oat ...
Processing system_ext/app/PowerSaveMode/oat/arm64 ...
Processing system_ext/app/QCC/QCC.apk ...
Processing system_ext/app/QCC/oat ...
Processing system_ext/app/QCC/oat/arm64 ...
Processing system_ext/app/QColor/QColor.apk ...
Processing system_ext/app/QColor/oat ...
Processing system_ext/app/QColor/oat/arm64 ...
Processing system_ext/app/VsimCore/VsimCore.apk ...
Processing system_ext/app/VsimCore/oat ...
Processing system_ext/app/VsimCore/oat/arm64 ...
Processing system_ext/app/WigigTetheringRRO/WigigTetheringRRO.apk ...
Processing system_ext/app/colorservice/colorservice.apk ...
Processing system_ext/app/digitalkey/digitalkey.apk ...
Processing system_ext/app/digitalkey/oat ...
Processing system_ext/app/digitalkey/oat/arm64 ...
Processing system_ext/app/imssettings/imssettings.apk ...
Processing system_ext/app/imssettings/oat ...
Processing system_ext/app/imssettings/oat/arm64 ...
Processing system_ext/app/miuisystem/miuisystem.apk ...
Processing system_ext/app/miuisystem/oat ...
Processing system_ext/app/miuisystem/oat/arm64 ...
Processing system_ext/app/miuix/miuix.apk ...
Processing system_ext/app/uceShimService/oat ...
Processing system_ext/app/uceShimService/uceShimService.apk ...
Processing system_ext/app/uceShimService/oat/arm64 ...
Processing system_ext/app/workloadclassifier/oat ...
Processing system_ext/app/workloadclassifier/workloadclassifier.apk ...
Processing system_ext/app/workloadclassifier/oat/arm64 ...
Processing system_ext/bin/DfcNativeService ...
Processing system_ext/bin/FboNativeService ...
Processing system_ext/bin/MemHalTest-system ...
Processing system_ext/bin/NativeHangService ...
Processing system_ext/bin/SwapNativeService ...
Processing system_ext/bin/aptxalsOverlayCreateProject.sh ...
Processing system_ext/bin/audioshell_system ...
Processing system_ext/bin/bootlog.sh ...
Processing system_ext/bin/checknv ...
Processing system_ext/bin/conn_info ...
Processing system_ext/bin/conn_info_d ...
Processing system_ext/bin/coverVibrationTest ...
Processing system_ext/bin/diag_callback_sample_system ...
Processing system_ext/bin/diag_dci_sample_system ...
Processing system_ext/bin/diag_mdlog_system ...
Processing system_ext/bin/dpmd ...
Processing system_ext/bin/frameworks_utils_service.sh ...
Processing system_ext/bin/fsck.ntfs ...
Processing system_ext/bin/gppservice ...
Processing system_ext/bin/hw ...
Processing system_ext/bin/hwservicemanager ...
Processing system_ext/bin/hyos_spawner ...
Processing system_ext/bin/hyper_bpfloader ...
Processing system_ext/bin/hypsys_system ...
Processing system_ext/bin/imsvtdaemon ...
Processing system_ext/bin/init.dumpaudiobinderInfo.sh ...
Processing system_ext/bin/init.rootpub.sh ...
Processing system_ext/bin/init.rotatekey.sh ...
Processing system_ext/bin/init.socid.sh ...
Processing system_ext/bin/init.stabilitysetup.sh ...
Processing system_ext/bin/inject_mgr ...
Processing system_ext/bin/iorapd ...
Processing system_ext/bin/iperf3_quic ...
Processing system_ext/bin/loc_sys_service ...
Processing system_ext/bin/logcatkernel.sh ...
Processing system_ext/bin/logcatlog.sh ...
Processing system_ext/bin/mcd ...
Processing system_ext/bin/micd ...
Processing system_ext/bin/midfs ...
Processing system_ext/bin/millet_monitor ...
Processing system_ext/bin/misight ...
Processing system_ext/bin/miuitcptracker ...
Processing system_ext/bin/miupdater ...
Processing system_ext/bin/miuserfsd ...
Processing system_ext/bin/mkfs.ntfs ...
Processing system_ext/bin/mount.ntfs ...
Processing system_ext/bin/mtdoopslog.sh ...
Processing system_ext/bin/mv_files.sh ...
Processing system_ext/bin/nvt_72335_extic_test ...
Processing system_ext/bin/nvt_72335_rx_test ...
Processing system_ext/bin/nvt_72336_extic_test ...
Processing system_ext/bin/perfobserve ...
Processing system_ext/bin/perfservice ...
Processing system_ext/bin/po_helper.sh ...
Processing system_ext/bin/poweroff_charger_log.sh ...
Processing system_ext/bin/qccsyshal@1.2-service ...
Processing system_ext/bin/qccsyshal_aidl-service ...
Processing system_ext/bin/qcrosvm ...
Processing system_ext/bin/qperf ...
Processing system_ext/bin/qseelogd ...
Processing system_ext/bin/qsguard ...
Processing system_ext/bin/qspmsvc ...
Processing system_ext/bin/qxrsplitauxservice ...
Processing system_ext/bin/sigma_miracasthalservice ...
Processing system_ext/bin/sigma_miracasthalservice64 ...
Processing system_ext/bin/sigma_miracasthalservice_aidl ...
Processing system_ext/bin/smbd ...
Processing system_ext/bin/smbpasswd ...
Processing system_ext/bin/test_diag_system ...
Processing system_ext/bin/wfdservice ...
Processing system_ext/bin/wfdservice64 ...
Processing system_ext/bin/hw/android.hidl.allocator@1.0-service ...
Processing system_ext/etc/NOTICE.xml.gz ...
Processing system_ext/etc/aconfig ...
Processing system_ext/etc/aconfig_flags.pb ...
Processing system_ext/etc/audio_app_registry.xml ...
Processing system_ext/etc/barrage_v3.tflite ...
Processing system_ext/etc/best_model_green_area_Both.onnx ...
Processing system_ext/etc/boost_anim ...
Processing system_ext/etc/bpf ...
Processing system_ext/etc/build.prop ...
Processing system_ext/etc/build_flags.json ...
Processing system_ext/etc/camdfx_config.json ...
Processing system_ext/etc/camdfx_spec_config.json ...
Processing system_ext/etc/cameracustomize.json ...
Processing system_ext/etc/cameraopt.json ...
Processing system_ext/etc/cameraopt_perf.json ...
Processing system_ext/etc/cameraopt_reclaim.json ...
Processing system_ext/etc/cameraopt_thirdParty.json ...
Processing system_ext/etc/camerascene.json ...
Processing system_ext/etc/ce-regions-old.xml ...
Processing system_ext/etc/ce-regions.xml ...
Processing system_ext/etc/cloud_control ...
Processing system_ext/etc/compatconfig ...
Processing system_ext/etc/csd_model.tflite ...
Processing system_ext/etc/cust ...
Processing system_ext/etc/cust_prop_white_keys_list ...
Processing system_ext/etc/default-permissions ...
Processing system_ext/etc/dpm ...
Processing system_ext/etc/forcedarkconfig ...
Processing system_ext/etc/fs_config_dirs ...
Processing system_ext/etc/fs_config_files ...
Processing system_ext/etc/fstab.other ...
Processing system_ext/etc/g_camdfx_error_code_config.json ...
Processing system_ext/etc/gpp_app_list ...
Processing system_ext/etc/group ...
Processing system_ext/etc/hdr_config ...
Processing system_ext/etc/hyper_font_fallback.xml ...
Processing system_ext/etc/hyper_fonts.xml ...
Processing system_ext/etc/hypersys ...
Processing system_ext/etc/init ...
Processing system_ext/etc/init.offline.log.rc ...
Processing system_ext/etc/init.secureboot.rc ...
Processing system_ext/etc/input ...
Processing system_ext/etc/layerTree.html ...
Processing system_ext/etc/mcd_default.conf ...
Processing system_ext/etc/misight ...
Processing system_ext/etc/miui_dynamic_log_configs.xml ...
Processing system_ext/etc/miui_font_fallback.xml ...
Processing system_ext/etc/miui_fonts.xml ...
Processing system_ext/etc/model_ap_0805.onnx ...
Processing system_ext/etc/model_modem_0805.onnx ...
Processing system_ext/etc/model_xgboost_sna_acc993_f1996.onnx ...
Processing system_ext/etc/modem ...
Processing system_ext/etc/multisence_common.xml ...
Processing system_ext/etc/nbi ...
Processing system_ext/etc/overscrolleroptimization ...
Processing system_ext/etc/passwd ...
Processing system_ext/etc/perf ...
Processing system_ext/etc/perf_dump.json ...
Processing system_ext/etc/perf_pkgconfig.xml ...
Processing system_ext/etc/perf_scene.xml ...
Processing system_ext/etc/perfinit.conf ...
Processing system_ext/etc/perfinit_bdsize_zram.conf ...
Processing system_ext/etc/perfobserve ...
Processing system_ext/etc/permissions ...
Processing system_ext/etc/pmsfwk_ssi.json ...
Processing system_ext/etc/public.libraries-hyperos.txt ...
Processing system_ext/etc/public.libraries-modem.txt ...
Processing system_ext/etc/public.libraries-qti.txt ...
Processing system_ext/etc/public.libraries-xiaomi.txt ...
Processing system_ext/etc/qspa ...
Processing system_ext/etc/schedboost_config.xml ...
Processing system_ext/etc/seccomp_policy ...
Processing system_ext/etc/security ...
Processing system_ext/etc/selinux ...
Processing system_ext/etc/ssru_config.xml ...
Processing system_ext/etc/sysconfig ...
Processing system_ext/etc/task_profiles_cameraopt.json ...
Processing system_ext/etc/thirdapp_opt_list.xml ...
Processing system_ext/etc/touch ...
Processing system_ext/etc/view_scale ...
Processing system_ext/etc/vintf ...
Processing system_ext/etc/weak_signal_v2.onnx ...
Processing system_ext/etc/weak_signal_v3.onnx ...
Processing system_ext/etc/wfdconfigsink.xml ...
Processing system_ext/etc/wmshell.protolog.pb ...
Processing system_ext/etc/aconfig/flag.info ...
Processing system_ext/etc/aconfig/flag.map ...
Processing system_ext/etc/aconfig/flag.val ...
Processing system_ext/etc/aconfig/package.map ...
Processing system_ext/etc/boost_anim/second_page_anim_speed_up_config.json ...
Processing system_ext/etc/bpf/miui ...
Processing system_ext/etc/bpf/miui/MiuiMmStat.o ...
Processing system_ext/etc/bpf/miui/MiuiMmTrace.o ...
Processing system_ext/etc/cloud_control/cloud_control_preset.json ...
Processing system_ext/etc/compatconfig/settings-platform-compat-config.xml ...
Processing system_ext/etc/cust/cn ...
Processing system_ext/etc/cust/cn_chinamobile ...
Processing system_ext/etc/cust/cn_chinamobile-cta ...
Processing system_ext/etc/cust/cn_chinatelecom ...
Processing system_ext/etc/cust/cn_chinaunicom ...
Processing system_ext/etc/cust/cn_cta ...
Processing system_ext/etc/cust/cn/cust.prop ...
Processing system_ext/etc/cust/cn_chinamobile/cust.prop ...
Processing system_ext/etc/cust/cn_chinamobile-cta/cust.prop ...
Processing system_ext/etc/cust/cn_chinatelecom/cust.prop ...
Processing system_ext/etc/cust/cn_chinaunicom/cust.prop ...
Processing system_ext/etc/cust/cn_cta/cust.prop ...
Processing system_ext/etc/default-permissions/default-permission-xpan.xml ...
Processing system_ext/etc/dpm/dpm.conf ...
Processing system_ext/etc/forcedarkconfig/ForceDarkAppConfigVersion.json ...
Processing system_ext/etc/forcedarkconfig/ForceDarkAppRemoveSetting.json ...
Processing system_ext/etc/forcedarkconfig/ForceDarkAppSettings.json ...
Processing system_ext/etc/forcedarkconfig/OWNERS ...
Processing system_ext/etc/forcedarkconfig/air.tv.douyu.android.json ...
Processing system_ext/etc/forcedarkconfig/android.json ...
Processing system_ext/etc/forcedarkconfig/cmb.pb.json ...
Processing system_ext/etc/forcedarkconfig/cn.TuHu.android.json ...
Processing system_ext/etc/forcedarkconfig/cn.etouch.ecalendar.json ...
Processing system_ext/etc/forcedarkconfig/cn.wps.moffice_eng.json ...
Processing system_ext/etc/forcedarkconfig/cn.xiaochuankeji.tieba.json ...
Processing system_ext/etc/forcedarkconfig/cn.xuexi.android.json ...
Processing system_ext/etc/forcedarkconfig/com.UCMobile.json ...
Processing system_ext/etc/forcedarkconfig/com.alibaba.android.rimet.json ...
Processing system_ext/etc/forcedarkconfig/com.alibaba.wireless.json ...
Processing system_ext/etc/forcedarkconfig/com.android.vending.json ...
Processing system_ext/etc/forcedarkconfig/com.anjuke.android.app.json ...
Processing system_ext/etc/forcedarkconfig/com.autonavi.minimap.json ...
Processing system_ext/etc/forcedarkconfig/com.baidu.homework.json ...
Processing system_ext/etc/forcedarkconfig/com.baidu.netdisk.json ...
Processing system_ext/etc/forcedarkconfig/com.baidu.searchbox.json ...
Processing system_ext/etc/forcedarkconfig/com.baidu.tieba.json ...
Processing system_ext/etc/forcedarkconfig/com.bankcomm.Bankcomm.json ...
Processing system_ext/etc/forcedarkconfig/com.bankcomm.maidanba.json ...
Processing system_ext/etc/forcedarkconfig/com.cainiao.wireless.json ...
Processing system_ext/etc/forcedarkconfig/com.campmobile.snowcamera.json ...
Processing system_ext/etc/forcedarkconfig/com.chaoxing.mobile.json ...
Processing system_ext/etc/forcedarkconfig/com.chinamworld.bocmbci.json ...
Processing system_ext/etc/forcedarkconfig/com.chinamworld.main.json ...
Processing system_ext/etc/forcedarkconfig/com.citiccard.mobilebank.json ...
Processing system_ext/etc/forcedarkconfig/com.cleanmaster.mguard_cn.json ...
Processing system_ext/etc/forcedarkconfig/com.cmbchina.ccd.pluto.cmbActivity.json ...
Processing system_ext/etc/forcedarkconfig/com.ct.client.json ...
Processing system_ext/etc/forcedarkconfig/com.cubic.autohome.json ...
Processing system_ext/etc/forcedarkconfig/com.dianping.v1.json ...
Processing system_ext/etc/forcedarkconfig/com.didapinche.booking.json ...
Processing system_ext/etc/forcedarkconfig/com.fenbi.android.solar.json ...
Processing system_ext/etc/forcedarkconfig/com.glodon.drawingexplorer.json ...
Processing system_ext/etc/forcedarkconfig/com.gorgeous.lite.json ...
Processing system_ext/etc/forcedarkconfig/com.gotokeep.keep.json ...
Processing system_ext/etc/forcedarkconfig/com.handsgo.jiakao.android.json ...
Processing system_ext/etc/forcedarkconfig/com.homelink.android.json ...
Processing system_ext/etc/forcedarkconfig/com.hpbr.bosszhipin.json ...
Processing system_ext/etc/forcedarkconfig/com.hunantv.imgo.activity.json ...
Processing system_ext/etc/forcedarkconfig/com.jd.jdlite.json ...
Processing system_ext/etc/forcedarkconfig/com.jifen.qukan.json ...
Processing system_ext/etc/forcedarkconfig/com.jingdong.app.mall.json ...
Processing system_ext/etc/forcedarkconfig/com.jingyao.easybike.json ...
Processing system_ext/etc/forcedarkconfig/com.jiongji.andriod.card.json ...
Processing system_ext/etc/forcedarkconfig/com.job.android.json ...
Processing system_ext/etc/forcedarkconfig/com.jsmcc.json ...
Processing system_ext/etc/forcedarkconfig/com.jzzs.ParentsHelper.json ...
Processing system_ext/etc/forcedarkconfig/com.kuaiduizuoye.scan.json ...
Processing system_ext/etc/forcedarkconfig/com.kugou.android.json ...
Processing system_ext/etc/forcedarkconfig/com.le123.ysdq.json ...
Processing system_ext/etc/forcedarkconfig/com.lechuan.mdwz.json ...
Processing system_ext/etc/forcedarkconfig/com.lemon.faceu.json ...
Processing system_ext/etc/forcedarkconfig/com.lianjia.beike.json ...
Processing system_ext/etc/forcedarkconfig/com.lingan.seeyou.json ...
Processing system_ext/etc/forcedarkconfig/com.meitu.meiyancamera.json ...
Processing system_ext/etc/forcedarkconfig/com.microsoft.office.word.json ...
Processing system_ext/etc/forcedarkconfig/com.moji.mjweather.json ...
Processing system_ext/etc/forcedarkconfig/com.mt.mtxx.mtxx.json ...
Processing system_ext/etc/forcedarkconfig/com.mxtech.videoplayer.ad.json ...
Processing system_ext/etc/forcedarkconfig/com.netease.cloudmusic.json ...
Processing system_ext/etc/forcedarkconfig/com.p1.mobile.putong.json ...
Processing system_ext/etc/forcedarkconfig/com.pingan.carowner.json ...
Processing system_ext/etc/forcedarkconfig/com.pingan.lifeinsurance.json ...
Processing system_ext/etc/forcedarkconfig/com.qiyi.video.json ...
Processing system_ext/etc/forcedarkconfig/com.qiyi.video.lite.json ...
Processing system_ext/etc/forcedarkconfig/com.quark.browser.json ...
Processing system_ext/etc/forcedarkconfig/com.sankuai.meituan.json ...
Processing system_ext/etc/forcedarkconfig/com.sankuai.meituan.takeoutnew.json ...
Processing system_ext/etc/forcedarkconfig/com.sgcc.wsgw.cn.json ...
Processing system_ext/etc/forcedarkconfig/com.sina.weibo.json ...
Processing system_ext/etc/forcedarkconfig/com.snda.wifilocating.json ...
Processing system_ext/etc/forcedarkconfig/com.ss.android.article.video.json ...
Processing system_ext/etc/forcedarkconfig/com.ss.android.ugc.live.json ...
Processing system_ext/etc/forcedarkconfig/com.suning.mobile.ebuy.json ...
Processing system_ext/etc/forcedarkconfig/com.sup.android.superb.json ...
Processing system_ext/etc/forcedarkconfig/com.taobao.etao.json ...
Processing system_ext/etc/forcedarkconfig/com.taobao.live.json ...
Processing system_ext/etc/forcedarkconfig/com.taobao.taobao.json ...
Processing system_ext/etc/forcedarkconfig/com.taou.maimai.json ...
Processing system_ext/etc/forcedarkconfig/com.tencent.androidqqmail.json ...
Processing system_ext/etc/forcedarkconfig/com.tencent.gamehelper.smoba.json ...
Processing system_ext/etc/forcedarkconfig/com.tencent.karaoke.json ...
Processing system_ext/etc/forcedarkconfig/com.tencent.mm.json ...
Processing system_ext/etc/forcedarkconfig/com.tencent.mobileqq.json ...
Processing system_ext/etc/forcedarkconfig/com.tencent.mtt.json ...
Processing system_ext/etc/forcedarkconfig/com.tencent.qqlive.json ...
Processing system_ext/etc/forcedarkconfig/com.tencent.qqmusic.json ...
Processing system_ext/etc/forcedarkconfig/com.tencent.qqpim.json ...
Processing system_ext/etc/forcedarkconfig/com.tencent.qqpimsecure.json ...
Processing system_ext/etc/forcedarkconfig/com.tencent.qt.qtl.json ...
Processing system_ext/etc/forcedarkconfig/com.tencent.token.json ...
Processing system_ext/etc/forcedarkconfig/com.tencent.weishi.json ...
Processing system_ext/etc/forcedarkconfig/com.tencent.wemeet.app.json ...
Processing system_ext/etc/forcedarkconfig/com.tencent.wework.json ...
Processing system_ext/etc/forcedarkconfig/com.tencent.zebra.json ...
Processing system_ext/etc/forcedarkconfig/com.tianyancha.skyeye.json ...
Processing system_ext/etc/forcedarkconfig/com.tmri.app.main.json ...
Processing system_ext/etc/forcedarkconfig/com.unionpay.json ...
Processing system_ext/etc/forcedarkconfig/com.wuba.json ...
Processing system_ext/etc/forcedarkconfig/com.wuba.zhuanzhuan.json ...
Processing system_ext/etc/forcedarkconfig/com.wudaokou.hippo.json ...
Processing system_ext/etc/forcedarkconfig/com.xiaomi.market.json ...
Processing system_ext/etc/forcedarkconfig/com.xiaomi.vipaccount.json ...
Processing system_ext/etc/forcedarkconfig/com.xingin.xhs.json ...
Processing system_ext/etc/forcedarkconfig/com.xt.retouch.json ...
Processing system_ext/etc/forcedarkconfig/com.xuexiaoyi.xxy.json ...
Processing system_ext/etc/forcedarkconfig/com.xunmeng.pinduoduo.json ...
Processing system_ext/etc/forcedarkconfig/com.ygkj.chelaile.standard.json ...
Processing system_ext/etc/forcedarkconfig/com.yipiao.json ...
Processing system_ext/etc/forcedarkconfig/com.zhaopin.social.json ...
Processing system_ext/etc/forcedarkconfig/com.zhihu.android.json ...
Processing system_ext/etc/forcedarkconfig/me.ele.json ...
Processing system_ext/etc/forcedarkconfig/tv.pps.mobile.json ...
Processing system_ext/etc/hdr_config/ans_off ...
Processing system_ext/etc/hdr_config/ans_on ...
Processing system_ext/etc/hdr_config/main_inv_ls ...
Processing system_ext/etc/hdr_config/main_inv_pt ...
Processing system_ext/etc/hdr_config/main_ls ...
Processing system_ext/etc/hdr_config/main_pt ...
Processing system_ext/etc/hdr_config/none_inv_ls ...
Processing system_ext/etc/hdr_config/none_inv_pt ...
Processing system_ext/etc/hdr_config/none_ls ...
Processing system_ext/etc/hdr_config/none_pt ...
Processing system_ext/etc/hdr_config/selfie_inv_ls ...
Processing system_ext/etc/hdr_config/selfie_inv_pt ...
Processing system_ext/etc/hdr_config/selfie_ls ...
Processing system_ext/etc/hdr_config/selfie_pt ...
Processing system_ext/etc/hdr_config/wnr_off ...
Processing system_ext/etc/hdr_config/wnr_on ...
Processing system_ext/etc/hdr_config/ans_off/ans_config.txt ...
Processing system_ext/etc/hdr_config/ans_on/ans_config.txt ...
Processing system_ext/etc/hdr_config/main_inv_ls/RPP_BiquadHPF_config.txt ...
Processing system_ext/etc/hdr_config/main_inv_ls/RPP_EQLeftTop_config.txt ...
Processing system_ext/etc/hdr_config/main_inv_ls/RPP_EQRightBottom_config.txt ...
Processing system_ext/etc/hdr_config/main_inv_ls/RPP_HDR.txt ...
Processing system_ext/etc/hdr_config/main_inv_ls/RPP_InputAGC_config.txt ...
Processing system_ext/etc/hdr_config/main_inv_ls/RPP_InputCompressor_config.txt ...
Processing system_ext/etc/hdr_config/main_inv_ls/RPP_Limiter_config.txt ...
Processing system_ext/etc/hdr_config/main_inv_ls/RPP_OutputCompressor_config.txt ...
Processing system_ext/etc/hdr_config/main_inv_pt/RPP_BiquadHPF_config.txt ...
Processing system_ext/etc/hdr_config/main_inv_pt/RPP_EQLeftTop_config.txt ...
Processing system_ext/etc/hdr_config/main_inv_pt/RPP_EQRightBottom_config.txt ...
Processing system_ext/etc/hdr_config/main_inv_pt/RPP_HDR.txt ...
Processing system_ext/etc/hdr_config/main_inv_pt/RPP_InputAGC_config.txt ...
Processing system_ext/etc/hdr_config/main_inv_pt/RPP_InputCompressor_config.txt ...
Processing system_ext/etc/hdr_config/main_inv_pt/RPP_Limiter_config.txt ...
Processing system_ext/etc/hdr_config/main_inv_pt/RPP_OutputCompressor_config.txt ...
Processing system_ext/etc/hdr_config/main_ls/RPP_BiquadHPF_config.txt ...
Processing system_ext/etc/hdr_config/main_ls/RPP_EQLeftTop_config.txt ...
Processing system_ext/etc/hdr_config/main_ls/RPP_EQRightBottom_config.txt ...
Processing system_ext/etc/hdr_config/main_ls/RPP_HDR.txt ...
Processing system_ext/etc/hdr_config/main_ls/RPP_InputAGC_config.txt ...
Processing system_ext/etc/hdr_config/main_ls/RPP_InputCompressor_config.txt ...
Processing system_ext/etc/hdr_config/main_ls/RPP_Limiter_config.txt ...
Processing system_ext/etc/hdr_config/main_ls/RPP_OutputCompressor_config.txt ...
Processing system_ext/etc/hdr_config/main_pt/RPP_BiquadHPF_config.txt ...
Processing system_ext/etc/hdr_config/main_pt/RPP_EQLeftTop_config.txt ...
Processing system_ext/etc/hdr_config/main_pt/RPP_EQRightBottom_config.txt ...
Processing system_ext/etc/hdr_config/main_pt/RPP_HDR.txt ...
Processing system_ext/etc/hdr_config/main_pt/RPP_InputAGC_config.txt ...
Processing system_ext/etc/hdr_config/main_pt/RPP_InputCompressor_config.txt ...
Processing system_ext/etc/hdr_config/main_pt/RPP_Limiter_config.txt ...
Processing system_ext/etc/hdr_config/main_pt/RPP_OutputCompressor_config.txt ...
Processing system_ext/etc/hdr_config/none_inv_ls/RPP_BiquadHPF_config.txt ...
Processing system_ext/etc/hdr_config/none_inv_ls/RPP_EQLeftTop_config.txt ...
Processing system_ext/etc/hdr_config/none_inv_ls/RPP_EQRightBottom_config.txt ...
Processing system_ext/etc/hdr_config/none_inv_ls/RPP_HDR.txt ...
Processing system_ext/etc/hdr_config/none_inv_ls/RPP_InputAGC_config.txt ...
Processing system_ext/etc/hdr_config/none_inv_ls/RPP_InputCompressor_config.txt ...
Processing system_ext/etc/hdr_config/none_inv_ls/RPP_Limiter_config.txt ...
Processing system_ext/etc/hdr_config/none_inv_ls/RPP_OutputCompressor_config.txt ...
Processing system_ext/etc/hdr_config/none_inv_pt/RPP_BiquadHPF_config.txt ...
Processing system_ext/etc/hdr_config/none_inv_pt/RPP_EQLeftTop_config.txt ...
Processing system_ext/etc/hdr_config/none_inv_pt/RPP_EQRightBottom_config.txt ...
Processing system_ext/etc/hdr_config/none_inv_pt/RPP_HDR.txt ...
Processing system_ext/etc/hdr_config/none_inv_pt/RPP_InputAGC_config.txt ...
Processing system_ext/etc/hdr_config/none_inv_pt/RPP_InputCompressor_config.txt ...
Processing system_ext/etc/hdr_config/none_inv_pt/RPP_Limiter_config.txt ...
Processing system_ext/etc/hdr_config/none_inv_pt/RPP_OutputCompressor_config.txt ...
Processing system_ext/etc/hdr_config/none_ls/RPP_BiquadHPF_config.txt ...
Processing system_ext/etc/hdr_config/none_ls/RPP_EQLeftTop_config.txt ...
Processing system_ext/etc/hdr_config/none_ls/RPP_EQRightBottom_config.txt ...
Processing system_ext/etc/hdr_config/none_ls/RPP_HDR.txt ...
Processing system_ext/etc/hdr_config/none_ls/RPP_InputAGC_config.txt ...
Processing system_ext/etc/hdr_config/none_ls/RPP_InputCompressor_config.txt ...
Processing system_ext/etc/hdr_config/none_ls/RPP_Limiter_config.txt ...
Processing system_ext/etc/hdr_config/none_ls/RPP_OutputCompressor_config.txt ...
Processing system_ext/etc/hdr_config/none_pt/RPP_BiquadHPF_config.txt ...
Processing system_ext/etc/hdr_config/none_pt/RPP_EQLeftTop_config.txt ...
Processing system_ext/etc/hdr_config/none_pt/RPP_EQRightBottom_config.txt ...
Processing system_ext/etc/hdr_config/none_pt/RPP_HDR.txt ...
Processing system_ext/etc/hdr_config/none_pt/RPP_InputAGC_config.txt ...
Processing system_ext/etc/hdr_config/none_pt/RPP_InputCompressor_config.txt ...
Processing system_ext/etc/hdr_config/none_pt/RPP_Limiter_config.txt ...
Processing system_ext/etc/hdr_config/none_pt/RPP_OutputCompressor_config.txt ...
Processing system_ext/etc/hdr_config/selfie_inv_ls/RPP_BiquadHPF_config.txt ...
Processing system_ext/etc/hdr_config/selfie_inv_ls/RPP_EQLeftTop_config.txt ...
Processing system_ext/etc/hdr_config/selfie_inv_ls/RPP_EQRightBottom_config.txt ...
Processing system_ext/etc/hdr_config/selfie_inv_ls/RPP_HDR.txt ...
Processing system_ext/etc/hdr_config/selfie_inv_ls/RPP_InputAGC_config.txt ...
Processing system_ext/etc/hdr_config/selfie_inv_ls/RPP_InputCompressor_config.txt ...
Processing system_ext/etc/hdr_config/selfie_inv_ls/RPP_Limiter_config.txt ...
Processing system_ext/etc/hdr_config/selfie_inv_ls/RPP_OutputCompressor_config.txt ...
Processing system_ext/etc/hdr_config/selfie_inv_pt/RPP_BiquadHPF_config.txt ...
Processing system_ext/etc/hdr_config/selfie_inv_pt/RPP_EQLeftTop_config.txt ...
Processing system_ext/etc/hdr_config/selfie_inv_pt/RPP_EQRightBottom_config.txt ...
Processing system_ext/etc/hdr_config/selfie_inv_pt/RPP_HDR.txt ...
Processing system_ext/etc/hdr_config/selfie_inv_pt/RPP_InputAGC_config.txt ...
Processing system_ext/etc/hdr_config/selfie_inv_pt/RPP_InputCompressor_config.txt ...
Processing system_ext/etc/hdr_config/selfie_inv_pt/RPP_Limiter_config.txt ...
Processing system_ext/etc/hdr_config/selfie_inv_pt/RPP_OutputCompressor_config.txt ...
Processing system_ext/etc/hdr_config/selfie_ls/RPP_BiquadHPF_config.txt ...
Processing system_ext/etc/hdr_config/selfie_ls/RPP_EQLeftTop_config.txt ...
Processing system_ext/etc/hdr_config/selfie_ls/RPP_EQRightBottom_config.txt ...
Processing system_ext/etc/hdr_config/selfie_ls/RPP_HDR.txt ...
Processing system_ext/etc/hdr_config/selfie_ls/RPP_InputAGC_config.txt ...
Processing system_ext/etc/hdr_config/selfie_ls/RPP_InputCompressor_config.txt ...
Processing system_ext/etc/hdr_config/selfie_ls/RPP_Limiter_config.txt ...
Processing system_ext/etc/hdr_config/selfie_ls/RPP_OutputCompressor_config.txt ...
Processing system_ext/etc/hdr_config/selfie_pt/RPP_BiquadHPF_config.txt ...
Processing system_ext/etc/hdr_config/selfie_pt/RPP_EQLeftTop_config.txt ...
Processing system_ext/etc/hdr_config/selfie_pt/RPP_EQRightBottom_config.txt ...
Processing system_ext/etc/hdr_config/selfie_pt/RPP_HDR.txt ...
Processing system_ext/etc/hdr_config/selfie_pt/RPP_InputAGC_config.txt ...
Processing system_ext/etc/hdr_config/selfie_pt/RPP_InputCompressor_config.txt ...
Processing system_ext/etc/hdr_config/selfie_pt/RPP_Limiter_config.txt ...
Processing system_ext/etc/hdr_config/selfie_pt/RPP_OutputCompressor_config.txt ...
Processing system_ext/etc/hdr_config/wnr_off/wnr_config.txt ...
Processing system_ext/etc/hdr_config/wnr_off/wnr_params.txt ...
Processing system_ext/etc/hdr_config/wnr_on/wnr_config.txt ...
Processing system_ext/etc/hdr_config/wnr_on/wnr_params.txt ...
Processing system_ext/etc/hypersys/log_config.json ...
Processing system_ext/etc/init/android.hidl.allocator@1.0-service.rc ...
Processing system_ext/etc/init/bpf_service.rc ...
Processing system_ext/etc/init/checknv.rc ...
Processing system_ext/etc/init/com.qualcomm.qti.sigma_miracast@1.0-service.rc ...
Processing system_ext/etc/init/com.qualcomm.qti.sigma_miracast_aidl-service.rc ...
Processing system_ext/etc/init/com.xiaomi.perfobserve.rc ...
Processing system_ext/etc/init/config ...
Processing system_ext/etc/init/dpmd.rc ...
Processing system_ext/etc/init/f2fs.dfc.native@1.0-service.rc ...
Processing system_ext/etc/init/frameworks_utils_service.rc ...
Processing system_ext/etc/init/gppservice.rc ...
Processing system_ext/etc/init/hwservicemanager.rc ...
Processing system_ext/etc/init/hyper_bpfloader.rc ...
Processing system_ext/etc/init/hypsys_system.rc ...
Processing system_ext/etc/init/imsvtdaemon.rc ...
Processing system_ext/etc/init/init.dmadio.rc ...
Processing system_ext/etc/init/init.hyos_spawner.rc ...
Processing system_ext/etc/init/init.launch_boost.rc ...
Processing system_ext/etc/init/init.midfs.rc ...
Processing system_ext/etc/init/init.milletmonitor.rc ...
Processing system_ext/etc/init/init.misight.rc ...
Processing system_ext/etc/init/init.miui.cameraopt.rc ...
Processing system_ext/etc/init/init.miui.cust.rc ...
Processing system_ext/etc/init/init.miui.dumpaudiobinderInfo.rc ...
Processing system_ext/etc/init/init.miui.ext.rc ...
Processing system_ext/etc/init/init.miuitcptracker.rc ...
Processing system_ext/etc/init/init.nativedebug.rc ...
Processing system_ext/etc/init/init.offline.log.rc ...
Processing system_ext/etc/init/init.qseelogd.rc ...
Processing system_ext/etc/init/init.secureboot.rc ...
Processing system_ext/etc/init/init.xiaomi.cammsger.rc ...
Processing system_ext/etc/init/loc_sys_service.rc ...
Processing system_ext/etc/init/memory.fbo.native@1.0-service.rc ...
Processing system_ext/etc/init/memory.swap.native@1.0-service.rc ...
Processing system_ext/etc/init/mi-32bit-trans.rc ...
Processing system_ext/etc/init/miuibooster.rc ...
Processing system_ext/etc/init/miupdater.rc ...
Processing system_ext/etc/init/miuserfs.rc ...
Processing system_ext/etc/init/native.hang@1.0-service.rc ...
Processing system_ext/etc/init/perfservice.rc ...
Processing system_ext/etc/init/qsguard.rc ...
Processing system_ext/etc/init/qspa_system.rc ...
Processing system_ext/etc/init/qspmsvc.rc ...
Processing system_ext/etc/init/samba.rc ...
Processing system_ext/etc/init/sxrauxd_ext.rc ...
Processing system_ext/etc/init/vendor.qti.hardware.qccsyshal@1.2-service.rc ...
Processing system_ext/etc/init/vendor.qti.qccsyshal_aidl-service.rc ...
Processing system_ext/etc/init/wfdservice.rc ...
Processing system_ext/etc/init/config/skip_mount.cfg ...
Processing system_ext/etc/input/MIUIInput.kl ...
Processing system_ext/etc/input/OWNERS ...
Processing system_ext/etc/input/handwriting_app_config.json ...
Processing system_ext/etc/input/keyboards ...
Processing system_ext/etc/input/miui_shortcut_config.json ...
Processing system_ext/etc/input/stylus_page_key_bw_config.json ...
Processing system_ext/etc/input/stylus_palm_reject_config.json ...
Processing system_ext/etc/input/keyboards/Vendor_15d9_Product_00a1.conf ...
Processing system_ext/etc/input/keyboards/Vendor_bf01_Product_0040.conf ...
Processing system_ext/etc/misight/bsp_log_config.json ...
Processing system_ext/etc/misight/compatible ...
Processing system_ext/etc/misight/event.zip ...
Processing system_ext/etc/misight/event_quota.xml ...
Processing system_ext/etc/misight/event_upload.xml ...
Processing system_ext/etc/misight/hpl_fault.xml ...
Processing system_ext/etc/misight/ot_event.zip ...
Processing system_ext/etc/misight/plugin_config ...
Processing system_ext/etc/misight/plugin_config_global ...
Processing system_ext/etc/misight/privacy.xml ...
Processing system_ext/etc/modem/game_2.0_0825.tflite ...
Processing system_ext/etc/modem/signal.tflite ...
Processing system_ext/etc/nbi/navigation_bar_immersive_rules_list.json ...
Processing system_ext/etc/overscrolleroptimization/OWNERS ...
Processing system_ext/etc/overscrolleroptimization/config.json ...
Processing system_ext/etc/perf/scaler_params.pb ...
Processing system_ext/etc/perf/wlc_model.tflite ...
Processing system_ext/etc/perfobserve/default.config ...
Processing system_ext/etc/perfobserve/default.pbtx ...
Processing system_ext/etc/perfobserve/default_lowend.pbtx ...
Processing system_ext/etc/permissions/CellBroadcastAppPlatform.xml ...
Processing system_ext/etc/permissions/android.hardware.telephony.gsm.xml ...
Processing system_ext/etc/permissions/android.hardware.telephony.ims.xml ...
Processing system_ext/etc/permissions/android.software.credentials.xml ...
Processing system_ext/etc/permissions/android.software.verified_boot.xml ...
Processing system_ext/etc/permissions/androidx.window.extensions.xml ...
Processing system_ext/etc/permissions/androidx.window.sidecar.xml ...
Processing system_ext/etc/permissions/audiosphere.xml ...
Processing system_ext/etc/permissions/com.android.carrierconfig.xml ...
Processing system_ext/etc/permissions/com.android.emergency.xml ...
Processing system_ext/etc/permissions/com.android.provision.xml ...
Processing system_ext/etc/permissions/com.android.settings.xml ...
Processing system_ext/etc/permissions/com.android.settingslib.search.xml ...
Processing system_ext/etc/permissions/com.android.storagemanager.xml ...
Processing system_ext/etc/permissions/com.android.systemui.libpag.xml ...
Processing system_ext/etc/permissions/com.android.systemui.xml ...
Processing system_ext/etc/permissions/com.miui.wm.shell.xml ...
Processing system_ext/etc/permissions/com.nxp.nfc.nq.xml ...
Processing system_ext/etc/permissions/com.nxp.nfc.xml ...
Processing system_ext/etc/permissions/com.qti.dpmframework.xml ...
Processing system_ext/etc/permissions/com.qti.location.sdk.xml ...
Processing system_ext/etc/permissions/com.qti.media.secureprocessor.xml ...
Processing system_ext/etc/permissions/com.qti.qcc.vendor_qcc.xml ...
Processing system_ext/etc/permissions/com.qualcomm.location.xml ...
Processing system_ext/etc/permissions/com.qualcomm.qmapbridge.xml ...
Processing system_ext/etc/permissions/com.qualcomm.qti.VENDORSSGTZD.xml ...
Processing system_ext/etc/permissions/com.qualcomm.qti.imscmservice-V2.0-java.xml ...
Processing system_ext/etc/permissions/com.qualcomm.qti.imscmservice-V2.1-java.xml ...
Processing system_ext/etc/permissions/com.qualcomm.qti.imscmservice-V2.2-java.xml ...
Processing system_ext/etc/permissions/com.qualcomm.qti.izattools.xml ...
Processing system_ext/etc/permissions/com.st.android.nfc_extensions.xml ...
Processing system_ext/etc/permissions/com.st.android.nfc_extensions_16.xml ...
Processing system_ext/etc/permissions/com.xiaomi.NetworkBoost.xml ...
Processing system_ext/etc/permissions/com.xiaomi.hardware.camera.companion.xml ...
Processing system_ext/etc/permissions/com.xiaomi.hypercomm.xml ...
Processing system_ext/etc/permissions/com.xiaomi.nfc.xml ...
Processing system_ext/etc/permissions/com.xiaomi.phone.xml ...
Processing system_ext/etc/permissions/com.xiaomi.pms.common-V1-java-permission.xml ...
Processing system_ext/etc/permissions/com.xiaomi.pms.deferredcameraservice-V1-java-permission.xml ...
Processing system_ext/etc/permissions/com.xiaomi.pms.videoplayprocservice-V1-java-permission.xml ...
Processing system_ext/etc/permissions/com.xiaomi.slalib.xml ...
Processing system_ext/etc/permissions/com.xiaomi.uniperf.UniperfClient.xml ...
Processing system_ext/etc/permissions/datachannellib.xml ...
Processing system_ext/etc/permissions/dpmapi.xml ...
Processing system_ext/etc/permissions/embms-noship_product_privapp_permissions_qti.xml ...
Processing system_ext/etc/permissions/extphonelib.xml ...
Processing system_ext/etc/permissions/miui-cameraopt.xml ...
Processing system_ext/etc/permissions/package-shareduid-allowlist-miui-system-ext.xml ...
Processing system_ext/etc/permissions/platform-miui.xml ...
Processing system_ext/etc/permissions/privapp-permission-xpan.xml ...
Processing system_ext/etc/permissions/privapp-permissions-aptxui.xml ...
Processing system_ext/etc/permissions/privapp-permissions-com.qualcomm.location.xml ...
Processing system_ext/etc/permissions/privapp-permissions-com.xiaomi.polaris.xml ...
Processing system_ext/etc/permissions/privapp-permissions-gms-cn-system-ext.xml ...
Processing system_ext/etc/permissions/privapp-permissions-miui-system-ext.xml ...
Processing system_ext/etc/permissions/privapp-permissions-qti-system-ext.xml ...
Processing system_ext/etc/permissions/qcrilhook.xml ...
Processing system_ext/etc/permissions/qti_libpermissions.xml ...
Processing system_ext/etc/permissions/qti_permissions.xml ...
Processing system_ext/etc/permissions/qti_telephony_hidl_wrapper.xml ...
Processing system_ext/etc/permissions/qti_telephony_utils.xml ...
Processing system_ext/etc/permissions/system-ext-permissions-xiaomi.xml ...
Processing system_ext/etc/permissions/telephony_system-ext_privapp-permissions-qti.xml ...
Processing system_ext/etc/permissions/vendor.qti.hardware.c2pa-V1-java.xml ...
Processing system_ext/etc/permissions/vendor.qti.ims.rcsservice.xml ...
Processing system_ext/etc/permissions/vendor.qti.imsdatachannel.xml ...
Processing system_ext/etc/permissions/vendor.qti.imsdcservice.xml ...
Processing system_ext/etc/permissions/vendor.xiaomi.hardware.aidl.intentaware-V1-java-permission.xml ...
Processing system_ext/etc/permissions/vendor.xiaomi.hardware.aidlbgservice-V1.0-java-permission.xml ...
Processing system_ext/etc/permissions/vendor.xiaomi.hardware.misys-V1.0-java-permission.xml ...
Processing system_ext/etc/permissions/vendor.xiaomi.hardware.misys-V2.0-java-permission.xml ...
Processing system_ext/etc/permissions/vendor.xiaomi.hardware.misys-V4.0-java-permission.xml ...
Processing system_ext/etc/permissions/vendor.xiaomi.hardware.misys.V3_0-permission.xml ...
Processing system_ext/etc/permissions/vendor.xiaomi.hardware.postprocservice-V1-java-permission.xml ...
Processing system_ext/etc/permissions/vendor.xiaomi.hardware.videoservice-V9-java-permission.xml ...
Processing system_ext/etc/permissions/wfd-system-ext-privapp-permissions-qti.xml ...
Processing system_ext/etc/permissions/xiaomi.system.hypsys.common-V2-java-permission.xml ...
Processing system_ext/etc/qspa/qspa_default.rc ...
Processing system_ext/etc/seccomp_policy/gppservice.policy ...
Processing system_ext/etc/seccomp_policy/imsvtdaemon.policy ...
Processing system_ext/etc/seccomp_policy/perfservice.policy ...
Processing system_ext/etc/seccomp_policy/qcrosvm.policy ...
Processing system_ext/etc/seccomp_policy/sxraux-arm.policy ...
Processing system_ext/etc/seccomp_policy/wfdservice.policy ...
Processing system_ext/etc/seccomp_policy/wfdservice64.policy ...
Processing system_ext/etc/security/fsverity ...
Processing system_ext/etc/security/fsverity/BuildManifestSystemExt.apk ...
Processing system_ext/etc/security/fsverity/BuildManifestSystemExt.apk.idsig ...
Processing system_ext/etc/selinux/bug_map ...
Processing system_ext/etc/selinux/mapping ...
Processing system_ext/etc/selinux/system_ext_file_contexts ...
Processing system_ext/etc/selinux/system_ext_hwservice_contexts ...
Processing system_ext/etc/selinux/system_ext_keystore2_key_contexts ...
Processing system_ext/etc/selinux/system_ext_mac_permissions.xml ...
Processing system_ext/etc/selinux/system_ext_property_contexts ...
Processing system_ext/etc/selinux/system_ext_seapp_contexts ...
Processing system_ext/etc/selinux/system_ext_sepolicy.cil ...
Processing system_ext/etc/selinux/system_ext_sepolicy_and_mapping.sha256 ...
Processing system_ext/etc/selinux/system_ext_service_contexts ...
Processing system_ext/etc/selinux/system_ext_tee_service_contexts ...
Processing system_ext/etc/selinux/userdebug_plat_sepolicy.cil ...
Processing system_ext/etc/selinux/mapping/202404.cil ...
Processing system_ext/etc/selinux/mapping/202404.compat.cil ...
Processing system_ext/etc/selinux/mapping/202504.cil ...
Processing system_ext/etc/selinux/mapping/202504.compat.cil ...
Processing system_ext/etc/selinux/mapping/202604.cil ...
Processing system_ext/etc/selinux/mapping/31.0.cil ...
Processing system_ext/etc/selinux/mapping/31.0.compat.cil ...
Processing system_ext/etc/selinux/mapping/32.0.cil ...
Processing system_ext/etc/selinux/mapping/32.0.compat.cil ...
Processing system_ext/etc/selinux/mapping/33.0.cil ...
Processing system_ext/etc/selinux/mapping/33.0.compat.cil ...
Processing system_ext/etc/selinux/mapping/34.0.cil ...
Processing system_ext/etc/selinux/mapping/34.0.compat.cil ...
Processing system_ext/etc/sysconfig/CellBroadcastAppPlatform_preinstall_allowlist.xml ...
Processing system_ext/etc/sysconfig/android.software.freeform_window_management.xml ...
Processing system_ext/etc/sysconfig/android.telephony.satellite.xml ...
Processing system_ext/etc/sysconfig/miui_whitelist.xml ...
Processing system_ext/etc/sysconfig/power-save-conf.xml ...
Processing system_ext/etc/sysconfig/power_greeze_config.xml ...
Processing system_ext/etc/sysconfig/preinstalled-packages-gsi-system-ext.xml ...
Processing system_ext/etc/sysconfig/preinstalled-packages-handheld-system-ext.xml ...
Processing system_ext/etc/sysconfig/preinstalled-packages-media-system-ext.xml ...
Processing system_ext/etc/sysconfig/preinstalled-packages-platform-telephony-system-ext.xml ...
Processing system_ext/etc/sysconfig/preinstalled-packages-telephony-system-ext.xml ...
Processing system_ext/etc/sysconfig/qti-initial-package-stopped-states.xml ...
Processing system_ext/etc/sysconfig/qti_broadcast_whitelist.xml ...
Processing system_ext/etc/sysconfig/qti_telephony_system_packages_config.xml ...
Processing system_ext/etc/sysconfig/qti_whitelist_system_ext.xml ...
Processing system_ext/etc/sysconfig/whitelist_com.qualcomm.qti.uceShimService.xml ...
Processing system_ext/etc/sysconfig/xiaomi_app_link_whitelist.xml ...
Processing system_ext/etc/touch/gamepad ...
Processing system_ext/etc/touch/gamepad/moment-led.xml ...
Processing system_ext/etc/touch/gamepad/moment-vibrator.xml ...
Processing system_ext/etc/touch/gamepad/moment.xml ...
Processing system_ext/etc/view_scale/view_scale_config.json ...
Processing system_ext/etc/vintf/manifest ...
Processing system_ext/etc/vintf/manifest.xml ...
Processing system_ext/etc/vintf/manifest/android.hidl.allocator@1.0-service.xml ...
Processing system_ext/etc/vintf/manifest/com.xiaomi.pms.deferredcameraservice-service.xml ...
Processing system_ext/etc/vintf/manifest/com.xiaomi.pms.videoplayprocservice-service.xml ...
Processing system_ext/etc/vintf/manifest/manifest_hypsys_system.xml ...
Processing system_ext/etc/vintf/manifest/vendor.qti.hardware.sigma_miracast.xml ...
Processing system_ext/etc/vintf/manifest/vendor.qti.hardware.sigma_miracast_aidl.xml ...
Processing system_ext/etc/vintf/manifest/vendor.qti.hardware.systemhelperaidl.xml ...
Processing system_ext/etc/vintf/manifest/vendor.qti.qccsyshal_aidl-service.xml ...
Processing system_ext/etc/vintf/manifest/vendor.qti.qesdsys.service.xml ...
Processing system_ext/framework/Miui-WindowManager-Shell.jar ...
Processing system_ext/framework/Miui-WindowManager-Shell.jar.fsv_meta ...
Processing system_ext/framework/MiuiBooster.jar ...
Processing system_ext/framework/MiuiBooster.jar.fsv_meta ...
Processing system_ext/framework/MiuiSettingsSearchLib.jar ...
Processing system_ext/framework/MiuiSettingsSearchLib.jar.fsv_meta ...
Processing system_ext/framework/NetworkBoost.jar ...
Processing system_ext/framework/NetworkBoost.jar.fsv_meta ...
Processing system_ext/framework/SatelliteClient.jar ...
Processing system_ext/framework/SatelliteClient.jar.fsv_meta ...
Processing system_ext/framework/UniperfClient.jar ...
Processing system_ext/framework/UniperfClient.jar.fsv_meta ...
Processing system_ext/framework/androidx.window.extensions.jar ...
Processing system_ext/framework/androidx.window.extensions.jar.fsv_meta ...
Processing system_ext/framework/androidx.window.sidecar.jar ...
Processing system_ext/framework/androidx.window.sidecar.jar.fsv_meta ...
Processing system_ext/framework/apprecovery.proinstaller.jar ...
Processing system_ext/framework/apprecovery.proinstaller.jar.fsv_meta ...
Processing system_ext/framework/audiosphere.jar ...
Processing system_ext/framework/audiosphere.jar.fsv_meta ...
Processing system_ext/framework/camerax-vendor-extensions.jar ...
Processing system_ext/framework/camerax-vendor-extensions.jar.fsv_meta ...
Processing system_ext/framework/com.nxp.nfc.jar ...
Processing system_ext/framework/com.nxp.nfc.jar.fsv_meta ...
Processing system_ext/framework/com.nxp.nfc.nq.jar ...
Processing system_ext/framework/com.nxp.nfc.nq.jar.fsv_meta ...
Processing system_ext/framework/com.qti.dpmframework.jar ...
Processing system_ext/framework/com.qti.dpmframework.jar.fsv_meta ...
Processing system_ext/framework/com.qti.location.sdk.jar ...
Processing system_ext/framework/com.qti.location.sdk.jar.fsv_meta ...
Processing system_ext/framework/com.qti.media.secureprocessor.jar ...
Processing system_ext/framework/com.qti.media.secureprocessor.jar.fsv_meta ...
Processing system_ext/framework/com.qualcomm.qti.imscmservice-V2.0-java.jar ...
Processing system_ext/framework/com.qualcomm.qti.imscmservice-V2.0-java.jar.fsv_meta ...
Processing system_ext/framework/com.qualcomm.qti.imscmservice-V2.1-java.jar ...
Processing system_ext/framework/com.qualcomm.qti.imscmservice-V2.1-java.jar.fsv_meta ...
Processing system_ext/framework/com.qualcomm.qti.imscmservice-V2.2-java.jar ...
Processing system_ext/framework/com.qualcomm.qti.imscmservice-V2.2-java.jar.fsv_meta ...
Processing system_ext/framework/com.qualcomm.qti.uceservice-V2.0-java.jar ...
Processing system_ext/framework/com.qualcomm.qti.uceservice-V2.0-java.jar.fsv_meta ...
Processing system_ext/framework/com.qualcomm.qti.uceservice-V2.1-java.jar ...
Processing system_ext/framework/com.qualcomm.qti.uceservice-V2.1-java.jar.fsv_meta ...
Processing system_ext/framework/com.qualcomm.qti.uceservice-V2.2-java.jar ...
Processing system_ext/framework/com.qualcomm.qti.uceservice-V2.2-java.jar.fsv_meta ...
Processing system_ext/framework/com.qualcomm.qti.uceservice-V2.3-java.jar ...
Processing system_ext/framework/com.qualcomm.qti.uceservice-V2.3-java.jar.fsv_meta ...
Processing system_ext/framework/com.quicinc.cne.api-V1.0-java.jar ...
Processing system_ext/framework/com.quicinc.cne.api-V1.0-java.jar.fsv_meta ...
Processing system_ext/framework/com.quicinc.cne.api-V1.1-java.jar ...
Processing system_ext/framework/com.quicinc.cne.api-V1.1-java.jar.fsv_meta ...
Processing system_ext/framework/com.quicinc.cne.constants-V1.0-java.jar ...
Processing system_ext/framework/com.quicinc.cne.constants-V1.0-java.jar.fsv_meta ...
Processing system_ext/framework/com.quicinc.cne.constants-V2.0-java.jar ...
Processing system_ext/framework/com.quicinc.cne.constants-V2.0-java.jar.fsv_meta ...
Processing system_ext/framework/com.quicinc.cne.constants-V2.1-java.jar ...
Processing system_ext/framework/com.quicinc.cne.constants-V2.1-java.jar.fsv_meta ...
Processing system_ext/framework/com.st.android.nfc_extensions.jar ...
Processing system_ext/framework/com.st.android.nfc_extensions.jar.fsv_meta ...
Processing system_ext/framework/com.st.android.nfc_extensions_16.jar ...
Processing system_ext/framework/com.st.android.nfc_extensions_16.jar.fsv_meta ...
Processing system_ext/framework/com.xiaomi.NetworkBoost.jar ...
Processing system_ext/framework/com.xiaomi.NetworkBoost.jar.fsv_meta ...
Processing system_ext/framework/com.xiaomi.hardware.camera.companion-V1.jar ...
Processing system_ext/framework/com.xiaomi.hardware.camera.companion-V1.jar.fsv_meta ...
Processing system_ext/framework/com.xiaomi.nfc.jar ...
Processing system_ext/framework/com.xiaomi.nfc.jar.fsv_meta ...
Processing system_ext/framework/com.xiaomi.pms.common-V1-java.jar ...
Processing system_ext/framework/com.xiaomi.pms.common-V1-java.jar.fsv_meta ...
Processing system_ext/framework/com.xiaomi.pms.deferredcameraservice-V1-java.jar ...
Processing system_ext/framework/com.xiaomi.pms.deferredcameraservice-V1-java.jar.fsv_meta ...
Processing system_ext/framework/com.xiaomi.pms.videoplayprocservice-V1-java.jar ...
Processing system_ext/framework/com.xiaomi.pms.videoplayprocservice-V1-java.jar.fsv_meta ...
Processing system_ext/framework/com.xiaomi.slalib.jar ...
Processing system_ext/framework/com.xiaomi.slalib.jar.fsv_meta ...
Processing system_ext/framework/datachannellib.jar ...
Processing system_ext/framework/datachannellib.jar.fsv_meta ...
Processing system_ext/framework/dpmapi.jar ...
Processing system_ext/framework/dpmapi.jar.fsv_meta ...
Processing system_ext/framework/extphonelib.jar ...
Processing system_ext/framework/extphonelib.jar.fsv_meta ...
Processing system_ext/framework/framework-ext-res ...
Processing system_ext/framework/global-cleaner-empty.jar ...
Processing system_ext/framework/global-cleaner-empty.jar.fsv_meta ...
Processing system_ext/framework/gson.jar ...
Processing system_ext/framework/gson.jar.fsv_meta ...
Processing system_ext/framework/hyper-telephony-common-ext.jar ...
Processing system_ext/framework/hyper-telephony-common-ext.jar.fsv_meta ...
Processing system_ext/framework/hyper-telephony-common.jar ...
Processing system_ext/framework/hyper-telephony-common.jar.fsv_meta ...
Processing system_ext/framework/hyperos.rustruntime.jar ...
Processing system_ext/framework/hyperos.rustruntime.jar.fsv_meta ...
Processing system_ext/framework/livephoto-lite.jar ...
Processing system_ext/framework/livephoto-lite.jar.fsv_meta ...
Processing system_ext/framework/miui-appcompat.appcontinuity.jar ...
Processing system_ext/framework/miui-appcompat.appcontinuity.jar.fsv_meta ...
Processing system_ext/framework/miui-appcompat.jar ...
Processing system_ext/framework/miui-appcompat.jar.fsv_meta ...
Processing system_ext/framework/miui-cameraopt.jar ...
Processing system_ext/framework/miui-cameraopt.jar.fsv_meta ...
Processing system_ext/framework/miui-connectivity-service.jar ...
Processing system_ext/framework/miui-connectivity-service.jar.fsv_meta ...
Processing system_ext/framework/miui-embedding-window.jar ...
Processing system_ext/framework/miui-embedding-window.jar.fsv_meta ...
Processing system_ext/framework/miui-enterprise-sdk.jar ...
Processing system_ext/framework/miui-enterprise-sdk.jar.fsv_meta ...
Processing system_ext/framework/miui-framework.autoui.jar ...
Processing system_ext/framework/miui-framework.autoui.jar.fsv_meta ...
Processing system_ext/framework/miui-framework.autoui.jar.prof ...
Processing system_ext/framework/miui-framework.autoui.jar.prof.fsv_meta ...
Processing system_ext/framework/miui-framework.hovermode.jar ...
Processing system_ext/framework/miui-framework.hovermode.jar.fsv_meta ...
Processing system_ext/framework/miui-framework.hyperviewscale.jar ...
Processing system_ext/framework/miui-framework.hyperviewscale.jar.fsv_meta ...
Processing system_ext/framework/miui-framework.jar ...
Processing system_ext/framework/miui-framework.jar.fsv_meta ...
Processing system_ext/framework/miui-framework.thirdappopt.jar ...
Processing system_ext/framework/miui-framework.thirdappopt.jar.fsv_meta ...
Processing system_ext/framework/miui-litert-service.jar ...
Processing system_ext/framework/miui-litert-service.jar.fsv_meta ...
Processing system_ext/framework/miui-services.autoui.jar ...
Processing system_ext/framework/miui-services.autoui.jar.fsv_meta ...
Processing system_ext/framework/miui-services.hovermode.jar ...
Processing system_ext/framework/miui-services.hovermode.jar.fsv_meta ...
Processing system_ext/framework/miui-services.hyperviewscale.jar ...
Processing system_ext/framework/miui-services.hyperviewscale.jar.fsv_meta ...
Processing system_ext/framework/miui-services.jar ...
Processing system_ext/framework/miui-services.jar.fsv_meta ...
Processing system_ext/framework/miui-services.jar.prof ...
Processing system_ext/framework/miui-services.jar.prof.fsv_meta ...
Processing system_ext/framework/miui-services.thirdappopt.jar ...
Processing system_ext/framework/miui-services.thirdappopt.jar.fsv_meta ...
Processing system_ext/framework/miui-telephony-common.jar ...
Processing system_ext/framework/miui-telephony-common.jar.fsv_meta ...
Processing system_ext/framework/miui-wifi-service.jar ...
Processing system_ext/framework/miui-wifi-service.jar.fsv_meta ...
Processing system_ext/framework/miui.car.server.jar ...
Processing system_ext/framework/miui.car.server.jar.fsv_meta ...
Processing system_ext/framework/miuix.jar ...
Processing system_ext/framework/miuix.jar.fsv_meta ...
Processing system_ext/framework/oat ...
Processing system_ext/framework/pag-hyperos-release.jar ...
Processing system_ext/framework/pag-hyperos-release.jar.fsv_meta ...
Processing system_ext/framework/qcrilhook.jar ...
Processing system_ext/framework/qcrilhook.jar.fsv_meta ...
Processing system_ext/framework/qmapbridge.jar ...
Processing system_ext/framework/qmapbridge.jar.fsv_meta ...
Processing system_ext/framework/qti-telephony-common.jar ...
Processing system_ext/framework/qti-telephony-common.jar.bak ...
Processing system_ext/framework/qti-telephony-common.jar.fsv_meta ...
Processing system_ext/framework/qti-telephony-hidl-wrapper.jar ...
Processing system_ext/framework/qti-telephony-hidl-wrapper.jar.fsv_meta ...
Processing system_ext/framework/qti-telephony-utils.jar ...
Processing system_ext/framework/qti-telephony-utils.jar.fsv_meta ...
Processing system_ext/framework/security-device-credential-sdk.jar ...
Processing system_ext/framework/security-device-credential-sdk.jar.fsv_meta ...
Processing system_ext/framework/vendor.qti.ImsVtService-java.jar ...
Processing system_ext/framework/vendor.qti.ImsVtService-java.jar.fsv_meta ...
Processing system_ext/framework/vendor.qti.data.dmapconsent-V1-java.jar ...
Processing system_ext/framework/vendor.qti.data.dmapconsent-V1-java.jar.fsv_meta ...
Processing system_ext/framework/vendor.qti.data.dmapconsent-V2-java.jar ...
Processing system_ext/framework/vendor.qti.data.dmapconsent-V2-java.jar.fsv_meta ...
Processing system_ext/framework/vendor.qti.data.factory-V1.0-java.jar ...
Processing system_ext/framework/vendor.qti.data.factory-V1.0-java.jar.fsv_meta ...
Processing system_ext/framework/vendor.qti.data.factory-V2.0-java.jar ...
Processing system_ext/framework/vendor.qti.data.factory-V2.0-java.jar.fsv_meta ...
Processing system_ext/framework/vendor.qti.data.factory-V2.1-java.jar ...
Processing system_ext/framework/vendor.qti.data.factory-V2.1-java.jar.fsv_meta ...
Processing system_ext/framework/vendor.qti.data.factory-V2.2-java.jar ...
Processing system_ext/framework/vendor.qti.data.factory-V2.2-java.jar.fsv_meta ...
Processing system_ext/framework/vendor.qti.data.factory-V2.3-java.jar ...
Processing system_ext/framework/vendor.qti.data.factory-V2.3-java.jar.fsv_meta ...
Processing system_ext/framework/vendor.qti.data.factory-V2.4-java.jar ...
Processing system_ext/framework/vendor.qti.data.factory-V2.4-java.jar.fsv_meta ...
Processing system_ext/framework/vendor.qti.data.factory-V2.5-java.jar ...
Processing system_ext/framework/vendor.qti.data.factory-V2.5-java.jar.fsv_meta ...
Processing system_ext/framework/vendor.qti.data.factory-V2.6-java.jar ...
Processing system_ext/framework/vendor.qti.data.factory-V2.6-java.jar.fsv_meta ...
Processing system_ext/framework/vendor.qti.data.factory-V2.7-java.jar ...
Processing system_ext/framework/vendor.qti.data.factory-V2.7-java.jar.fsv_meta ...
Processing system_ext/framework/vendor.qti.data.factory-V2.8-java.jar ...
Processing system_ext/framework/vendor.qti.data.factory-V2.8-java.jar.fsv_meta ...
Processing system_ext/framework/vendor.qti.data.factoryservice-V1-java.jar ...
Processing system_ext/framework/vendor.qti.data.factoryservice-V1-java.jar.fsv_meta ...
Processing system_ext/framework/vendor.qti.data.factoryservice-V2-java.jar ...
Processing system_ext/framework/vendor.qti.data.factoryservice-V2-java.jar.fsv_meta ...
Processing system_ext/framework/vendor.qti.data.factoryservice-V3-java.jar ...
Processing system_ext/framework/vendor.qti.data.factoryservice-V3-java.jar.fsv_meta ...
Processing system_ext/framework/vendor.qti.data.mwqem-V1.0-java.jar ...
Processing system_ext/framework/vendor.qti.data.mwqem-V1.0-java.jar.fsv_meta ...
Processing system_ext/framework/vendor.qti.data.mwqemaidlservice-V1-java.jar ...
Processing system_ext/framework/vendor.qti.data.mwqemaidlservice-V1-java.jar.fsv_meta ...
Processing system_ext/framework/vendor.qti.data.ntn-V1-java.jar ...
Processing system_ext/framework/vendor.qti.data.ntn-V1-java.jar.fsv_meta ...
Processing system_ext/framework/vendor.qti.data.slm-V1.0-java.jar ...
Processing system_ext/framework/vendor.qti.data.slm-V1.0-java.jar.fsv_meta ...
Processing system_ext/framework/vendor.qti.hardware.alarm-V1.0-java.jar ...
Processing system_ext/framework/vendor.qti.hardware.alarm-V1.0-java.jar.fsv_meta ...
Processing system_ext/framework/vendor.qti.hardware.c2pa-V1-java.jar ...
Processing system_ext/framework/vendor.qti.hardware.c2pa-V1-java.jar.fsv_meta ...
Processing system_ext/framework/vendor.qti.hardware.cacertaidlservice-V1-java.jar ...
Processing system_ext/framework/vendor.qti.hardware.cacertaidlservice-V1-java.jar.fsv_meta ...
Processing system_ext/framework/vendor.qti.hardware.capabilityconfigstore-V1.0-java.jar ...
Processing system_ext/framework/vendor.qti.hardware.capabilityconfigstore-V1.0-java.jar.fsv_meta ...
Processing system_ext/framework/vendor.qti.hardware.data.cne.internal.api-V1.0-java.jar ...
Processing system_ext/framework/vendor.qti.hardware.data.cne.internal.api-V1.0-java.jar.fsv_meta ...
Processing system_ext/framework/vendor.qti.hardware.data.cne.internal.constants-V1.0-java.jar ...
Processing system_ext/framework/vendor.qti.hardware.data.cne.internal.constants-V1.0-java.jar.fsv_meta ...
Processing system_ext/framework/vendor.qti.hardware.data.cne.internal.server-V1.0-java.jar ...
Processing system_ext/framework/vendor.qti.hardware.data.cne.internal.server-V1.0-java.jar.fsv_meta ...
Processing system_ext/framework/vendor.qti.hardware.data.cne.internal.server-V1.1-java.jar ...
Processing system_ext/framework/vendor.qti.hardware.data.cne.internal.server-V1.1-java.jar.fsv_meta ...
Processing system_ext/framework/vendor.qti.hardware.data.cne.internal.server-V1.2-java.jar ...
Processing system_ext/framework/vendor.qti.hardware.data.cne.internal.server-V1.2-java.jar.fsv_meta ...
Processing system_ext/framework/vendor.qti.hardware.data.cne.internal.server-V1.3-java.jar ...
Processing system_ext/framework/vendor.qti.hardware.data.cne.internal.server-V1.3-java.jar.fsv_meta ...
Processing system_ext/framework/vendor.qti.hardware.data.cneaidlservice.internal.api-V1-java.jar ...
Processing system_ext/framework/vendor.qti.hardware.data.cneaidlservice.internal.api-V1-java.jar.fsv_meta ...
Processing system_ext/framework/vendor.qti.hardware.data.cneaidlservice.internal.api-V2-java.jar ...
Processing system_ext/framework/vendor.qti.hardware.data.cneaidlservice.internal.api-V2-java.jar.fsv_meta ...
Processing system_ext/framework/vendor.qti.hardware.data.cneaidlservice.internal.constants-V1-java.jar ...
Processing system_ext/framework/vendor.qti.hardware.data.cneaidlservice.internal.constants-V1-java.jar.fsv_meta ...
Processing system_ext/framework/vendor.qti.hardware.data.cneaidlservice.internal.server-V1-java.jar ...
Processing system_ext/framework/vendor.qti.hardware.data.cneaidlservice.internal.server-V1-java.jar.fsv_meta ...
Processing system_ext/framework/vendor.qti.hardware.data.cneaidlservice.internal.server-V2-java.jar ...
Processing system_ext/framework/vendor.qti.hardware.data.cneaidlservice.internal.server-V2-java.jar.fsv_meta ...
Processing system_ext/framework/vendor.qti.hardware.data.connection-V1.0-java.jar ...
Processing system_ext/framework/vendor.qti.hardware.data.connection-V1.0-java.jar.fsv_meta ...
Processing system_ext/framework/vendor.qti.hardware.data.connection-V1.1-java.jar ...
Processing system_ext/framework/vendor.qti.hardware.data.connection-V1.1-java.jar.fsv_meta ...
Processing system_ext/framework/vendor.qti.hardware.data.connectionfactory-V1-java.jar ...
Processing system_ext/framework/vendor.qti.hardware.data.connectionfactory-V1-java.jar.fsv_meta ...
Processing system_ext/framework/vendor.qti.hardware.data.dataactivity-V1-java.jar ...
Processing system_ext/framework/vendor.qti.hardware.data.dataactivity-V1-java.jar.fsv_meta ...
Processing system_ext/framework/vendor.qti.hardware.data.dynamicdds-V1.0-java.jar ...
Processing system_ext/framework/vendor.qti.hardware.data.dynamicdds-V1.0-java.jar.fsv_meta ...
Processing system_ext/framework/vendor.qti.hardware.data.dynamicdds-V1.1-java.jar ...
Processing system_ext/framework/vendor.qti.hardware.data.dynamicdds-V1.1-java.jar.fsv_meta ...
Processing system_ext/framework/vendor.qti.hardware.data.dynamicddsaidlservice-V1-java.jar ...
Processing system_ext/framework/vendor.qti.hardware.data.dynamicddsaidlservice-V1-java.jar.fsv_meta ...
Processing system_ext/framework/vendor.qti.hardware.data.flow-V1.0-java.jar ...
Processing system_ext/framework/vendor.qti.hardware.data.flow-V1.0-java.jar.fsv_meta ...
Processing system_ext/framework/vendor.qti.hardware.data.flow-V1.1-java.jar ...
Processing system_ext/framework/vendor.qti.hardware.data.flow-V1.1-java.jar.fsv_meta ...
Processing system_ext/framework/vendor.qti.hardware.data.flowaidlservice-V1-java.jar ...
Processing system_ext/framework/vendor.qti.hardware.data.flowaidlservice-V1-java.jar.fsv_meta ...
Processing system_ext/framework/vendor.qti.hardware.data.iwlan-V1.0-java.jar ...
Processing system_ext/framework/vendor.qti.hardware.data.iwlan-V1.0-java.jar.fsv_meta ...
Processing system_ext/framework/vendor.qti.hardware.data.iwlan-V1.1-java.jar ...
Processing system_ext/framework/vendor.qti.hardware.data.iwlan-V1.1-java.jar.fsv_meta ...
Processing system_ext/framework/vendor.qti.hardware.data.iwlandata-V1-java.jar ...
Processing system_ext/framework/vendor.qti.hardware.data.iwlandata-V1-java.jar.fsv_meta ...
Processing system_ext/framework/vendor.qti.hardware.data.ka-V1-java.jar ...
Processing system_ext/framework/vendor.qti.hardware.data.ka-V1-java.jar.fsv_meta ...
Processing system_ext/framework/vendor.qti.hardware.data.latency-V1.0-java.jar ...
Processing system_ext/framework/vendor.qti.hardware.data.latency-V1.0-java.jar.fsv_meta ...
Processing system_ext/framework/vendor.qti.hardware.data.lce-V1.0-java.jar ...
Processing system_ext/framework/vendor.qti.hardware.data.lce-V1.0-java.jar.fsv_meta ...
Processing system_ext/framework/vendor.qti.hardware.data.lceaidlservice-V1-java.jar ...
Processing system_ext/framework/vendor.qti.hardware.data.lceaidlservice-V1-java.jar.fsv_meta ...
Processing system_ext/framework/vendor.qti.hardware.data.qmi-V1.0-java.jar ...
Processing system_ext/framework/vendor.qti.hardware.data.qmi-V1.0-java.jar.fsv_meta ...
Processing system_ext/framework/vendor.qti.hardware.data.qmiaidlservice-V1-java.jar ...
Processing system_ext/framework/vendor.qti.hardware.data.qmiaidlservice-V1-java.jar.fsv_meta ...
Processing system_ext/framework/vendor.qti.hardware.dpmaidlservice-V1-java.jar ...
Processing system_ext/framework/vendor.qti.hardware.dpmaidlservice-V1-java.jar.fsv_meta ...
Processing system_ext/framework/vendor.qti.hardware.dpmservice-V1.0-java.jar ...
Processing system_ext/framework/vendor.qti.hardware.dpmservice-V1.0-java.jar.fsv_meta ...
Processing system_ext/framework/vendor.qti.hardware.dpmservice-V1.1-java.jar ...
Processing system_ext/framework/vendor.qti.hardware.dpmservice-V1.1-java.jar.fsv_meta ...
Processing system_ext/framework/vendor.qti.hardware.fingerprint-V1.0-java.jar ...
Processing system_ext/framework/vendor.qti.hardware.fingerprint-V1.0-java.jar.fsv_meta ...
Processing system_ext/framework/vendor.qti.hardware.mwqemadapter-V1.0-java.jar ...
Processing system_ext/framework/vendor.qti.hardware.mwqemadapter-V1.0-java.jar.fsv_meta ...
Processing system_ext/framework/vendor.qti.hardware.mwqemadapteraidlservice-V1-java.jar ...
Processing system_ext/framework/vendor.qti.hardware.mwqemadapteraidlservice-V1-java.jar.fsv_meta ...
Processing system_ext/framework/vendor.qti.hardware.sensorscalibrate-V1.0-java.jar ...
Processing system_ext/framework/vendor.qti.hardware.sensorscalibrate-V1.0-java.jar.fsv_meta ...
Processing system_ext/framework/vendor.qti.hardware.slmadapter-V1.0-java.jar ...
Processing system_ext/framework/vendor.qti.hardware.slmadapter-V1.0-java.jar.fsv_meta ...
Processing system_ext/framework/vendor.qti.hardware.wigig.netperftuner-V1.0-java.jar ...
Processing system_ext/framework/vendor.qti.hardware.wigig.netperftuner-V1.0-java.jar.fsv_meta ...
Processing system_ext/framework/vendor.qti.hardware.wigig.supptunnel-V1.0-java.jar ...
Processing system_ext/framework/vendor.qti.hardware.wigig.supptunnel-V1.0-java.jar.fsv_meta ...
Processing system_ext/framework/vendor.qti.ims.callcapability-V1.0-java.jar ...
Processing system_ext/framework/vendor.qti.ims.callcapability-V1.0-java.jar.fsv_meta ...
Processing system_ext/framework/vendor.qti.ims.callcapabilityaidlservice-V1-java.jar ...
Processing system_ext/framework/vendor.qti.ims.callcapabilityaidlservice-V1-java.jar.fsv_meta ...
Processing system_ext/framework/vendor.qti.ims.callinfo-V1.0-java.jar ...
Processing system_ext/framework/vendor.qti.ims.callinfo-V1.0-java.jar.fsv_meta ...
Processing system_ext/framework/vendor.qti.ims.configaidlservice-V1-java.jar ...
Processing system_ext/framework/vendor.qti.ims.configaidlservice-V1-java.jar.fsv_meta ...
Processing system_ext/framework/vendor.qti.ims.configservice-V1.0-java.jar ...
Processing system_ext/framework/vendor.qti.ims.configservice-V1.0-java.jar.fsv_meta ...
Processing system_ext/framework/vendor.qti.ims.configservice-V1.1-java.jar ...
Processing system_ext/framework/vendor.qti.ims.configservice-V1.1-java.jar.fsv_meta ...
Processing system_ext/framework/vendor.qti.ims.connection-V1.0-java.jar ...
Processing system_ext/framework/vendor.qti.ims.connection-V1.0-java.jar.fsv_meta ...
Processing system_ext/framework/vendor.qti.ims.connectionaidlservice-V1-java.jar ...
Processing system_ext/framework/vendor.qti.ims.connectionaidlservice-V1-java.jar.fsv_meta ...
Processing system_ext/framework/vendor.qti.ims.datachannelservice-V1-java.jar ...
Processing system_ext/framework/vendor.qti.ims.datachannelservice-V1-java.jar.fsv_meta ...
Processing system_ext/framework/vendor.qti.ims.datachannelservice-V2-java.jar ...
Processing system_ext/framework/vendor.qti.ims.datachannelservice-V2-java.jar.fsv_meta ...
Processing system_ext/framework/vendor.qti.ims.datachannelservice-V3-java.jar ...
Processing system_ext/framework/vendor.qti.ims.datachannelservice-V3-java.jar.fsv_meta ...
Processing system_ext/framework/vendor.qti.ims.factory-V1.0-java.jar ...
Processing system_ext/framework/vendor.qti.ims.factory-V1.0-java.jar.fsv_meta ...
Processing system_ext/framework/vendor.qti.ims.factory-V1.1-java.jar ...
Processing system_ext/framework/vendor.qti.ims.factory-V1.1-java.jar.fsv_meta ...
Processing system_ext/framework/vendor.qti.ims.factory-V2.0-java.jar ...
Processing system_ext/framework/vendor.qti.ims.factory-V2.0-java.jar.fsv_meta ...
Processing system_ext/framework/vendor.qti.ims.factory-V2.1-java.jar ...
Processing system_ext/framework/vendor.qti.ims.factory-V2.1-java.jar.fsv_meta ...
Processing system_ext/framework/vendor.qti.ims.factory-V2.2-java.jar ...
Processing system_ext/framework/vendor.qti.ims.factory-V2.2-java.jar.fsv_meta ...
Processing system_ext/framework/vendor.qti.ims.factoryaidlservice-V1-java.jar ...
Processing system_ext/framework/vendor.qti.ims.factoryaidlservice-V1-java.jar.fsv_meta ...
Processing system_ext/framework/vendor.qti.ims.imscmaidlservice-V1-java.jar ...
Processing system_ext/framework/vendor.qti.ims.imscmaidlservice-V1-java.jar.fsv_meta ...
Processing system_ext/framework/vendor.qti.ims.rcsconfig-V1.0-java.jar ...
Processing system_ext/framework/vendor.qti.ims.rcsconfig-V1.0-java.jar.fsv_meta ...
Processing system_ext/framework/vendor.qti.ims.rcsconfig-V1.1-java.jar ...
Processing system_ext/framework/vendor.qti.ims.rcsconfig-V1.1-java.jar.fsv_meta ...
Processing system_ext/framework/vendor.qti.ims.rcsconfig-V2.0-java.jar ...
Processing system_ext/framework/vendor.qti.ims.rcsconfig-V2.0-java.jar.fsv_meta ...
Processing system_ext/framework/vendor.qti.ims.rcsconfig-V2.1-java.jar ...
Processing system_ext/framework/vendor.qti.ims.rcsconfig-V2.1-java.jar.fsv_meta ...
Processing system_ext/framework/vendor.qti.ims.rcssip-V1.0-java.jar ...
Processing system_ext/framework/vendor.qti.ims.rcssip-V1.0-java.jar.fsv_meta ...
Processing system_ext/framework/vendor.qti.ims.rcssip-V1.1-java.jar ...
Processing system_ext/framework/vendor.qti.ims.rcssip-V1.1-java.jar.fsv_meta ...
Processing system_ext/framework/vendor.qti.ims.rcssip-V1.2-java.jar ...
Processing system_ext/framework/vendor.qti.ims.rcssip-V1.2-java.jar.fsv_meta ...
Processing system_ext/framework/vendor.qti.ims.rcssipaidlservice-V1-java.jar ...
Processing system_ext/framework/vendor.qti.ims.rcssipaidlservice-V1-java.jar.fsv_meta ...
Processing system_ext/framework/vendor.qti.ims.rcsuce-V1.0-java.jar ...
Processing system_ext/framework/vendor.qti.ims.rcsuce-V1.0-java.jar.fsv_meta ...
Processing system_ext/framework/vendor.qti.ims.rcsuce-V1.1-java.jar ...
Processing system_ext/framework/vendor.qti.ims.rcsuce-V1.1-java.jar.fsv_meta ...
Processing system_ext/framework/vendor.qti.ims.rcsuce-V1.2-java.jar ...
Processing system_ext/framework/vendor.qti.ims.rcsuce-V1.2-java.jar.fsv_meta ...
Processing system_ext/framework/vendor.qti.ims.rcsuceaidlservice-V1-java.jar ...
Processing system_ext/framework/vendor.qti.ims.rcsuceaidlservice-V1-java.jar.fsv_meta ...
Processing system_ext/framework/vendor.qti.ims.uceaidlservice-V1-java.jar ...
Processing system_ext/framework/vendor.qti.ims.uceaidlservice-V1-java.jar.fsv_meta ...
Processing system_ext/framework/vendor.qti.imsdatachannel.jar ...
Processing system_ext/framework/vendor.qti.imsdatachannel.jar.fsv_meta ...
Processing system_ext/framework/vendor.qti.latency-V2.0-java.jar ...
Processing system_ext/framework/vendor.qti.latency-V2.0-java.jar.fsv_meta ...
Processing system_ext/framework/vendor.qti.latency-V2.1-java.jar ...
Processing system_ext/framework/vendor.qti.latency-V2.1-java.jar.fsv_meta ...
Processing system_ext/framework/vendor.qti.latency-V2.2-java.jar ...
Processing system_ext/framework/vendor.qti.latency-V2.2-java.jar.fsv_meta ...
Processing system_ext/framework/vendor.qti.latencyaidlservice-V1-java.jar ...
Processing system_ext/framework/vendor.qti.latencyaidlservice-V1-java.jar.fsv_meta ...
Processing system_ext/framework/vendor.xiaomi.hardware.aidl.intentaware-V1-java.jar ...
Processing system_ext/framework/vendor.xiaomi.hardware.aidl.intentaware-V1-java.jar.fsv_meta ...
Processing system_ext/framework/vendor.xiaomi.hardware.aidlbgservice-V1-java.jar ...
Processing system_ext/framework/vendor.xiaomi.hardware.aidlbgservice-V1-java.jar.fsv_meta ...
Processing system_ext/framework/vendor.xiaomi.hardware.aidlcampostproc-V1-java.jar ...
Processing system_ext/framework/vendor.xiaomi.hardware.aidlcampostproc-V1-java.jar.fsv_meta ...
Processing system_ext/framework/vendor.xiaomi.hardware.bgservice-V1.0-java.jar ...
Processing system_ext/framework/vendor.xiaomi.hardware.bgservice-V1.0-java.jar.fsv_meta ...
Processing system_ext/framework/vendor.xiaomi.hardware.misys-V1.0-java.jar ...
Processing system_ext/framework/vendor.xiaomi.hardware.misys-V1.0-java.jar.fsv_meta ...
Processing system_ext/framework/vendor.xiaomi.hardware.misys-V2.0-java.jar ...
Processing system_ext/framework/vendor.xiaomi.hardware.misys-V2.0-java.jar.fsv_meta ...
Processing system_ext/framework/vendor.xiaomi.hardware.misys-V4.0-java.jar ...
Processing system_ext/framework/vendor.xiaomi.hardware.misys-V4.0-java.jar.fsv_meta ...
Processing system_ext/framework/vendor.xiaomi.hardware.misys.V3_0.jar ...
Processing system_ext/framework/vendor.xiaomi.hardware.misys.V3_0.jar.fsv_meta ...
Processing system_ext/framework/vendor.xiaomi.hardware.misys.common-V2-java.jar ...
Processing system_ext/framework/vendor.xiaomi.hardware.misys.common-V2-java.jar.fsv_meta ...
Processing system_ext/framework/vendor.xiaomi.hardware.postprocservice-V1-java.jar ...
Processing system_ext/framework/vendor.xiaomi.hardware.postprocservice-V1-java.jar.fsv_meta ...
Processing system_ext/framework/vendor.xiaomi.hardware.satellite-V1-java.jar ...
Processing system_ext/framework/vendor.xiaomi.hardware.satellite-V1-java.jar.fsv_meta ...
Processing system_ext/framework/vendor.xiaomi.hardware.videoservice-V9-java.jar ...
Processing system_ext/framework/vendor.xiaomi.hardware.videoservice-V9-java.jar.fsv_meta ...
Processing system_ext/framework/xiaomi-framework.jar ...
Processing system_ext/framework/xiaomi-framework.jar.fsv_meta ...
Processing system_ext/framework/xiaomi-modem-common.jar ...
Processing system_ext/framework/xiaomi-modem-common.jar.fsv_meta ...
Processing system_ext/framework/xiaomi-telephony-common.jar ...
Processing system_ext/framework/xiaomi-telephony-common.jar.fsv_meta ...
Processing system_ext/framework/xiaomi.system.hypsys.common-V2-java.jar ...
Processing system_ext/framework/xiaomi.system.hypsys.common-V2-java.jar.fsv_meta ...
Processing system_ext/framework/xm-telephony-base.jar ...
Processing system_ext/framework/xm-telephony-base.jar.fsv_meta ...
Processing system_ext/framework/xm-telephony-common.jar ...
Processing system_ext/framework/xm-telephony-common.jar.fsv_meta ...
Processing system_ext/framework/framework-ext-res/framework-ext-res.apk ...
Processing system_ext/framework/framework-ext-res/framework-ext-res.apk.fsv_meta ...
Processing system_ext/framework/oat/arm ...
Processing system_ext/framework/oat/arm64 ...
Processing system_ext/framework/oat/arm/Miui-WindowManager-Shell.odex.fsv_meta ...
Processing system_ext/framework/oat/arm/Miui-WindowManager-Shell.vdex.fsv_meta ...
Processing system_ext/framework/oat/arm/MiuiBooster.odex.fsv_meta ...
Processing system_ext/framework/oat/arm/MiuiBooster.vdex.fsv_meta ...
Processing system_ext/framework/oat/arm/MiuiSettingsSearchLib.odex.fsv_meta ...
Processing system_ext/framework/oat/arm/MiuiSettingsSearchLib.vdex.fsv_meta ...
Processing system_ext/framework/oat/arm/NetworkBoost.odex.fsv_meta ...
Processing system_ext/framework/oat/arm/NetworkBoost.vdex.fsv_meta ...
Processing system_ext/framework/oat/arm/SatelliteClient.odex.fsv_meta ...
Processing system_ext/framework/oat/arm/SatelliteClient.vdex.fsv_meta ...
Processing system_ext/framework/oat/arm/UniperfClient.odex.fsv_meta ...
Processing system_ext/framework/oat/arm/UniperfClient.vdex.fsv_meta ...
Processing system_ext/framework/oat/arm/androidx.window.extensions.odex.fsv_meta ...
Processing system_ext/framework/oat/arm/androidx.window.extensions.vdex.fsv_meta ...
Processing system_ext/framework/oat/arm/androidx.window.sidecar.odex.fsv_meta ...
Processing system_ext/framework/oat/arm/androidx.window.sidecar.vdex.fsv_meta ...
Processing system_ext/framework/oat/arm/camerax-vendor-extensions.odex.fsv_meta ...
Processing system_ext/framework/oat/arm/camerax-vendor-extensions.vdex.fsv_meta ...
Processing system_ext/framework/oat/arm/com.nxp.nfc.nq.odex.fsv_meta ...
Processing system_ext/framework/oat/arm/com.nxp.nfc.nq.vdex.fsv_meta ...
Processing system_ext/framework/oat/arm/com.nxp.nfc.odex.fsv_meta ...
Processing system_ext/framework/oat/arm/com.nxp.nfc.vdex.fsv_meta ...
Processing system_ext/framework/oat/arm/com.qti.location.sdk.art.fsv_meta ...
Processing system_ext/framework/oat/arm/com.qti.location.sdk.odex.fsv_meta ...
Processing system_ext/framework/oat/arm/com.qti.location.sdk.vdex.fsv_meta ...
Processing system_ext/framework/oat/arm/com.qti.media.secureprocessor.odex.fsv_meta ...
Processing system_ext/framework/oat/arm/com.qti.media.secureprocessor.vdex.fsv_meta ...
Processing system_ext/framework/oat/arm/com.qualcomm.qti.imscmservice-V2.0-java.odex.fsv_meta ...
Processing system_ext/framework/oat/arm/com.qualcomm.qti.imscmservice-V2.0-java.vdex.fsv_meta ...
Processing system_ext/framework/oat/arm/com.qualcomm.qti.imscmservice-V2.1-java.odex.fsv_meta ...
Processing system_ext/framework/oat/arm/com.qualcomm.qti.imscmservice-V2.1-java.vdex.fsv_meta ...
Processing system_ext/framework/oat/arm/com.qualcomm.qti.imscmservice-V2.2-java.odex.fsv_meta ...
Processing system_ext/framework/oat/arm/com.qualcomm.qti.imscmservice-V2.2-java.vdex.fsv_meta ...
Processing system_ext/framework/oat/arm/com.qualcomm.qti.uceservice-V2.0-java.odex.fsv_meta ...
Processing system_ext/framework/oat/arm/com.qualcomm.qti.uceservice-V2.0-java.vdex.fsv_meta ...
Processing system_ext/framework/oat/arm/com.qualcomm.qti.uceservice-V2.1-java.odex.fsv_meta ...
Processing system_ext/framework/oat/arm/com.qualcomm.qti.uceservice-V2.1-java.vdex.fsv_meta ...
Processing system_ext/framework/oat/arm/com.qualcomm.qti.uceservice-V2.2-java.odex.fsv_meta ...
Processing system_ext/framework/oat/arm/com.qualcomm.qti.uceservice-V2.2-java.vdex.fsv_meta ...
Processing system_ext/framework/oat/arm/com.qualcomm.qti.uceservice-V2.3-java.odex.fsv_meta ...
Processing system_ext/framework/oat/arm/com.qualcomm.qti.uceservice-V2.3-java.vdex.fsv_meta ...
Processing system_ext/framework/oat/arm/com.st.android.nfc_extensions.odex.fsv_meta ...
Processing system_ext/framework/oat/arm/com.st.android.nfc_extensions.vdex.fsv_meta ...
Processing system_ext/framework/oat/arm/com.st.android.nfc_extensions_16.odex.fsv_meta ...
Processing system_ext/framework/oat/arm/com.st.android.nfc_extensions_16.vdex.fsv_meta ...
Processing system_ext/framework/oat/arm/com.xiaomi.hardware.camera.companion-V1.odex.fsv_meta ...
Processing system_ext/framework/oat/arm/com.xiaomi.hardware.camera.companion-V1.vdex.fsv_meta ...
Processing system_ext/framework/oat/arm/com.xiaomi.nfc.odex.fsv_meta ...
Processing system_ext/framework/oat/arm/com.xiaomi.nfc.vdex.fsv_meta ...
Processing system_ext/framework/oat/arm/com.xiaomi.pms.common-V1-java.odex.fsv_meta ...
Processing system_ext/framework/oat/arm/com.xiaomi.pms.common-V1-java.vdex.fsv_meta ...
Processing system_ext/framework/oat/arm/com.xiaomi.pms.deferredcameraservice-V1-java.odex.fsv_meta ...
Processing system_ext/framework/oat/arm/com.xiaomi.pms.deferredcameraservice-V1-java.vdex.fsv_meta ...
Processing system_ext/framework/oat/arm/com.xiaomi.pms.videoplayprocservice-V1-java.odex.fsv_meta ...
Processing system_ext/framework/oat/arm/com.xiaomi.pms.videoplayprocservice-V1-java.vdex.fsv_meta ...
Processing system_ext/framework/oat/arm/com.xiaomi.slalib.odex.fsv_meta ...
Processing system_ext/framework/oat/arm/com.xiaomi.slalib.vdex.fsv_meta ...
Processing system_ext/framework/oat/arm/datachannellib.odex.fsv_meta ...
Processing system_ext/framework/oat/arm/datachannellib.vdex.fsv_meta ...
Processing system_ext/framework/oat/arm/extphonelib.odex.fsv_meta ...
Processing system_ext/framework/oat/arm/extphonelib.vdex.fsv_meta ...
Processing system_ext/framework/oat/arm/global-cleaner-empty.odex.fsv_meta ...
Processing system_ext/framework/oat/arm/global-cleaner-empty.vdex.fsv_meta ...
Processing system_ext/framework/oat/arm/gson.odex.fsv_meta ...
Processing system_ext/framework/oat/arm/gson.vdex.fsv_meta ...
Processing system_ext/framework/oat/arm/hyper-telephony-common-ext.odex.fsv_meta ...
Processing system_ext/framework/oat/arm/hyper-telephony-common-ext.vdex.fsv_meta ...
Processing system_ext/framework/oat/arm/hyper-telephony-common.odex.fsv_meta ...
Processing system_ext/framework/oat/arm/hyper-telephony-common.vdex.fsv_meta ...
Processing system_ext/framework/oat/arm/hyperos.rustruntime.odex.fsv_meta ...
Processing system_ext/framework/oat/arm/hyperos.rustruntime.vdex.fsv_meta ...
Processing system_ext/framework/oat/arm/livephoto-lite.odex.fsv_meta ...
Processing system_ext/framework/oat/arm/livephoto-lite.vdex.fsv_meta ...
Processing system_ext/framework/oat/arm/miui-appcompat.appcontinuity.odex.fsv_meta ...
Processing system_ext/framework/oat/arm/miui-appcompat.appcontinuity.vdex.fsv_meta ...
Processing system_ext/framework/oat/arm/miui-appcompat.odex.fsv_meta ...
Processing system_ext/framework/oat/arm/miui-appcompat.vdex.fsv_meta ...
Processing system_ext/framework/oat/arm/miui-cameraopt.odex.fsv_meta ...
Processing system_ext/framework/oat/arm/miui-cameraopt.vdex.fsv_meta ...
Processing system_ext/framework/oat/arm/miui-connectivity-service.odex.fsv_meta ...
Processing system_ext/framework/oat/arm/miui-connectivity-service.vdex.fsv_meta ...
Processing system_ext/framework/oat/arm/miui-embedding-window.odex.fsv_meta ...
Processing system_ext/framework/oat/arm/miui-embedding-window.vdex.fsv_meta ...
Processing system_ext/framework/oat/arm/miui-framework.autoui.art.fsv_meta ...
Processing system_ext/framework/oat/arm/miui-framework.autoui.odex.fsv_meta ...
Processing system_ext/framework/oat/arm/miui-framework.autoui.vdex.fsv_meta ...
Processing system_ext/framework/oat/arm/miui-framework.hovermode.odex.fsv_meta ...
Processing system_ext/framework/oat/arm/miui-framework.hovermode.vdex.fsv_meta ...
Processing system_ext/framework/oat/arm/miui-framework.hyperviewscale.odex.fsv_meta ...
Processing system_ext/framework/oat/arm/miui-framework.hyperviewscale.vdex.fsv_meta ...
Processing system_ext/framework/oat/arm/miui-framework.thirdappopt.odex.fsv_meta ...
Processing system_ext/framework/oat/arm/miui-framework.thirdappopt.vdex.fsv_meta ...
Processing system_ext/framework/oat/arm/miui-services.autoui.odex.fsv_meta ...
Processing system_ext/framework/oat/arm/miui-services.autoui.vdex.fsv_meta ...
Processing system_ext/framework/oat/arm/miui-services.hovermode.odex.fsv_meta ...
Processing system_ext/framework/oat/arm/miui-services.hovermode.vdex.fsv_meta ...
Processing system_ext/framework/oat/arm/miui-services.hyperviewscale.odex.fsv_meta ...
Processing system_ext/framework/oat/arm/miui-services.hyperviewscale.vdex.fsv_meta ...
Processing system_ext/framework/oat/arm/miui-services.thirdappopt.odex.fsv_meta ...
Processing system_ext/framework/oat/arm/miui-services.thirdappopt.vdex.fsv_meta ...
Processing system_ext/framework/oat/arm/miui-wifi-service.odex.fsv_meta ...
Processing system_ext/framework/oat/arm/miui-wifi-service.vdex.fsv_meta ...
Processing system_ext/framework/oat/arm/miui.car.server.odex.fsv_meta ...
Processing system_ext/framework/oat/arm/miui.car.server.vdex.fsv_meta ...
Processing system_ext/framework/oat/arm/miuix.odex.fsv_meta ...
Processing system_ext/framework/oat/arm/miuix.vdex.fsv_meta ...
Processing system_ext/framework/oat/arm/pag-hyperos-release.odex.fsv_meta ...
Processing system_ext/framework/oat/arm/pag-hyperos-release.vdex.fsv_meta ...
Processing system_ext/framework/oat/arm/qcrilhook.odex.fsv_meta ...
Processing system_ext/framework/oat/arm/qcrilhook.vdex.fsv_meta ...
Processing system_ext/framework/oat/arm/qti-telephony-common.odex.fsv_meta ...
Processing system_ext/framework/oat/arm/qti-telephony-common.vdex.fsv_meta ...
Processing system_ext/framework/oat/arm/qti-telephony-hidl-wrapper.odex.fsv_meta ...
Processing system_ext/framework/oat/arm/qti-telephony-hidl-wrapper.vdex.fsv_meta ...
Processing system_ext/framework/oat/arm/qti-telephony-utils.odex.fsv_meta ...
Processing system_ext/framework/oat/arm/qti-telephony-utils.vdex.fsv_meta ...
Processing system_ext/framework/oat/arm/security-device-credential-sdk.odex.fsv_meta ...
Processing system_ext/framework/oat/arm/security-device-credential-sdk.vdex.fsv_meta ...
Processing system_ext/framework/oat/arm/vendor.qti.data.dmapconsent-V1-java.odex.fsv_meta ...
Processing system_ext/framework/oat/arm/vendor.qti.data.dmapconsent-V1-java.vdex.fsv_meta ...
Processing system_ext/framework/oat/arm/vendor.qti.data.dmapconsent-V2-java.odex.fsv_meta ...
Processing system_ext/framework/oat/arm/vendor.qti.data.dmapconsent-V2-java.vdex.fsv_meta ...
Processing system_ext/framework/oat/arm/vendor.qti.data.mwqem-V1.0-java.odex.fsv_meta ...
Processing system_ext/framework/oat/arm/vendor.qti.data.mwqem-V1.0-java.vdex.fsv_meta ...
Processing system_ext/framework/oat/arm/vendor.qti.data.mwqemaidlservice-V1-java.odex.fsv_meta ...
Processing system_ext/framework/oat/arm/vendor.qti.data.mwqemaidlservice-V1-java.vdex.fsv_meta ...
Processing system_ext/framework/oat/arm/vendor.qti.data.slm-V1.0-java.odex.fsv_meta ...
Processing system_ext/framework/oat/arm/vendor.qti.data.slm-V1.0-java.vdex.fsv_meta ...
Processing system_ext/framework/oat/arm/vendor.qti.hardware.alarm-V1.0-java.odex.fsv_meta ...
Processing system_ext/framework/oat/arm/vendor.qti.hardware.alarm-V1.0-java.vdex.fsv_meta ...
Processing system_ext/framework/oat/arm/vendor.qti.hardware.c2pa-V1-java.odex.fsv_meta ...
Processing system_ext/framework/oat/arm/vendor.qti.hardware.c2pa-V1-java.vdex.fsv_meta ...
Processing system_ext/framework/oat/arm/vendor.qti.hardware.capabilityconfigstore-V1.0-java.odex.fsv_meta ...
Processing system_ext/framework/oat/arm/vendor.qti.hardware.capabilityconfigstore-V1.0-java.vdex.fsv_meta ...
Processing system_ext/framework/oat/arm/vendor.qti.hardware.data.connection-V1.0-java.odex.fsv_meta ...
Processing system_ext/framework/oat/arm/vendor.qti.hardware.data.connection-V1.0-java.vdex.fsv_meta ...
Processing system_ext/framework/oat/arm/vendor.qti.hardware.data.connection-V1.1-java.odex.fsv_meta ...
Processing system_ext/framework/oat/arm/vendor.qti.hardware.data.connection-V1.1-java.vdex.fsv_meta ...
Processing system_ext/framework/oat/arm/vendor.qti.hardware.data.dynamicdds-V1.0-java.odex.fsv_meta ...
Processing system_ext/framework/oat/arm/vendor.qti.hardware.data.dynamicdds-V1.0-java.vdex.fsv_meta ...
Processing system_ext/framework/oat/arm/vendor.qti.hardware.data.dynamicdds-V1.1-java.odex.fsv_meta ...
Processing system_ext/framework/oat/arm/vendor.qti.hardware.data.dynamicdds-V1.1-java.vdex.fsv_meta ...
Processing system_ext/framework/oat/arm/vendor.qti.hardware.data.dynamicddsaidlservice-V1-java.odex.fsv_meta ...
Processing system_ext/framework/oat/arm/vendor.qti.hardware.data.dynamicddsaidlservice-V1-java.vdex.fsv_meta ...
Processing system_ext/framework/oat/arm/vendor.qti.hardware.data.flow-V1.0-java.odex.fsv_meta ...
Processing system_ext/framework/oat/arm/vendor.qti.hardware.data.flow-V1.0-java.vdex.fsv_meta ...
Processing system_ext/framework/oat/arm/vendor.qti.hardware.data.flow-V1.1-java.odex.fsv_meta ...
Processing system_ext/framework/oat/arm/vendor.qti.hardware.data.flow-V1.1-java.vdex.fsv_meta ...
Processing system_ext/framework/oat/arm/vendor.qti.hardware.data.flowaidlservice-V1-java.odex.fsv_meta ...
Processing system_ext/framework/oat/arm/vendor.qti.hardware.data.flowaidlservice-V1-java.vdex.fsv_meta ...
Processing system_ext/framework/oat/arm/vendor.qti.hardware.data.iwlan-V1.0-java.odex.fsv_meta ...
Processing system_ext/framework/oat/arm/vendor.qti.hardware.data.iwlan-V1.0-java.vdex.fsv_meta ...
Processing system_ext/framework/oat/arm/vendor.qti.hardware.data.iwlan-V1.1-java.odex.fsv_meta ...
Processing system_ext/framework/oat/arm/vendor.qti.hardware.data.iwlan-V1.1-java.vdex.fsv_meta ...
Processing system_ext/framework/oat/arm/vendor.qti.hardware.data.iwlandata-V1-java.odex.fsv_meta ...
Processing system_ext/framework/oat/arm/vendor.qti.hardware.data.iwlandata-V1-java.vdex.fsv_meta ...
Processing system_ext/framework/oat/arm/vendor.qti.hardware.data.latency-V1.0-java.odex.fsv_meta ...
Processing system_ext/framework/oat/arm/vendor.qti.hardware.data.latency-V1.0-java.vdex.fsv_meta ...
Processing system_ext/framework/oat/arm/vendor.qti.hardware.data.lce-V1.0-java.odex.fsv_meta ...
Processing system_ext/framework/oat/arm/vendor.qti.hardware.data.lce-V1.0-java.vdex.fsv_meta ...
Processing system_ext/framework/oat/arm/vendor.qti.hardware.data.lceaidlservice-V1-java.odex.fsv_meta ...
Processing system_ext/framework/oat/arm/vendor.qti.hardware.data.lceaidlservice-V1-java.vdex.fsv_meta ...
Processing system_ext/framework/oat/arm/vendor.qti.hardware.fingerprint-V1.0-java.odex.fsv_meta ...
Processing system_ext/framework/oat/arm/vendor.qti.hardware.fingerprint-V1.0-java.vdex.fsv_meta ...
Processing system_ext/framework/oat/arm/vendor.qti.hardware.sensorscalibrate-V1.0-java.odex.fsv_meta ...
Processing system_ext/framework/oat/arm/vendor.qti.hardware.sensorscalibrate-V1.0-java.vdex.fsv_meta ...
Processing system_ext/framework/oat/arm/vendor.qti.hardware.wigig.netperftuner-V1.0-java.odex.fsv_meta ...
Processing system_ext/framework/oat/arm/vendor.qti.hardware.wigig.netperftuner-V1.0-java.vdex.fsv_meta ...
Processing system_ext/framework/oat/arm/vendor.qti.hardware.wigig.supptunnel-V1.0-java.odex.fsv_meta ...
Processing system_ext/framework/oat/arm/vendor.qti.hardware.wigig.supptunnel-V1.0-java.vdex.fsv_meta ...
Processing system_ext/framework/oat/arm/vendor.qti.ims.callcapability-V1.0-java.odex.fsv_meta ...
Processing system_ext/framework/oat/arm/vendor.qti.ims.callcapability-V1.0-java.vdex.fsv_meta ...
Processing system_ext/framework/oat/arm/vendor.qti.ims.callcapabilityaidlservice-V1-java.odex.fsv_meta ...
Processing system_ext/framework/oat/arm/vendor.qti.ims.callcapabilityaidlservice-V1-java.vdex.fsv_meta ...
Processing system_ext/framework/oat/arm/vendor.qti.ims.callinfo-V1.0-java.odex.fsv_meta ...
Processing system_ext/framework/oat/arm/vendor.qti.ims.callinfo-V1.0-java.vdex.fsv_meta ...
Processing system_ext/framework/oat/arm/vendor.qti.ims.configaidlservice-V1-java.odex.fsv_meta ...
Processing system_ext/framework/oat/arm/vendor.qti.ims.configaidlservice-V1-java.vdex.fsv_meta ...
Processing system_ext/framework/oat/arm/vendor.qti.ims.configservice-V1.0-java.odex.fsv_meta ...
Processing system_ext/framework/oat/arm/vendor.qti.ims.configservice-V1.0-java.vdex.fsv_meta ...
Processing system_ext/framework/oat/arm/vendor.qti.ims.configservice-V1.1-java.odex.fsv_meta ...
Processing system_ext/framework/oat/arm/vendor.qti.ims.configservice-V1.1-java.vdex.fsv_meta ...
Processing system_ext/framework/oat/arm/vendor.qti.ims.imscmaidlservice-V1-java.odex.fsv_meta ...
Processing system_ext/framework/oat/arm/vendor.qti.ims.imscmaidlservice-V1-java.vdex.fsv_meta ...
Processing system_ext/framework/oat/arm/vendor.qti.ims.rcsconfig-V1.0-java.odex.fsv_meta ...
Processing system_ext/framework/oat/arm/vendor.qti.ims.rcsconfig-V1.0-java.vdex.fsv_meta ...
Processing system_ext/framework/oat/arm/vendor.qti.ims.rcsconfig-V1.1-java.odex.fsv_meta ...
Processing system_ext/framework/oat/arm/vendor.qti.ims.rcsconfig-V1.1-java.vdex.fsv_meta ...
Processing system_ext/framework/oat/arm/vendor.qti.ims.rcsconfig-V2.0-java.odex.fsv_meta ...
Processing system_ext/framework/oat/arm/vendor.qti.ims.rcsconfig-V2.0-java.vdex.fsv_meta ...
Processing system_ext/framework/oat/arm/vendor.qti.ims.rcsconfig-V2.1-java.odex.fsv_meta ...
Processing system_ext/framework/oat/arm/vendor.qti.ims.rcsconfig-V2.1-java.vdex.fsv_meta ...
Processing system_ext/framework/oat/arm/vendor.qti.ims.uceaidlservice-V1-java.odex.fsv_meta ...
Processing system_ext/framework/oat/arm/vendor.qti.ims.uceaidlservice-V1-java.vdex.fsv_meta ...
Processing system_ext/framework/oat/arm/vendor.qti.imsdatachannel.odex.fsv_meta ...
Processing system_ext/framework/oat/arm/vendor.qti.imsdatachannel.vdex.fsv_meta ...
Processing system_ext/framework/oat/arm/vendor.qti.latency-V2.0-java.odex.fsv_meta ...
Processing system_ext/framework/oat/arm/vendor.qti.latency-V2.0-java.vdex.fsv_meta ...
Processing system_ext/framework/oat/arm/vendor.qti.latency-V2.1-java.odex.fsv_meta ...
Processing system_ext/framework/oat/arm/vendor.qti.latency-V2.1-java.vdex.fsv_meta ...
Processing system_ext/framework/oat/arm/vendor.qti.latency-V2.2-java.odex.fsv_meta ...
Processing system_ext/framework/oat/arm/vendor.qti.latency-V2.2-java.vdex.fsv_meta ...
Processing system_ext/framework/oat/arm/vendor.qti.latencyaidlservice-V1-java.odex.fsv_meta ...
Processing system_ext/framework/oat/arm/vendor.qti.latencyaidlservice-V1-java.vdex.fsv_meta ...
Processing system_ext/framework/oat/arm/vendor.xiaomi.hardware.aidl.intentaware-V1-java.odex.fsv_meta ...
Processing system_ext/framework/oat/arm/vendor.xiaomi.hardware.aidl.intentaware-V1-java.vdex.fsv_meta ...
Processing system_ext/framework/oat/arm/vendor.xiaomi.hardware.aidlbgservice-V1-java.odex.fsv_meta ...
Processing system_ext/framework/oat/arm/vendor.xiaomi.hardware.aidlbgservice-V1-java.vdex.fsv_meta ...
Processing system_ext/framework/oat/arm/vendor.xiaomi.hardware.aidlcampostproc-V1-java.odex.fsv_meta ...
Processing system_ext/framework/oat/arm/vendor.xiaomi.hardware.aidlcampostproc-V1-java.vdex.fsv_meta ...
Processing system_ext/framework/oat/arm/vendor.xiaomi.hardware.bgservice-V1.0-java.odex.fsv_meta ...
Processing system_ext/framework/oat/arm/vendor.xiaomi.hardware.bgservice-V1.0-java.vdex.fsv_meta ...
Processing system_ext/framework/oat/arm/vendor.xiaomi.hardware.misys-V1.0-java.odex.fsv_meta ...
Processing system_ext/framework/oat/arm/vendor.xiaomi.hardware.misys-V1.0-java.vdex.fsv_meta ...
Processing system_ext/framework/oat/arm/vendor.xiaomi.hardware.misys-V2.0-java.odex.fsv_meta ...
Processing system_ext/framework/oat/arm/vendor.xiaomi.hardware.misys-V2.0-java.vdex.fsv_meta ...
Processing system_ext/framework/oat/arm/vendor.xiaomi.hardware.misys-V4.0-java.odex.fsv_meta ...
Processing system_ext/framework/oat/arm/vendor.xiaomi.hardware.misys-V4.0-java.vdex.fsv_meta ...
Processing system_ext/framework/oat/arm/vendor.xiaomi.hardware.misys.V3_0.odex.fsv_meta ...
Processing system_ext/framework/oat/arm/vendor.xiaomi.hardware.misys.V3_0.vdex.fsv_meta ...
Processing system_ext/framework/oat/arm/vendor.xiaomi.hardware.misys.common-V2-java.odex.fsv_meta ...
Processing system_ext/framework/oat/arm/vendor.xiaomi.hardware.misys.common-V2-java.vdex.fsv_meta ...
Processing system_ext/framework/oat/arm/vendor.xiaomi.hardware.postprocservice-V1-java.odex.fsv_meta ...
Processing system_ext/framework/oat/arm/vendor.xiaomi.hardware.postprocservice-V1-java.vdex.fsv_meta ...
Processing system_ext/framework/oat/arm/vendor.xiaomi.hardware.satellite-V1-java.odex.fsv_meta ...
Processing system_ext/framework/oat/arm/vendor.xiaomi.hardware.satellite-V1-java.vdex.fsv_meta ...
Processing system_ext/framework/oat/arm/xiaomi-modem-common.odex.fsv_meta ...
Processing system_ext/framework/oat/arm/xiaomi-modem-common.vdex.fsv_meta ...
Processing system_ext/framework/oat/arm/xiaomi-telephony-common.odex.fsv_meta ...
Processing system_ext/framework/oat/arm/xiaomi-telephony-common.vdex.fsv_meta ...
Processing system_ext/framework/oat/arm/xiaomi.system.hypsys.common-V2-java.odex.fsv_meta ...
Processing system_ext/framework/oat/arm/xiaomi.system.hypsys.common-V2-java.vdex.fsv_meta ...
Processing system_ext/framework/oat/arm64/Miui-WindowManager-Shell.odex.fsv_meta ...
Processing system_ext/framework/oat/arm64/Miui-WindowManager-Shell.vdex.fsv_meta ...
Processing system_ext/framework/oat/arm64/MiuiBooster.odex.fsv_meta ...
Processing system_ext/framework/oat/arm64/MiuiBooster.vdex.fsv_meta ...
Processing system_ext/framework/oat/arm64/MiuiSettingsSearchLib.odex.fsv_meta ...
Processing system_ext/framework/oat/arm64/MiuiSettingsSearchLib.vdex.fsv_meta ...
Processing system_ext/framework/oat/arm64/NetworkBoost.odex.fsv_meta ...
Processing system_ext/framework/oat/arm64/NetworkBoost.vdex.fsv_meta ...
Processing system_ext/framework/oat/arm64/SatelliteClient.odex.fsv_meta ...
Processing system_ext/framework/oat/arm64/SatelliteClient.vdex.fsv_meta ...
Processing system_ext/framework/oat/arm64/UniperfClient.odex.fsv_meta ...
Processing system_ext/framework/oat/arm64/UniperfClient.vdex.fsv_meta ...
Processing system_ext/framework/oat/arm64/androidx.window.extensions.odex.fsv_meta ...
Processing system_ext/framework/oat/arm64/androidx.window.extensions.vdex.fsv_meta ...
Processing system_ext/framework/oat/arm64/androidx.window.sidecar.odex.fsv_meta ...
Processing system_ext/framework/oat/arm64/androidx.window.sidecar.vdex.fsv_meta ...
Processing system_ext/framework/oat/arm64/apex@com.android.compos@javalib@service-compos.jar@classes.odex.fsv_meta ...
Processing system_ext/framework/oat/arm64/apex@com.android.compos@javalib@service-compos.jar@classes.vdex.fsv_meta ...
Processing system_ext/framework/oat/arm64/apprecovery.proinstaller.odex.fsv_meta ...
Processing system_ext/framework/oat/arm64/apprecovery.proinstaller.vdex.fsv_meta ...
Processing system_ext/framework/oat/arm64/camerax-vendor-extensions.odex.fsv_meta ...
Processing system_ext/framework/oat/arm64/camerax-vendor-extensions.vdex.fsv_meta ...
Processing system_ext/framework/oat/arm64/com.nxp.nfc.nq.odex.fsv_meta ...
Processing system_ext/framework/oat/arm64/com.nxp.nfc.nq.vdex.fsv_meta ...
Processing system_ext/framework/oat/arm64/com.nxp.nfc.odex.fsv_meta ...
Processing system_ext/framework/oat/arm64/com.nxp.nfc.vdex.fsv_meta ...
Processing system_ext/framework/oat/arm64/com.qti.location.sdk.art.fsv_meta ...
Processing system_ext/framework/oat/arm64/com.qti.location.sdk.odex.fsv_meta ...
Processing system_ext/framework/oat/arm64/com.qti.location.sdk.vdex.fsv_meta ...
Processing system_ext/framework/oat/arm64/com.qti.media.secureprocessor.odex.fsv_meta ...
Processing system_ext/framework/oat/arm64/com.qti.media.secureprocessor.vdex.fsv_meta ...
Processing system_ext/framework/oat/arm64/com.qualcomm.qti.imscmservice-V2.0-java.odex.fsv_meta ...
Processing system_ext/framework/oat/arm64/com.qualcomm.qti.imscmservice-V2.0-java.vdex.fsv_meta ...
Processing system_ext/framework/oat/arm64/com.qualcomm.qti.imscmservice-V2.1-java.odex.fsv_meta ...
Processing system_ext/framework/oat/arm64/com.qualcomm.qti.imscmservice-V2.1-java.vdex.fsv_meta ...
Processing system_ext/framework/oat/arm64/com.qualcomm.qti.imscmservice-V2.2-java.odex.fsv_meta ...
Processing system_ext/framework/oat/arm64/com.qualcomm.qti.imscmservice-V2.2-java.vdex.fsv_meta ...
Processing system_ext/framework/oat/arm64/com.qualcomm.qti.uceservice-V2.0-java.odex.fsv_meta ...
Processing system_ext/framework/oat/arm64/com.qualcomm.qti.uceservice-V2.0-java.vdex.fsv_meta ...
Processing system_ext/framework/oat/arm64/com.qualcomm.qti.uceservice-V2.1-java.odex.fsv_meta ...
Processing system_ext/framework/oat/arm64/com.qualcomm.qti.uceservice-V2.1-java.vdex.fsv_meta ...
Processing system_ext/framework/oat/arm64/com.qualcomm.qti.uceservice-V2.2-java.odex.fsv_meta ...
Processing system_ext/framework/oat/arm64/com.qualcomm.qti.uceservice-V2.2-java.vdex.fsv_meta ...
Processing system_ext/framework/oat/arm64/com.qualcomm.qti.uceservice-V2.3-java.odex.fsv_meta ...
Processing system_ext/framework/oat/arm64/com.qualcomm.qti.uceservice-V2.3-java.vdex.fsv_meta ...
Processing system_ext/framework/oat/arm64/com.st.android.nfc_extensions.odex.fsv_meta ...
Processing system_ext/framework/oat/arm64/com.st.android.nfc_extensions.vdex.fsv_meta ...
Processing system_ext/framework/oat/arm64/com.st.android.nfc_extensions_16.odex.fsv_meta ...
Processing system_ext/framework/oat/arm64/com.st.android.nfc_extensions_16.vdex.fsv_meta ...
Processing system_ext/framework/oat/arm64/com.xiaomi.hardware.camera.companion-V1.odex.fsv_meta ...
Processing system_ext/framework/oat/arm64/com.xiaomi.hardware.camera.companion-V1.vdex.fsv_meta ...
Processing system_ext/framework/oat/arm64/com.xiaomi.nfc.odex.fsv_meta ...
Processing system_ext/framework/oat/arm64/com.xiaomi.nfc.vdex.fsv_meta ...
Processing system_ext/framework/oat/arm64/com.xiaomi.pms.common-V1-java.odex.fsv_meta ...
Processing system_ext/framework/oat/arm64/com.xiaomi.pms.common-V1-java.vdex.fsv_meta ...
Processing system_ext/framework/oat/arm64/com.xiaomi.pms.deferredcameraservice-V1-java.odex.fsv_meta ...
Processing system_ext/framework/oat/arm64/com.xiaomi.pms.deferredcameraservice-V1-java.vdex.fsv_meta ...
Processing system_ext/framework/oat/arm64/com.xiaomi.pms.videoplayprocservice-V1-java.odex.fsv_meta ...
Processing system_ext/framework/oat/arm64/com.xiaomi.pms.videoplayprocservice-V1-java.vdex.fsv_meta ...
Processing system_ext/framework/oat/arm64/com.xiaomi.slalib.odex.fsv_meta ...
Processing system_ext/framework/oat/arm64/com.xiaomi.slalib.vdex.fsv_meta ...
Processing system_ext/framework/oat/arm64/datachannellib.odex.fsv_meta ...
Processing system_ext/framework/oat/arm64/datachannellib.vdex.fsv_meta ...
Processing system_ext/framework/oat/arm64/extphonelib.odex.fsv_meta ...
Processing system_ext/framework/oat/arm64/extphonelib.vdex.fsv_meta ...
Processing system_ext/framework/oat/arm64/global-cleaner-empty.odex.fsv_meta ...
Processing system_ext/framework/oat/arm64/global-cleaner-empty.vdex.fsv_meta ...
Processing system_ext/framework/oat/arm64/gson.odex.fsv_meta ...
Processing system_ext/framework/oat/arm64/gson.vdex.fsv_meta ...
Processing system_ext/framework/oat/arm64/hyper-telephony-common-ext.odex.fsv_meta ...
Processing system_ext/framework/oat/arm64/hyper-telephony-common-ext.vdex.fsv_meta ...
Processing system_ext/framework/oat/arm64/hyper-telephony-common.odex.fsv_meta ...
Processing system_ext/framework/oat/arm64/hyper-telephony-common.vdex.fsv_meta ...
Processing system_ext/framework/oat/arm64/hyperos.rustruntime.odex.fsv_meta ...
Processing system_ext/framework/oat/arm64/hyperos.rustruntime.vdex.fsv_meta ...
Processing system_ext/framework/oat/arm64/livephoto-lite.odex.fsv_meta ...
Processing system_ext/framework/oat/arm64/livephoto-lite.vdex.fsv_meta ...
Processing system_ext/framework/oat/arm64/miui-appcompat.appcontinuity.odex.fsv_meta ...
Processing system_ext/framework/oat/arm64/miui-appcompat.appcontinuity.vdex.fsv_meta ...
Processing system_ext/framework/oat/arm64/miui-appcompat.odex.fsv_meta ...
Processing system_ext/framework/oat/arm64/miui-appcompat.vdex.fsv_meta ...
Processing system_ext/framework/oat/arm64/miui-cameraopt.odex.fsv_meta ...
Processing system_ext/framework/oat/arm64/miui-cameraopt.vdex.fsv_meta ...
Processing system_ext/framework/oat/arm64/miui-connectivity-service.odex.fsv_meta ...
Processing system_ext/framework/oat/arm64/miui-connectivity-service.vdex.fsv_meta ...
Processing system_ext/framework/oat/arm64/miui-embedding-window.odex.fsv_meta ...
Processing system_ext/framework/oat/arm64/miui-embedding-window.vdex.fsv_meta ...
Processing system_ext/framework/oat/arm64/miui-framework.autoui.art.fsv_meta ...
Processing system_ext/framework/oat/arm64/miui-framework.autoui.odex.fsv_meta ...
Processing system_ext/framework/oat/arm64/miui-framework.autoui.vdex.fsv_meta ...
Processing system_ext/framework/oat/arm64/miui-framework.hovermode.odex.fsv_meta ...
Processing system_ext/framework/oat/arm64/miui-framework.hovermode.vdex.fsv_meta ...
Processing system_ext/framework/oat/arm64/miui-framework.hyperviewscale.odex.fsv_meta ...
Processing system_ext/framework/oat/arm64/miui-framework.hyperviewscale.vdex.fsv_meta ...
Processing system_ext/framework/oat/arm64/miui-framework.thirdappopt.odex.fsv_meta ...
Processing system_ext/framework/oat/arm64/miui-framework.thirdappopt.vdex.fsv_meta ...
Processing system_ext/framework/oat/arm64/miui-services.art.fsv_meta ...
Processing system_ext/framework/oat/arm64/miui-services.autoui.odex.fsv_meta ...
Processing system_ext/framework/oat/arm64/miui-services.autoui.vdex.fsv_meta ...
Processing system_ext/framework/oat/arm64/miui-services.hovermode.odex.fsv_meta ...
Processing system_ext/framework/oat/arm64/miui-services.hovermode.vdex.fsv_meta ...
Processing system_ext/framework/oat/arm64/miui-services.hyperviewscale.odex.fsv_meta ...
Processing system_ext/framework/oat/arm64/miui-services.hyperviewscale.vdex.fsv_meta ...
Processing system_ext/framework/oat/arm64/miui-services.odex.fsv_meta ...
Processing system_ext/framework/oat/arm64/miui-services.thirdappopt.odex.fsv_meta ...
Processing system_ext/framework/oat/arm64/miui-services.thirdappopt.vdex.fsv_meta ...
Processing system_ext/framework/oat/arm64/miui-services.vdex.fsv_meta ...
Processing system_ext/framework/oat/arm64/miui-wifi-service.odex.fsv_meta ...
Processing system_ext/framework/oat/arm64/miui-wifi-service.vdex.fsv_meta ...
Processing system_ext/framework/oat/arm64/miui.car.server.odex.fsv_meta ...
Processing system_ext/framework/oat/arm64/miui.car.server.vdex.fsv_meta ...
Processing system_ext/framework/oat/arm64/miuix.odex.fsv_meta ...
Processing system_ext/framework/oat/arm64/miuix.vdex.fsv_meta ...
Processing system_ext/framework/oat/arm64/pag-hyperos-release.odex.fsv_meta ...
Processing system_ext/framework/oat/arm64/pag-hyperos-release.vdex.fsv_meta ...
Processing system_ext/framework/oat/arm64/qcrilhook.odex.fsv_meta ...
Processing system_ext/framework/oat/arm64/qcrilhook.vdex.fsv_meta ...
Processing system_ext/framework/oat/arm64/qti-telephony-common.odex.fsv_meta ...
Processing system_ext/framework/oat/arm64/qti-telephony-common.vdex.fsv_meta ...
Processing system_ext/framework/oat/arm64/qti-telephony-hidl-wrapper.odex.fsv_meta ...
Processing system_ext/framework/oat/arm64/qti-telephony-hidl-wrapper.vdex.fsv_meta ...
Processing system_ext/framework/oat/arm64/qti-telephony-utils.odex.fsv_meta ...
Processing system_ext/framework/oat/arm64/qti-telephony-utils.vdex.fsv_meta ...
Processing system_ext/framework/oat/arm64/security-device-credential-sdk.odex.fsv_meta ...
Processing system_ext/framework/oat/arm64/security-device-credential-sdk.vdex.fsv_meta ...
Processing system_ext/framework/oat/arm64/vendor.qti.data.dmapconsent-V1-java.odex.fsv_meta ...
Processing system_ext/framework/oat/arm64/vendor.qti.data.dmapconsent-V1-java.vdex.fsv_meta ...
Processing system_ext/framework/oat/arm64/vendor.qti.data.dmapconsent-V2-java.odex.fsv_meta ...
Processing system_ext/framework/oat/arm64/vendor.qti.data.dmapconsent-V2-java.vdex.fsv_meta ...
Processing system_ext/framework/oat/arm64/vendor.qti.data.mwqem-V1.0-java.odex.fsv_meta ...
Processing system_ext/framework/oat/arm64/vendor.qti.data.mwqem-V1.0-java.vdex.fsv_meta ...
Processing system_ext/framework/oat/arm64/vendor.qti.data.mwqemaidlservice-V1-java.odex.fsv_meta ...
Processing system_ext/framework/oat/arm64/vendor.qti.data.mwqemaidlservice-V1-java.vdex.fsv_meta ...
Processing system_ext/framework/oat/arm64/vendor.qti.data.slm-V1.0-java.odex.fsv_meta ...
Processing system_ext/framework/oat/arm64/vendor.qti.data.slm-V1.0-java.vdex.fsv_meta ...
Processing system_ext/framework/oat/arm64/vendor.qti.hardware.alarm-V1.0-java.odex.fsv_meta ...
Processing system_ext/framework/oat/arm64/vendor.qti.hardware.alarm-V1.0-java.vdex.fsv_meta ...
Processing system_ext/framework/oat/arm64/vendor.qti.hardware.c2pa-V1-java.odex.fsv_meta ...
Processing system_ext/framework/oat/arm64/vendor.qti.hardware.c2pa-V1-java.vdex.fsv_meta ...
Processing system_ext/framework/oat/arm64/vendor.qti.hardware.capabilityconfigstore-V1.0-java.odex.fsv_meta ...
Processing system_ext/framework/oat/arm64/vendor.qti.hardware.capabilityconfigstore-V1.0-java.vdex.fsv_meta ...
Processing system_ext/framework/oat/arm64/vendor.qti.hardware.data.connection-V1.0-java.odex.fsv_meta ...
Processing system_ext/framework/oat/arm64/vendor.qti.hardware.data.connection-V1.0-java.vdex.fsv_meta ...
Processing system_ext/framework/oat/arm64/vendor.qti.hardware.data.connection-V1.1-java.odex.fsv_meta ...
Processing system_ext/framework/oat/arm64/vendor.qti.hardware.data.connection-V1.1-java.vdex.fsv_meta ...
Processing system_ext/framework/oat/arm64/vendor.qti.hardware.data.dynamicdds-V1.0-java.odex.fsv_meta ...
Processing system_ext/framework/oat/arm64/vendor.qti.hardware.data.dynamicdds-V1.0-java.vdex.fsv_meta ...
Processing system_ext/framework/oat/arm64/vendor.qti.hardware.data.dynamicdds-V1.1-java.odex.fsv_meta ...
Processing system_ext/framework/oat/arm64/vendor.qti.hardware.data.dynamicdds-V1.1-java.vdex.fsv_meta ...
Processing system_ext/framework/oat/arm64/vendor.qti.hardware.data.dynamicddsaidlservice-V1-java.odex.fsv_meta ...
Processing system_ext/framework/oat/arm64/vendor.qti.hardware.data.dynamicddsaidlservice-V1-java.vdex.fsv_meta ...
Processing system_ext/framework/oat/arm64/vendor.qti.hardware.data.flow-V1.0-java.odex.fsv_meta ...
Processing system_ext/framework/oat/arm64/vendor.qti.hardware.data.flow-V1.0-java.vdex.fsv_meta ...
Processing system_ext/framework/oat/arm64/vendor.qti.hardware.data.flow-V1.1-java.odex.fsv_meta ...
Processing system_ext/framework/oat/arm64/vendor.qti.hardware.data.flow-V1.1-java.vdex.fsv_meta ...
Processing system_ext/framework/oat/arm64/vendor.qti.hardware.data.flowaidlservice-V1-java.odex.fsv_meta ...
Processing system_ext/framework/oat/arm64/vendor.qti.hardware.data.flowaidlservice-V1-java.vdex.fsv_meta ...
Processing system_ext/framework/oat/arm64/vendor.qti.hardware.data.iwlan-V1.0-java.odex.fsv_meta ...
Processing system_ext/framework/oat/arm64/vendor.qti.hardware.data.iwlan-V1.0-java.vdex.fsv_meta ...
Processing system_ext/framework/oat/arm64/vendor.qti.hardware.data.iwlan-V1.1-java.odex.fsv_meta ...
Processing system_ext/framework/oat/arm64/vendor.qti.hardware.data.iwlan-V1.1-java.vdex.fsv_meta ...
Processing system_ext/framework/oat/arm64/vendor.qti.hardware.data.iwlandata-V1-java.odex.fsv_meta ...
Processing system_ext/framework/oat/arm64/vendor.qti.hardware.data.iwlandata-V1-java.vdex.fsv_meta ...
Processing system_ext/framework/oat/arm64/vendor.qti.hardware.data.latency-V1.0-java.odex.fsv_meta ...
Processing system_ext/framework/oat/arm64/vendor.qti.hardware.data.latency-V1.0-java.vdex.fsv_meta ...
Processing system_ext/framework/oat/arm64/vendor.qti.hardware.data.lce-V1.0-java.odex.fsv_meta ...
Processing system_ext/framework/oat/arm64/vendor.qti.hardware.data.lce-V1.0-java.vdex.fsv_meta ...
Processing system_ext/framework/oat/arm64/vendor.qti.hardware.data.lceaidlservice-V1-java.odex.fsv_meta ...
Processing system_ext/framework/oat/arm64/vendor.qti.hardware.data.lceaidlservice-V1-java.vdex.fsv_meta ...
Processing system_ext/framework/oat/arm64/vendor.qti.hardware.fingerprint-V1.0-java.odex.fsv_meta ...
Processing system_ext/framework/oat/arm64/vendor.qti.hardware.fingerprint-V1.0-java.vdex.fsv_meta ...
Processing system_ext/framework/oat/arm64/vendor.qti.hardware.sensorscalibrate-V1.0-java.odex.fsv_meta ...
Processing system_ext/framework/oat/arm64/vendor.qti.hardware.sensorscalibrate-V1.0-java.vdex.fsv_meta ...
Processing system_ext/framework/oat/arm64/vendor.qti.hardware.wigig.netperftuner-V1.0-java.odex.fsv_meta ...
Processing system_ext/framework/oat/arm64/vendor.qti.hardware.wigig.netperftuner-V1.0-java.vdex.fsv_meta ...
Processing system_ext/framework/oat/arm64/vendor.qti.hardware.wigig.supptunnel-V1.0-java.odex.fsv_meta ...
Processing system_ext/framework/oat/arm64/vendor.qti.hardware.wigig.supptunnel-V1.0-java.vdex.fsv_meta ...
Processing system_ext/framework/oat/arm64/vendor.qti.ims.callcapability-V1.0-java.odex.fsv_meta ...
Processing system_ext/framework/oat/arm64/vendor.qti.ims.callcapability-V1.0-java.vdex.fsv_meta ...
Processing system_ext/framework/oat/arm64/vendor.qti.ims.callcapabilityaidlservice-V1-java.odex.fsv_meta ...
Processing system_ext/framework/oat/arm64/vendor.qti.ims.callcapabilityaidlservice-V1-java.vdex.fsv_meta ...
Processing system_ext/framework/oat/arm64/vendor.qti.ims.callinfo-V1.0-java.odex.fsv_meta ...
Processing system_ext/framework/oat/arm64/vendor.qti.ims.callinfo-V1.0-java.vdex.fsv_meta ...
Processing system_ext/framework/oat/arm64/vendor.qti.ims.configaidlservice-V1-java.odex.fsv_meta ...
Processing system_ext/framework/oat/arm64/vendor.qti.ims.configaidlservice-V1-java.vdex.fsv_meta ...
Processing system_ext/framework/oat/arm64/vendor.qti.ims.configservice-V1.0-java.odex.fsv_meta ...
Processing system_ext/framework/oat/arm64/vendor.qti.ims.configservice-V1.0-java.vdex.fsv_meta ...
Processing system_ext/framework/oat/arm64/vendor.qti.ims.configservice-V1.1-java.odex.fsv_meta ...
Processing system_ext/framework/oat/arm64/vendor.qti.ims.configservice-V1.1-java.vdex.fsv_meta ...
Processing system_ext/framework/oat/arm64/vendor.qti.ims.imscmaidlservice-V1-java.odex.fsv_meta ...
Processing system_ext/framework/oat/arm64/vendor.qti.ims.imscmaidlservice-V1-java.vdex.fsv_meta ...
Processing system_ext/framework/oat/arm64/vendor.qti.ims.rcsconfig-V1.0-java.odex.fsv_meta ...
Processing system_ext/framework/oat/arm64/vendor.qti.ims.rcsconfig-V1.0-java.vdex.fsv_meta ...
Processing system_ext/framework/oat/arm64/vendor.qti.ims.rcsconfig-V1.1-java.odex.fsv_meta ...
Processing system_ext/framework/oat/arm64/vendor.qti.ims.rcsconfig-V1.1-java.vdex.fsv_meta ...
Processing system_ext/framework/oat/arm64/vendor.qti.ims.rcsconfig-V2.0-java.odex.fsv_meta ...
Processing system_ext/framework/oat/arm64/vendor.qti.ims.rcsconfig-V2.0-java.vdex.fsv_meta ...
Processing system_ext/framework/oat/arm64/vendor.qti.ims.rcsconfig-V2.1-java.odex.fsv_meta ...
Processing system_ext/framework/oat/arm64/vendor.qti.ims.rcsconfig-V2.1-java.vdex.fsv_meta ...
Processing system_ext/framework/oat/arm64/vendor.qti.ims.uceaidlservice-V1-java.odex.fsv_meta ...
Processing system_ext/framework/oat/arm64/vendor.qti.ims.uceaidlservice-V1-java.vdex.fsv_meta ...
Processing system_ext/framework/oat/arm64/vendor.qti.imsdatachannel.odex.fsv_meta ...
Processing system_ext/framework/oat/arm64/vendor.qti.imsdatachannel.vdex.fsv_meta ...
Processing system_ext/framework/oat/arm64/vendor.qti.latency-V2.0-java.odex.fsv_meta ...
Processing system_ext/framework/oat/arm64/vendor.qti.latency-V2.0-java.vdex.fsv_meta ...
Processing system_ext/framework/oat/arm64/vendor.qti.latency-V2.1-java.odex.fsv_meta ...
Processing system_ext/framework/oat/arm64/vendor.qti.latency-V2.1-java.vdex.fsv_meta ...
Processing system_ext/framework/oat/arm64/vendor.qti.latency-V2.2-java.odex.fsv_meta ...
Processing system_ext/framework/oat/arm64/vendor.qti.latency-V2.2-java.vdex.fsv_meta ...
Processing system_ext/framework/oat/arm64/vendor.qti.latencyaidlservice-V1-java.odex.fsv_meta ...
Processing system_ext/framework/oat/arm64/vendor.qti.latencyaidlservice-V1-java.vdex.fsv_meta ...
Processing system_ext/framework/oat/arm64/vendor.xiaomi.hardware.aidl.intentaware-V1-java.odex.fsv_meta ...
Processing system_ext/framework/oat/arm64/vendor.xiaomi.hardware.aidl.intentaware-V1-java.vdex.fsv_meta ...
Processing system_ext/framework/oat/arm64/vendor.xiaomi.hardware.aidlbgservice-V1-java.odex.fsv_meta ...
Processing system_ext/framework/oat/arm64/vendor.xiaomi.hardware.aidlbgservice-V1-java.vdex.fsv_meta ...
Processing system_ext/framework/oat/arm64/vendor.xiaomi.hardware.aidlcampostproc-V1-java.odex.fsv_meta ...
Processing system_ext/framework/oat/arm64/vendor.xiaomi.hardware.aidlcampostproc-V1-java.vdex.fsv_meta ...
Processing system_ext/framework/oat/arm64/vendor.xiaomi.hardware.bgservice-V1.0-java.odex.fsv_meta ...
Processing system_ext/framework/oat/arm64/vendor.xiaomi.hardware.bgservice-V1.0-java.vdex.fsv_meta ...
Processing system_ext/framework/oat/arm64/vendor.xiaomi.hardware.misys-V1.0-java.odex.fsv_meta ...
Processing system_ext/framework/oat/arm64/vendor.xiaomi.hardware.misys-V1.0-java.vdex.fsv_meta ...
Processing system_ext/framework/oat/arm64/vendor.xiaomi.hardware.misys-V2.0-java.odex.fsv_meta ...
Processing system_ext/framework/oat/arm64/vendor.xiaomi.hardware.misys-V2.0-java.vdex.fsv_meta ...
Processing system_ext/framework/oat/arm64/vendor.xiaomi.hardware.misys-V4.0-java.odex.fsv_meta ...
Processing system_ext/framework/oat/arm64/vendor.xiaomi.hardware.misys-V4.0-java.vdex.fsv_meta ...
Processing system_ext/framework/oat/arm64/vendor.xiaomi.hardware.misys.V3_0.odex.fsv_meta ...
Processing system_ext/framework/oat/arm64/vendor.xiaomi.hardware.misys.V3_0.vdex.fsv_meta ...
Processing system_ext/framework/oat/arm64/vendor.xiaomi.hardware.misys.common-V2-java.odex.fsv_meta ...
Processing system_ext/framework/oat/arm64/vendor.xiaomi.hardware.misys.common-V2-java.vdex.fsv_meta ...
Processing system_ext/framework/oat/arm64/vendor.xiaomi.hardware.postprocservice-V1-java.odex.fsv_meta ...
Processing system_ext/framework/oat/arm64/vendor.xiaomi.hardware.postprocservice-V1-java.vdex.fsv_meta ...
Processing system_ext/framework/oat/arm64/vendor.xiaomi.hardware.satellite-V1-java.odex.fsv_meta ...
Processing system_ext/framework/oat/arm64/vendor.xiaomi.hardware.satellite-V1-java.vdex.fsv_meta ...
Processing system_ext/framework/oat/arm64/xiaomi-modem-common.odex.fsv_meta ...
Processing system_ext/framework/oat/arm64/xiaomi-modem-common.vdex.fsv_meta ...
Processing system_ext/framework/oat/arm64/xiaomi-telephony-common.odex.fsv_meta ...
Processing system_ext/framework/oat/arm64/xiaomi-telephony-common.vdex.fsv_meta ...
Processing system_ext/framework/oat/arm64/xiaomi.system.hypsys.common-V2-java.odex.fsv_meta ...
Processing system_ext/framework/oat/arm64/xiaomi.system.hypsys.common-V2-java.vdex.fsv_meta ...
Processing system_ext/lib/android.hardware.graphics.composer@2.1.so ...
Processing system_ext/lib/android.hardware.graphics.composer@2.2.so ...
Processing system_ext/lib/android.hardware.graphics.composer@2.3.so ...
Processing system_ext/lib/android.hardware.graphics.composer@2.4.so ...
Processing system_ext/lib/android.hidl.base@1.0.so ...
Processing system_ext/lib/com.android.ozoaudio.notify-V1-cpp.so ...
Processing system_ext/lib/com.android.ozoaudio.notify-V1-ndk.so ...
Processing system_ext/lib/com.android.ozoaudio.notify-V2-cpp.so ...
Processing system_ext/lib/com.android.ozoaudio.notify-V2-ndk.so ...
Processing system_ext/lib/com.qualcomm.qti.ant@1.0.so ...
Processing system_ext/lib/com.qualcomm.qti.bluetooth_audio@1.0.so ...
Processing system_ext/lib/com.qualcomm.qti.dpm.api@1.0.so ...
Processing system_ext/lib/com.qualcomm.qti.imscmservice@2.0.so ...
Processing system_ext/lib/com.qualcomm.qti.imscmservice@2.1.so ...
Processing system_ext/lib/com.qualcomm.qti.imscmservice@2.2.so ...
Processing system_ext/lib/com.qualcomm.qti.uceservice@2.0.so ...
Processing system_ext/lib/com.qualcomm.qti.uceservice@2.1.so ...
Processing system_ext/lib/com.qualcomm.qti.uceservice@2.2.so ...
Processing system_ext/lib/com.qualcomm.qti.uceservice@2.3.so ...
Processing system_ext/lib/com.quicinc.cne.api@1.0.so ...
Processing system_ext/lib/com.quicinc.cne.api@1.1.so ...
Processing system_ext/lib/com.quicinc.cne.constants@1.0.so ...
Processing system_ext/lib/com.quicinc.cne.constants@2.0.so ...
Processing system_ext/lib/com.quicinc.cne.constants@2.1.so ...
Processing system_ext/lib/com.quicinc.cne.server@1.0.so ...
Processing system_ext/lib/com.quicinc.cne.server@2.0.so ...
Processing system_ext/lib/com.quicinc.cne.server@2.1.so ...
Processing system_ext/lib/com.quicinc.cne.server@2.2.so ...
Processing system_ext/lib/fm_helium.so ...
Processing system_ext/lib/hw ...
Processing system_ext/lib/lib-imsvideocodec.so ...
Processing system_ext/lib/lib-imsvt.so ...
Processing system_ext/lib/lib-imsvtextutils.so ...
Processing system_ext/lib/lib-imsvtutils.so ...
Processing system_ext/lib/libAGC_recpp.so ...
Processing system_ext/lib/libANS_recpp.so ...
Processing system_ext/lib/libAdaptiveEQ_recpp.so ...
Processing system_ext/lib/libCompressor_recpp.so ...
Processing system_ext/lib/libDiagService.so ...
Processing system_ext/lib/libGPMTEEC_system.qti.so ...
Processing system_ext/lib/libGPQTEEC_system.qti.so ...
Processing system_ext/lib/libGPTEE_system.qti.so ...
Processing system_ext/lib/libHDR_recpp.so ...
Processing system_ext/lib/libHPFilter_recpp.so ...
Processing system_ext/lib/libLimiter_recpp.so ...
Processing system_ext/lib/libMiVideoFilter.so ...
Processing system_ext/lib/libMiuiBluetooth.so ...
Processing system_ext/lib/libOpenCL_system.so ...
Processing system_ext/lib/libQSEEComAPI_system.so ...
Processing system_ext/lib/libQTEEConnector_system.so ...
Processing system_ext/lib/libSurfaceUtil_jni.so ...
Processing system_ext/lib/libWNR.so ...
Processing system_ext/lib/libWNR_intf.so ...
Processing system_ext/lib/libXiaoMiMagicVoice.so ...
Processing system_ext/lib/libaivsopus.so ...
Processing system_ext/lib/libany2yv12.so ...
Processing system_ext/lib/libaudioclientimpl.so ...
Processing system_ext/lib/libaudiocloudctrl.so ...
Processing system_ext/lib/libaudiohalvendorextn.so ...
Processing system_ext/lib/libaudiopolicymanagerimpl.so ...
Processing system_ext/lib/libaudiopolicymanagerstub.so ...
Processing system_ext/lib/libautoui_image.xiaomi.so ...
Processing system_ext/lib/libavenhancements.so ...
Processing system_ext/lib/libbarrage_utils.so ...
Processing system_ext/lib/libbeluga.so ...
Processing system_ext/lib/libbinauralrenderer_wrapper.qti.so ...
Processing system_ext/lib/libboost.so ...
Processing system_ext/lib/libcamera_algoup_jni.xiaomi.so ...
Processing system_ext/lib/libcamera_mianode_jni.xiaomi.so ...
Processing system_ext/lib/libcameradngimpl.so ...
Processing system_ext/lib/libcameraimpl.so ...
Processing system_ext/lib/libcamerakiller.so ...
Processing system_ext/lib/libcameramind.so ...
Processing system_ext/lib/libcameraopt_jni.so ...
Processing system_ext/lib/libclientinfoimpl.so ...
Processing system_ext/lib/libcom_android_net_module_util_jni.so ...
Processing system_ext/lib/libcomposerextn.qti.so ...
Processing system_ext/lib/libdfintf.so ...
Processing system_ext/lib/libdiag_system.qti.so ...
Processing system_ext/lib/libdiag_system.so ...
Processing system_ext/lib/libdisplayconfig.system.qti.so ...
Processing system_ext/lib/libdolbyeffect.so ...
Processing system_ext/lib/libdolphin.so ...
Processing system_ext/lib/libdpmctmgr.so ...
Processing system_ext/lib/libdpmfdmgr.so ...
Processing system_ext/lib/libdpmframework.so ...
Processing system_ext/lib/libdpmtcm.so ...
Processing system_ext/lib/libdummydecodingmode.so ...
Processing system_ext/lib/libdynamicaudiolog.so ...
Processing system_ext/lib/libfcmintf.so ...
Processing system_ext/lib/libfdmonitor_jni.so ...
Processing system_ext/lib/libfm-hci.so ...
Processing system_ext/lib/libfolme.so ...
Processing system_ext/lib/libforcedarkimpl.so ...
Processing system_ext/lib/libframemasterintf.so ...
Processing system_ext/lib/libfwk_lazy_service.so ...
Processing system_ext/lib/libgppextension.so ...
Processing system_ext/lib/libgpphexlpsession.so ...
Processing system_ext/lib/libgpppreprocessing.so ...
Processing system_ext/lib/libgpptxr.so ...
Processing system_ext/lib/libgppvppgfrcplussession.so ...
Processing system_ext/lib/libgralloc.system.qti.so ...
Processing system_ext/lib/libhidconverter.so ...
Processing system_ext/lib/libhoaeffects.qti.so ...
Processing system_ext/lib/libhoaeffects_csim.so ...
Processing system_ext/lib/libhwuiinsptrdl.so ...
Processing system_ext/lib/libhyper_booster.so ...
Processing system_ext/lib/libimsmedia_jni.so ...
Processing system_ext/lib/libinstalldimpl.so ...
Processing system_ext/lib/libjlspeex.so ...
Processing system_ext/lib/libjnihelpers.so ...
Processing system_ext/lib/libjpeg-hyper.so ...
Processing system_ext/lib/liblayerext.qti.so ...
Processing system_ext/lib/liblistenjni.qti.so ...
Processing system_ext/lib/liblistensoundmodel2.qti.so ...
Processing system_ext/lib/libloc2jnibridge.so ...
Processing system_ext/lib/liblogdimpl.so ...
Processing system_ext/lib/liblsmclient.so ...
Processing system_ext/lib/libmediaimpl.so ...
Processing system_ext/lib/libmediasp_jni.so ...
Processing system_ext/lib/libmediastub.so ...
Processing system_ext/lib/libmiaudiopolicymanager.so ...
Processing system_ext/lib/libmibpfutils.so ...
Processing system_ext/lib/libmicodec.so ...
Processing system_ext/lib/libmidebuggerdimpl_system.so ...
Processing system_ext/lib/libmienterpriseimpl.so ...
Processing system_ext/lib/libmigl.so ...
Processing system_ext/lib/libmigui.so ...
Processing system_ext/lib/libmiinput.so ...
Processing system_ext/lib/libmiinputflinger.so ...
Processing system_ext/lib/libmillet_comm.so ...
Processing system_ext/lib/libmimediacodec.so ...
Processing system_ext/lib/libmink-sock-native-api.so ...
Processing system_ext/lib/libminkipcbinder_system.so ...
Processing system_ext/lib/libmiperfturbo.so ...
Processing system_ext/lib/libmiracastsystem.so ...
Processing system_ext/lib/libmirim_jni.so ...
Processing system_ext/lib/libmirimencrypt.so ...
Processing system_ext/lib/libmisensorserviceimpl.so ...
Processing system_ext/lib/libmisight.so ...
Processing system_ext/lib/libmisight_jni.so ...
Processing system_ext/lib/libmisurfaceflinger.so ...
Processing system_ext/lib/libmisys_jni.xiaomi.so ...
Processing system_ext/lib/libmiturbo_jni.so ...
Processing system_ext/lib/libmiui_runtime.so ...
Processing system_ext/lib/libmiui_service.so ...
Processing system_ext/lib/libmiuibpf.so ...
Processing system_ext/lib/libmiuibpfservice.so ...
Processing system_ext/lib/libmiuidumpstate.so ...
Processing system_ext/lib/libmiuindbg.so ...
Processing system_ext/lib/libmiuiprocessmanager.so ...
Processing system_ext/lib/libmiuisentinel.so ...
Processing system_ext/lib/libmiuixlog.so ...
Processing system_ext/lib/libmivideo.so ...
Processing system_ext/lib/libmivk.so ...
Processing system_ext/lib/libmmdamon.so ...
Processing system_ext/lib/libmmosal.so ...
Processing system_ext/lib/libmmparser_lite.so ...
Processing system_ext/lib/libmmperf.so ...
Processing system_ext/lib/libmmrtpdecoder.so ...
Processing system_ext/lib/libmmrtpencoder.so ...
Processing system_ext/lib/libmodemenhance_aidl_client.so ...
Processing system_ext/lib/libmodemsmartengine_jni.modem.so ...
Processing system_ext/lib/libmonitortrack.so ...
Processing system_ext/lib/libmpam_jni.so ...
Processing system_ext/lib/libmqsas.so ...
Processing system_ext/lib/libmwqemiptablemgr.so ...
Processing system_ext/lib/libnativehang.so ...
Processing system_ext/lib/libnetworkboostjni.so ...
Processing system_ext/lib/libnvttouchinfocapture.so ...
Processing system_ext/lib/liboctvm.so ...
Processing system_ext/lib/liboctvm_drv.so ...
Processing system_ext/lib/liboctvm_runtime.so ...
Processing system_ext/lib/liboctvm_utils.so ...
Processing system_ext/lib/liboemnetdimpl.so ...
Processing system_ext/lib/libonnxruntime.so ...
Processing system_ext/lib/libonnxruntime4j_jni.so ...
Processing system_ext/lib/libpbqualityanalyserimpl.so ...
Processing system_ext/lib/libpbstuckreporterimpl.so ...
Processing system_ext/lib/libpenguin.so ...
Processing system_ext/lib/libpenguin_impl.so ...
Processing system_ext/lib/libperf_ctl.so ...
Processing system_ext/lib/libphrtf.so ...
Processing system_ext/lib/libpicwatch.so ...
Processing system_ext/lib/libpmsjni.so ...
Processing system_ext/lib/libpowerinsight_jni.so ...
Processing system_ext/lib/libpowerkeeper_jni.so ...
Processing system_ext/lib/libqape.qti.so ...
Processing system_ext/lib/libqcc.so ...
Processing system_ext/lib/libqcc_file_agent_sys.so ...
Processing system_ext/lib/libqcc_netstats.so ...
Processing system_ext/lib/libqccdme.so ...
Processing system_ext/lib/libqccfileservice.so ...
Processing system_ext/lib/libqcomfm_jni.so ...
Processing system_ext/lib/libqesdk_ndk_platform.qti.so ...
Processing system_ext/lib/libqmi_cci_system.so ...
Processing system_ext/lib/libqmi_encdec_system.so ...
Processing system_ext/lib/libqspm-mem-utils.so ...
Processing system_ext/lib/libqspmsvc.so ...
Processing system_ext/lib/libqti-MemHal-client-system.so ...
Processing system_ext/lib/libqti-at.so ...
Processing system_ext/lib/libqti-iopd-client_system.so ...
Processing system_ext/lib/libqti-perfd-client_system.so ...
Processing system_ext/lib/libqti_performance.so ...
Processing system_ext/lib/libqti_vndfwk_detect.so ...
Processing system_ext/lib/libqti_vndfwk_detect_system.so ...
Processing system_ext/lib/libqti_workloadclassifiermodel.so ...
Processing system_ext/lib/librecpp_intf.so ...
Processing system_ext/lib/librms_jni.so ...
Processing system_ext/lib/libsavior.so ...
Processing system_ext/lib/libscout.so ...
Processing system_ext/lib/libsd_sdk_display.qti.so ...
Processing system_ext/lib/libsdm-disp-apis.qti.so ...
Processing system_ext/lib/libsigmautils.so ...
Processing system_ext/lib/libskewknob_system.so ...
Processing system_ext/lib/libskuparser_cpp.so ...
Processing system_ext/lib/libskuparser_ffi.so ...
Processing system_ext/lib/libsmomoconfig.qti.so ...
Processing system_ext/lib/libspatial.so ...
Processing system_ext/lib/libstackdump.so ...
Processing system_ext/lib/libsurfaceflinger.so ...
Processing system_ext/lib/libsurfaceflinger_common_shared.so ...
Processing system_ext/lib/libsurfaceflingerinsptr.so ...
Processing system_ext/lib/libsystemhelper_jni.so ...
Processing system_ext/lib/libthermalclient.qti.so ...
Processing system_ext/lib/libtouchfeatureutils.so ...
Processing system_ext/lib/libtouchflinger.so ...
Processing system_ext/lib/libtouchscheduler.so ...
Processing system_ext/lib/libtrigger-handler.so ...
Processing system_ext/lib/libturboschedmanager_ssi.so ...
Processing system_ext/lib/libunfairmem_jni.so ...
Processing system_ext/lib/libuniperf_client_system.so ...
Processing system_ext/lib/libuniperfhandlecontroller_jni.so ...
Processing system_ext/lib/libunwindcommon.so ...
Processing system_ext/lib/libupdateprof.qti.so ...
Processing system_ext/lib/libvideocodeccapability.so ...
Processing system_ext/lib/libvideocodecinfo.so ...
Processing system_ext/lib/libvideorecovery.so ...
Processing system_ext/lib/libvideoserviceclientimpl.so ...
Processing system_ext/lib/libvirtualcamera_imageutils_jni.so ...
Processing system_ext/lib/libvirtualcamera_surfaceutils_jni.so ...
Processing system_ext/lib/libvndfwk_detect_jni.qti.so ...
Processing system_ext/lib/libvndfwk_detect_jni.qti_system.so ...
Processing system_ext/lib/libvoicechange.so ...
Processing system_ext/lib/libvppvideobox.so ...
Processing system_ext/lib/libvr_amb_engine.so ...
Processing system_ext/lib/libvr_object_engine.so ...
Processing system_ext/lib/libwfdavenhancements.so ...
Processing system_ext/lib/libwfdclient.so ...
Processing system_ext/lib/libwfdcommonutils.so ...
Processing system_ext/lib/libwfdconfigutils.so ...
Processing system_ext/lib/libwfddisplayconfig.so ...
Processing system_ext/lib/libwfdmminterface.so ...
Processing system_ext/lib/libwfdmmsink.so ...
Processing system_ext/lib/libwfdmmsrc_system.so ...
Processing system_ext/lib/libwfdnative.so ...
Processing system_ext/lib/libwfdrtsp.so ...
Processing system_ext/lib/libwfdservice.so ...
Processing system_ext/lib/libwfdsinksm.so ...
Processing system_ext/lib/libwfduibcinterface.so ...
Processing system_ext/lib/libwfduibcsink.so ...
Processing system_ext/lib/libwfduibcsinkinterface.so ...
Processing system_ext/lib/libwfduibcsrc.so ...
Processing system_ext/lib/libwfduibcsrcinterface.so ...
Processing system_ext/lib/libwificondimpl.so ...
Processing system_ext/lib/libxiaomi_modemdump_jni.modem.so ...
Processing system_ext/lib/libxiaomi_modemdumpsdx55_jni.modem.so ...
Processing system_ext/lib/libxiaomibtlc3.so ...
Processing system_ext/lib/libxiaomibtphrtf.so ...
Processing system_ext/lib/libxlog.so ...
Processing system_ext/lib/libxm_bluetooth.so ...
Processing system_ext/lib/miui-native-nativehang-aidl-cpp.so ...
Processing system_ext/lib/qti-audio-types-aidl-V1-ndk.so ...
Processing system_ext/lib/vendor.display.color@1.0.so ...
Processing system_ext/lib/vendor.display.color@1.1.so ...
Processing system_ext/lib/vendor.display.color@1.2.so ...
Processing system_ext/lib/vendor.display.color@1.3.so ...
Processing system_ext/lib/vendor.display.config@1.0.so ...
Processing system_ext/lib/vendor.display.config@1.1.so ...
Processing system_ext/lib/vendor.display.config@1.2.so ...
Processing system_ext/lib/vendor.display.config@1.3.so ...
Processing system_ext/lib/vendor.display.config@1.4.so ...
Processing system_ext/lib/vendor.display.config@1.5.so ...
Processing system_ext/lib/vendor.display.config@2.0.so ...
Processing system_ext/lib/vendor.display.postproc@1.0.so ...
Processing system_ext/lib/vendor.qti.ImsRtpService-V1-ndk.so ...
Processing system_ext/lib/vendor.qti.ImsRtpService-V2-ndk.so ...
Processing system_ext/lib/vendor.qti.ImsVtService-ndk.so ...
Processing system_ext/lib/vendor.qti.data.dmapconsent-V1-ndk.so ...
Processing system_ext/lib/vendor.qti.data.dmapconsent-V2-ndk.so ...
Processing system_ext/lib/vendor.qti.data.factory@1.0.so ...
Processing system_ext/lib/vendor.qti.data.factory@2.0.so ...
Processing system_ext/lib/vendor.qti.data.factory@2.1.so ...
Processing system_ext/lib/vendor.qti.data.factory@2.2.so ...
Processing system_ext/lib/vendor.qti.data.factory@2.3.so ...
Processing system_ext/lib/vendor.qti.data.factory@2.4.so ...
Processing system_ext/lib/vendor.qti.data.factory@2.5.so ...
Processing system_ext/lib/vendor.qti.data.factory@2.6.so ...
Processing system_ext/lib/vendor.qti.data.factory@2.7.so ...
Processing system_ext/lib/vendor.qti.data.factory@2.8.so ...
Processing system_ext/lib/vendor.qti.data.factoryservice-V1-ndk.so ...
Processing system_ext/lib/vendor.qti.data.factoryservice-V2-ndk.so ...
Processing system_ext/lib/vendor.qti.data.factoryservice-V3-ndk.so ...
Processing system_ext/lib/vendor.qti.data.mwqem@1.0.so ...
Processing system_ext/lib/vendor.qti.data.mwqemaidlservice-V1-ndk.so ...
Processing system_ext/lib/vendor.qti.data.slm@1.0.so ...
Processing system_ext/lib/vendor.qti.diaghal@1.0.so ...
Processing system_ext/lib/vendor.qti.hardware.ListenSoundModel@1.0.so ...
Processing system_ext/lib/vendor.qti.hardware.alarm@1.0.so ...
Processing system_ext/lib/vendor.qti.hardware.cacertaidlservice-V1-ndk.so ...
Processing system_ext/lib/vendor.qti.hardware.capabilityconfigstore@1.0.so ...
Processing system_ext/lib/vendor.qti.hardware.cvp@1.0.so ...
Processing system_ext/lib/vendor.qti.hardware.data.cne.internal.api@1.0.so ...
Processing system_ext/lib/vendor.qti.hardware.data.cne.internal.constants@1.0.so ...
Processing system_ext/lib/vendor.qti.hardware.data.cne.internal.server@1.0.so ...
Processing system_ext/lib/vendor.qti.hardware.data.cne.internal.server@1.1.so ...
Processing system_ext/lib/vendor.qti.hardware.data.cne.internal.server@1.2.so ...
Processing system_ext/lib/vendor.qti.hardware.data.cne.internal.server@1.3.so ...
Processing system_ext/lib/vendor.qti.hardware.data.cneaidlservice.internal.api-V1-ndk.so ...
Processing system_ext/lib/vendor.qti.hardware.data.cneaidlservice.internal.api-V2-ndk.so ...
Processing system_ext/lib/vendor.qti.hardware.data.cneaidlservice.internal.constants-V1-ndk.so ...
Processing system_ext/lib/vendor.qti.hardware.data.cneaidlservice.internal.server-V1-ndk.so ...
Processing system_ext/lib/vendor.qti.hardware.data.cneaidlservice.internal.server-V2-ndk.so ...
Processing system_ext/lib/vendor.qti.hardware.data.connection@1.0.so ...
Processing system_ext/lib/vendor.qti.hardware.data.connection@1.1.so ...
Processing system_ext/lib/vendor.qti.hardware.data.connectionfactory-V1-ndk.so ...
Processing system_ext/lib/vendor.qti.hardware.data.dataactivity-V1-ndk.so ...
Processing system_ext/lib/vendor.qti.hardware.data.dynamicdds@1.0.so ...
Processing system_ext/lib/vendor.qti.hardware.data.dynamicdds@1.1.so ...
Processing system_ext/lib/vendor.qti.hardware.data.dynamicddsaidlservice-V1-ndk.so ...
Processing system_ext/lib/vendor.qti.hardware.data.flow@1.0.so ...
Processing system_ext/lib/vendor.qti.hardware.data.flow@1.1.so ...
Processing system_ext/lib/vendor.qti.hardware.data.flowaidlservice-V1-ndk.so ...
Processing system_ext/lib/vendor.qti.hardware.data.iwlan@1.0.so ...
Processing system_ext/lib/vendor.qti.hardware.data.iwlan@1.1.so ...
Processing system_ext/lib/vendor.qti.hardware.data.iwlandata-V1-ndk.so ...
Processing system_ext/lib/vendor.qti.hardware.data.ka-V1-ndk.so ...
Processing system_ext/lib/vendor.qti.hardware.data.latency@1.0.so ...
Processing system_ext/lib/vendor.qti.hardware.data.lce@1.0.so ...
Processing system_ext/lib/vendor.qti.hardware.data.lceaidlservice-V1-ndk.so ...
Processing system_ext/lib/vendor.qti.hardware.data.qmi@1.0.so ...
Processing system_ext/lib/vendor.qti.hardware.data.qmiaidlservice-V1-ndk.so ...
Processing system_ext/lib/vendor.qti.hardware.display.composer@3.0.so ...
Processing system_ext/lib/vendor.qti.hardware.display.composer@3.1.so ...
Processing system_ext/lib/vendor.qti.hardware.display.config-V1-ndk.so ...
Processing system_ext/lib/vendor.qti.hardware.display.config-V10-ndk.so ...
Processing system_ext/lib/vendor.qti.hardware.display.config-V11-ndk.so ...
Processing system_ext/lib/vendor.qti.hardware.display.config-V12-ndk.so ...
Processing system_ext/lib/vendor.qti.hardware.display.config-V13-ndk.so ...
Processing system_ext/lib/vendor.qti.hardware.display.config-V14-ndk.so ...
Processing system_ext/lib/vendor.qti.hardware.display.config-V15-ndk.so ...
Processing system_ext/lib/vendor.qti.hardware.display.config-V16-ndk.so ...
Processing system_ext/lib/vendor.qti.hardware.display.config-V17-ndk.so ...
Processing system_ext/lib/vendor.qti.hardware.display.config-V2-ndk.so ...
Processing system_ext/lib/vendor.qti.hardware.display.config-V3-ndk.so ...
Processing system_ext/lib/vendor.qti.hardware.display.config-V4-ndk.so ...
Processing system_ext/lib/vendor.qti.hardware.display.config-V5-ndk.so ...
Processing system_ext/lib/vendor.qti.hardware.display.config-V6-ndk.so ...
Processing system_ext/lib/vendor.qti.hardware.display.config-V7-ndk.so ...
Processing system_ext/lib/vendor.qti.hardware.display.config-V8-ndk.so ...
Processing system_ext/lib/vendor.qti.hardware.display.config-V9-ndk.so ...
Processing system_ext/lib/vendor.qti.hardware.dpmaidlservice-V1-ndk.so ...
Processing system_ext/lib/vendor.qti.hardware.dpmservice@1.0.so ...
Processing system_ext/lib/vendor.qti.hardware.dpmservice@1.1.so ...
Processing system_ext/lib/vendor.qti.hardware.fingerprint@1.0.so ...
Processing system_ext/lib/vendor.qti.hardware.fm@1.0.so ...
Processing system_ext/lib/vendor.qti.hardware.iop@2.0.so ...
Processing system_ext/lib/vendor.qti.hardware.limits@1.0.so ...
Processing system_ext/lib/vendor.qti.hardware.limits@1.1.so ...
Processing system_ext/lib/vendor.qti.hardware.minkipcbinder-V1-ndk.so ...
Processing system_ext/lib/vendor.qti.hardware.mwqemadapter@1.0.so ...
Processing system_ext/lib/vendor.qti.hardware.mwqemadapteraidlservice-V1-ndk.so ...
Processing system_ext/lib/vendor.qti.hardware.perf@2.0.so ...
Processing system_ext/lib/vendor.qti.hardware.perf@2.1.so ...
Processing system_ext/lib/vendor.qti.hardware.perf@2.2.so ...
Processing system_ext/lib/vendor.qti.hardware.perf@2.3.so ...
Processing system_ext/lib/vendor.qti.hardware.qacs.ambientdatacapture-V1-ndk.so ...
Processing system_ext/lib/vendor.qti.hardware.qccsyshal@1.0.so ...
Processing system_ext/lib/vendor.qti.hardware.qccsyshal@1.1.so ...
Processing system_ext/lib/vendor.qti.hardware.qccsyshal@1.2-halimpl.so ...
Processing system_ext/lib/vendor.qti.hardware.qccsyshal@1.2.so ...
Processing system_ext/lib/vendor.qti.hardware.qccvndhal@1.0.so ...
Processing system_ext/lib/vendor.qti.hardware.qdutils_disp@1.0.so ...
Processing system_ext/lib/vendor.qti.hardware.qseecom-V1-ndk.so ...
Processing system_ext/lib/vendor.qti.hardware.qseecom@1.0.so ...
Processing system_ext/lib/vendor.qti.hardware.qteeconnector-V1-ndk.so ...
Processing system_ext/lib/vendor.qti.hardware.qteeconnector@1.0.so ...
Processing system_ext/lib/vendor.qti.hardware.radio.am@1.0.so ...
Processing system_ext/lib/vendor.qti.hardware.radio.ims@1.0.so ...
Processing system_ext/lib/vendor.qti.hardware.radio.ims@1.1.so ...
Processing system_ext/lib/vendor.qti.hardware.radio.ims@1.2.so ...
Processing system_ext/lib/vendor.qti.hardware.radio.ims@1.3.so ...
Processing system_ext/lib/vendor.qti.hardware.radio.ims@1.4.so ...
Processing system_ext/lib/vendor.qti.hardware.radio.ims@1.5.so ...
Processing system_ext/lib/vendor.qti.hardware.radio.ims@1.6.so ...
Processing system_ext/lib/vendor.qti.hardware.radio.ims@1.7.so ...
Processing system_ext/lib/vendor.qti.hardware.radio.ims@1.8.so ...
Processing system_ext/lib/vendor.qti.hardware.radio.ims@1.9.so ...
Processing system_ext/lib/vendor.qti.hardware.radio.lpa@1.0.so ...
Processing system_ext/lib/vendor.qti.hardware.radio.lpa@1.1.so ...
Processing system_ext/lib/vendor.qti.hardware.radio.lpa@1.2.so ...
Processing system_ext/lib/vendor.qti.hardware.radio.lpa@1.3.so ...
Processing system_ext/lib/vendor.qti.hardware.radio.qtiradio@1.0.so ...
Processing system_ext/lib/vendor.qti.hardware.radio.qtiradio@2.0.so ...
Processing system_ext/lib/vendor.qti.hardware.radio.qtiradio@2.1.so ...
Processing system_ext/lib/vendor.qti.hardware.radio.qtiradio@2.2.so ...
Processing system_ext/lib/vendor.qti.hardware.radio.qtiradio@2.3.so ...
Processing system_ext/lib/vendor.qti.hardware.radio.qtiradio@2.4.so ...
Processing system_ext/lib/vendor.qti.hardware.radio.qtiradio@2.5.so ...
Processing system_ext/lib/vendor.qti.hardware.radio.qtiradio@2.6.so ...
Processing system_ext/lib/vendor.qti.hardware.radio.qtiradio@2.7.so ...
Processing system_ext/lib/vendor.qti.hardware.radio.uim@1.0.so ...
Processing system_ext/lib/vendor.qti.hardware.radio.uim@1.1.so ...
Processing system_ext/lib/vendor.qti.hardware.radio.uim@1.2.so ...
Processing system_ext/lib/vendor.qti.hardware.radio.uim_remote_client@1.0.so ...
Processing system_ext/lib/vendor.qti.hardware.radio.uim_remote_client@1.1.so ...
Processing system_ext/lib/vendor.qti.hardware.radio.uim_remote_client@1.2.so ...
Processing system_ext/lib/vendor.qti.hardware.radio.uim_remote_server@1.0.so ...
Processing system_ext/lib/vendor.qti.hardware.seccam@1.0.so ...
Processing system_ext/lib/vendor.qti.hardware.secureprocessor.common@1.0.so ...
Processing system_ext/lib/vendor.qti.hardware.secureprocessor.config@1.0.so ...
Processing system_ext/lib/vendor.qti.hardware.secureprocessor.device@1.0.so ...
Processing system_ext/lib/vendor.qti.hardware.sigma_miracast@1.0-halimpl.so ...
Processing system_ext/lib/vendor.qti.hardware.sigma_miracast@1.0.so ...
Processing system_ext/lib/vendor.qti.hardware.slmadapter@1.0.so ...
Processing system_ext/lib/vendor.qti.hardware.systemhelper@1.0.so ...
Processing system_ext/lib/vendor.qti.hardware.trustedui-V1-ndk.so ...
Processing system_ext/lib/vendor.qti.hardware.trustedui@1.0.so ...
Processing system_ext/lib/vendor.qti.hardware.vpp-V1-ndk.so ...
Processing system_ext/lib/vendor.qti.hardware.vpp@1.1.so ...
Processing system_ext/lib/vendor.qti.hardware.wifidisplaysession@1.0.so ...
Processing system_ext/lib/vendor.qti.hardware.wifidisplaysession_aidl-V2-ndk.so ...
Processing system_ext/lib/vendor.qti.hardware.wigig.netperftuner@1.0.so ...
Processing system_ext/lib/vendor.qti.hardware.wigig.supptunnel@1.0.so ...
Processing system_ext/lib/vendor.qti.ims.callcapability@1.0.so ...
Processing system_ext/lib/vendor.qti.ims.callcapabilityaidlservice-V1-ndk.so ...
Processing system_ext/lib/vendor.qti.ims.callinfo@1.0.so ...
Processing system_ext/lib/vendor.qti.ims.configaidlservice-V1-ndk.so ...
Processing system_ext/lib/vendor.qti.ims.configservice@1.0.so ...
Processing system_ext/lib/vendor.qti.ims.configservice@1.1.so ...
Processing system_ext/lib/vendor.qti.ims.connection@1.0.so ...
Processing system_ext/lib/vendor.qti.ims.connectionaidlservice-V1-ndk.so ...
Processing system_ext/lib/vendor.qti.ims.datachannelservice-V1-ndk.so ...
Processing system_ext/lib/vendor.qti.ims.datachannelservice-V2-ndk.so ...
Processing system_ext/lib/vendor.qti.ims.datachannelservice-V3-ndk.so ...
Processing system_ext/lib/vendor.qti.ims.factory@1.0.so ...
Processing system_ext/lib/vendor.qti.ims.factory@1.1.so ...
Processing system_ext/lib/vendor.qti.ims.factory@2.0.so ...
Processing system_ext/lib/vendor.qti.ims.factory@2.1.so ...
Processing system_ext/lib/vendor.qti.ims.factory@2.2.so ...
Processing system_ext/lib/vendor.qti.ims.factoryaidlservice-V1-ndk.so ...
Processing system_ext/lib/vendor.qti.ims.imscmaidlservice-V1-ndk.so ...
Processing system_ext/lib/vendor.qti.ims.rcsconfig@1.0.so ...
Processing system_ext/lib/vendor.qti.ims.rcsconfig@1.1.so ...
Processing system_ext/lib/vendor.qti.ims.rcsconfig@2.0.so ...
Processing system_ext/lib/vendor.qti.ims.rcsconfig@2.1.so ...
Processing system_ext/lib/vendor.qti.ims.rcssip@1.0.so ...
Processing system_ext/lib/vendor.qti.ims.rcssip@1.1.so ...
Processing system_ext/lib/vendor.qti.ims.rcssip@1.2.so ...
Processing system_ext/lib/vendor.qti.ims.rcssipaidlservice-V1-ndk.so ...
Processing system_ext/lib/vendor.qti.ims.rcsuce@1.0.so ...
Processing system_ext/lib/vendor.qti.ims.rcsuce@1.1.so ...
Processing system_ext/lib/vendor.qti.ims.rcsuce@1.2.so ...
Processing system_ext/lib/vendor.qti.ims.rcsuceaidlservice-V1-ndk.so ...
Processing system_ext/lib/vendor.qti.ims.uceaidlservice-V1-ndk.so ...
Processing system_ext/lib/vendor.qti.imsrtpservice@3.0.so ...
Processing system_ext/lib/vendor.qti.imsrtpservice@3.1.so ...
Processing system_ext/lib/vendor.qti.latency@2.0.so ...
Processing system_ext/lib/vendor.qti.latency@2.1.so ...
Processing system_ext/lib/vendor.qti.latency@2.2.so ...
Processing system_ext/lib/vendor.qti.latency@2.3.so ...
Processing system_ext/lib/vendor.qti.latencyaidlservice-V1-ndk.so ...
Processing system_ext/lib/vendor.qti.mstatservice@1.0.so ...
Processing system_ext/lib/vendor.qti.qccsyshal_aidl-V1-ndk.so ...
Processing system_ext/lib/vendor.qti.qccsyshal_aidl-halimpl.so ...
Processing system_ext/lib/vendor.qti.qccvndhal_aidl-V1-ndk.so ...
Processing system_ext/lib/vendor.qti.qccvndhal_aidl-V2-ndk.so ...
Processing system_ext/lib/vendor.qti.qspmhal-V1-ndk.so ...
Processing system_ext/lib/vendor.qti.qspmhal@1.0.so ...
Processing system_ext/lib/vendor.xiaomi.hardware.aidl.intentaware-V1-ndk.so ...
Processing system_ext/lib/vendor.xiaomi.hardware.aidlbgservice-V1-ndk.so ...
Processing system_ext/lib/vendor.xiaomi.hardware.aidlcampostproc-V1-ndk.so ...
Processing system_ext/lib/vendor.xiaomi.hardware.bgservice@1.0.so ...
Processing system_ext/lib/vendor.xiaomi.hardware.campostproc@1.0.so ...
Processing system_ext/lib/vendor.xiaomi.hardware.cstransfer-V1-ndk.so ...
Processing system_ext/lib/vendor.xiaomi.hardware.display.mihwcextension-V2-ndk.so ...
Processing system_ext/lib/vendor.xiaomi.hardware.displayfeature@1.0.so ...
Processing system_ext/lib/vendor.xiaomi.hardware.displayfeature_aidl-V2-ndk.so ...
Processing system_ext/lib/vendor.xiaomi.hardware.fingerprintextension-V1-ndk.so ...
Processing system_ext/lib/vendor.xiaomi.hardware.fingerprintextension@1.0.so ...
Processing system_ext/lib/vendor.xiaomi.hardware.framecapturemanager-V1-ndk.so ...
Processing system_ext/lib/vendor.xiaomi.hardware.framemaster-V1-ndk.so ...
Processing system_ext/lib/vendor.xiaomi.hardware.mediaeventgatherservice-V1-ndk.so ...
Processing system_ext/lib/vendor.xiaomi.hardware.misys@1.0.so ...
Processing system_ext/lib/vendor.xiaomi.hardware.misys@3.0.so ...
Processing system_ext/lib/vendor.xiaomi.hardware.videoservice-V11-ndk.so ...
Processing system_ext/lib/vendor.xiaomi.hw.touchfeature-V1-ndk.so ...
Processing system_ext/lib/vendor.xiaomi.hw.touchfeature@1.0.so ...
Processing system_ext/lib/xiaomi.midfs-ndk.so ...
Processing system_ext/lib/hw/android.hidl.memory@1.0-impl.so ...
Processing system_ext/lib/hw/vendor.qti.hardware.sigma_miracast@1.0-impl.so ...
Processing system_ext/lib64/android.hardware.graphics.composer@2.1.so ...
Processing system_ext/lib64/android.hardware.graphics.composer@2.2.so ...
Processing system_ext/lib64/android.hardware.graphics.composer@2.3.so ...
Processing system_ext/lib64/android.hardware.graphics.composer@2.4.so ...
Processing system_ext/lib64/android.hidl.base@1.0.so ...
Processing system_ext/lib64/com.android.ozoaudio.notify-V1-cpp.so ...
Processing system_ext/lib64/com.android.ozoaudio.notify-V1-ndk.so ...
Processing system_ext/lib64/com.android.ozoaudio.notify-V2-cpp.so ...
Processing system_ext/lib64/com.android.ozoaudio.notify-V2-ndk.so ...
Processing system_ext/lib64/com.qualcomm.qti.ant@1.0.so ...
Processing system_ext/lib64/com.qualcomm.qti.bluetooth_audio@1.0.so ...
Processing system_ext/lib64/com.qualcomm.qti.dpm.api@1.0.so ...
Processing system_ext/lib64/com.qualcomm.qti.imscmservice@2.0.so ...
Processing system_ext/lib64/com.qualcomm.qti.imscmservice@2.1.so ...
Processing system_ext/lib64/com.qualcomm.qti.imscmservice@2.2.so ...
Processing system_ext/lib64/com.qualcomm.qti.uceservice@2.0.so ...
Processing system_ext/lib64/com.qualcomm.qti.uceservice@2.1.so ...
Processing system_ext/lib64/com.qualcomm.qti.uceservice@2.2.so ...
Processing system_ext/lib64/com.qualcomm.qti.uceservice@2.3.so ...
Processing system_ext/lib64/com.quicinc.cne.api@1.0.so ...
Processing system_ext/lib64/com.quicinc.cne.api@1.1.so ...
Processing system_ext/lib64/com.quicinc.cne.constants@1.0.so ...
Processing system_ext/lib64/com.quicinc.cne.constants@2.0.so ...
Processing system_ext/lib64/com.quicinc.cne.constants@2.1.so ...
Processing system_ext/lib64/com.quicinc.cne.server@1.0.so ...
Processing system_ext/lib64/com.quicinc.cne.server@2.0.so ...
Processing system_ext/lib64/com.quicinc.cne.server@2.1.so ...
Processing system_ext/lib64/com.quicinc.cne.server@2.2.so ...
Processing system_ext/lib64/com.xiaomi.perfobserve-V1-cpp.so ...
Processing system_ext/lib64/com.xiaomi.pms.common-V1-ndk.so ...
Processing system_ext/lib64/com.xiaomi.pms.deferredcameraservice-V1-impl.so ...
Processing system_ext/lib64/com.xiaomi.pms.deferredcameraservice-V1-ndk.so ...
Processing system_ext/lib64/com.xiaomi.pms.videoplayprocservice-V1-impl.so ...
Processing system_ext/lib64/com.xiaomi.pms.videoplayprocservice-V1-ndk.so ...
Processing system_ext/lib64/fm_helium.so ...
Processing system_ext/lib64/hw ...
Processing system_ext/lib64/lib-imsvideocodec.so ...
Processing system_ext/lib64/lib-imsvt.so ...
Processing system_ext/lib64/lib-imsvtextutils.so ...
Processing system_ext/lib64/lib-imsvtutils.so ...
Processing system_ext/lib64/libAGC_recpp.so ...
Processing system_ext/lib64/libANS_recpp.so ...
Processing system_ext/lib64/libAdaptiveEQ_recpp.so ...
Processing system_ext/lib64/libCastSdk-jni.so ...
Processing system_ext/lib64/libCompressor_recpp.so ...
Processing system_ext/lib64/libDiagService.so ...
Processing system_ext/lib64/libGPMTEEC_system.qti.so ...
Processing system_ext/lib64/libGPQTEEC_system.qti.so ...
Processing system_ext/lib64/libGPTEE_system.qti.so ...
Processing system_ext/lib64/libHDR_recpp.so ...
Processing system_ext/lib64/libHPFilter_recpp.so ...
Processing system_ext/lib64/libLimiter_recpp.so ...
Processing system_ext/lib64/libMiMainColor.so ...
Processing system_ext/lib64/libMiVideoFilter.so ...
Processing system_ext/lib64/libMiuiBluetooth.so ...
Processing system_ext/lib64/libNtnJni.so ...
Processing system_ext/lib64/libOpenCL_system.so ...
Processing system_ext/lib64/libQSEEComAPI_system.so ...
Processing system_ext/lib64/libQTEEConnector_system.so ...
Processing system_ext/lib64/libQmsNtnProto.so ...
Processing system_ext/lib64/libSurfaceUtil_jni.so ...
Processing system_ext/lib64/libWNR.so ...
Processing system_ext/lib64/libWNR_intf.so ...
Processing system_ext/lib64/libXiaoMiMagicVoice.so ...
Processing system_ext/lib64/libabi_stable.dylib.so ...
Processing system_ext/lib64/libabi_stable_shared.dylib.so ...
Processing system_ext/lib64/libacse.so ...
Processing system_ext/lib64/libaivsopus.so ...
Processing system_ext/lib64/libany2yv12.so ...
Processing system_ext/lib64/libaudioclientimpl.so ...
Processing system_ext/lib64/libaudiocloudctrl.so ...
Processing system_ext/lib64/libaudioflingerimpl.so ...
Processing system_ext/lib64/libaudiohalvendorextn.so ...
Processing system_ext/lib64/libaudiopolicymanagerimpl.so ...
Processing system_ext/lib64/libaudiopolicymanagerstub.so ...
Processing system_ext/lib64/libaudiopolicyserviceimpl.so ...
Processing system_ext/lib64/libautoui_image.xiaomi.so ...
Processing system_ext/lib64/libavenhancements.so ...
Processing system_ext/lib64/libbacktrace.so ...
Processing system_ext/lib64/libbarrage_utils.so ...
Processing system_ext/lib64/libbeluga.so ...
Processing system_ext/lib64/libbinauralrenderer_wrapper.qti.so ...
Processing system_ext/lib64/libboost.so ...
Processing system_ext/lib64/libbtAMapSDK_MAP_v10.so ...
Processing system_ext/lib64/libc++_shared.so ...
Processing system_ext/lib64/libcallstack.so ...
Processing system_ext/lib64/libcamera_algoup_jni.xiaomi.so ...
Processing system_ext/lib64/libcamera_mianode_jni.xiaomi.so ...
Processing system_ext/lib64/libcameradngimpl.so ...
Processing system_ext/lib64/libcameraimpl.so ...
Processing system_ext/lib64/libcamerakiller.so ...
Processing system_ext/lib64/libcameramind.so ...
Processing system_ext/lib64/libcameramindmsger.so ...
Processing system_ext/lib64/libcameraopt.so ...
Processing system_ext/lib64/libcameraopt_jni.so ...
Processing system_ext/lib64/libcammsger.so ...
Processing system_ext/lib64/libclientinfoimpl.so ...
Processing system_ext/lib64/libcmcc_sdk.so ...
Processing system_ext/lib64/libcom.xiaomi.pms.core.so ...
Processing system_ext/lib64/libcom.xiaomi.pms.mediaengine.so ...
Processing system_ext/lib64/libcom.xiaomi.pms.utils.so ...
Processing system_ext/lib64/libcom_android_net_module_util_jni.so ...
Processing system_ext/lib64/libcomposerextn.qti.so ...
Processing system_ext/lib64/libconst_panic.dylib.so ...
Processing system_ext/lib64/libcore_extensions.dylib.so ...
Processing system_ext/lib64/libcrop.so ...
Processing system_ext/lib64/libcryptfs_hw.so ...
Processing system_ext/lib64/libcsd.so ...
Processing system_ext/lib64/libcustbootanimationimpl.so ...
Processing system_ext/lib64/libdashdatasource.so ...
Processing system_ext/lib64/libdashsamplesource.so ...
Processing system_ext/lib64/libdfintf.so ...
Processing system_ext/lib64/libdiag_system.qti.so ...
Processing system_ext/lib64/libdiag_system.so ...
Processing system_ext/lib64/libdiagatbparser_system.so ...
Processing system_ext/lib64/libdisplayconfig.system.qti.so ...
Processing system_ext/lib64/libdolbyacse_jni.so ...
Processing system_ext/lib64/libdolbyeffect.so ...
Processing system_ext/lib64/libdolphin.so ...
Processing system_ext/lib64/libdpmctmgr.so ...
Processing system_ext/lib64/libdpmfdmgr.so ...
Processing system_ext/lib64/libdpmframework.so ...
Processing system_ext/lib64/libdpmtcm.so ...
Processing system_ext/lib64/libdummydecodingmode.so ...
Processing system_ext/lib64/libdynamicaudiolog.so ...
Processing system_ext/lib64/libembmsmmosal.so ...
Processing system_ext/lib64/libembmsmmparser_lite.so ...
Processing system_ext/lib64/libembmstinyxml.so ...
Processing system_ext/lib64/libfastplayer.so ...
Processing system_ext/lib64/libfcmintf.so ...
Processing system_ext/lib64/libfdmonitor_jni.so ...
Processing system_ext/lib64/libffavc.hyperos.so ...
Processing system_ext/lib64/libfik_fd.so ...
Processing system_ext/lib64/libfik_nheap.so ...
Processing system_ext/lib64/libfik_proc.so ...
Processing system_ext/lib64/libfik_signal.so ...
Processing system_ext/lib64/libfik_thread.so ...
Processing system_ext/lib64/libfik_utils.so ...
Processing system_ext/lib64/libfik_vmem.so ...
Processing system_ext/lib64/libfm-hci.so ...
Processing system_ext/lib64/libfolme.so ...
Processing system_ext/lib64/libforcedarkimpl.so ...
Processing system_ext/lib64/libframeestimationGL3.so ...
Processing system_ext/lib64/libframeestimationVK.so ...
Processing system_ext/lib64/libframemasterintf.so ...
Processing system_ext/lib64/libfreemap.so ...
Processing system_ext/lib64/libfsutils.so ...
Processing system_ext/lib64/libfuse-lite.so ...
Processing system_ext/lib64/libfwk_lazy_service.so ...
Processing system_ext/lib64/libgenerational_arena.dylib.so ...
Processing system_ext/lib64/libgmp.so ...
Processing system_ext/lib64/libgnutls.so ...
Processing system_ext/lib64/libgppextension.so ...
Processing system_ext/lib64/libgpphexlpsession.so ...
Processing system_ext/lib64/libgpppreprocessing.so ...
Processing system_ext/lib64/libgpptxr.so ...
Processing system_ext/lib64/libgppvppgfrcplussession.so ...
Processing system_ext/lib64/libgralloc.system.qti.so ...
Processing system_ext/lib64/libhidconverter.so ...
Processing system_ext/lib64/libhoaeffects.qti.so ...
Processing system_ext/lib64/libhoaeffects_csim.so ...
Processing system_ext/lib64/libhook.so ...
Processing system_ext/lib64/libhwuiinsptrdl.so ...
Processing system_ext/lib64/libhyper_booster.so ...
Processing system_ext/lib64/libhyper_os_accessibility_private.dylib.so ...
Processing system_ext/lib64/libhyper_os_accessibility_public.so ...
Processing system_ext/lib64/libhyper_os_account_private.dylib.so ...
Processing system_ext/lib64/libhyper_os_account_public.so ...
Processing system_ext/lib64/libhyper_os_aidl.dylib.so ...
Processing system_ext/lib64/libhyper_os_app_private.dylib.so ...
Processing system_ext/lib64/libhyper_os_app_public.so ...
Processing system_ext/lib64/libhyper_os_appwidget_private.dylib.so ...
Processing system_ext/lib64/libhyper_os_appwidget_public.so ...
Processing system_ext/lib64/libhyper_os_axml_private.dylib.so ...
Processing system_ext/lib64/libhyper_os_background_tasks_private.dylib.so ...
Processing system_ext/lib64/libhyper_os_background_tasks_public.so ...
Processing system_ext/lib64/libhyper_os_backup_private.dylib.so ...
Processing system_ext/lib64/libhyper_os_backup_public.so ...
Processing system_ext/lib64/libhyper_os_binder_private.dylib.so ...
Processing system_ext/lib64/libhyper_os_binder_public.so ...
Processing system_ext/lib64/libhyper_os_bluetooth_private.dylib.so ...
Processing system_ext/lib64/libhyper_os_bluetooth_public.so ...
Processing system_ext/lib64/libhyper_os_broadcast_private.dylib.so ...
Processing system_ext/lib64/libhyper_os_broadcast_public.so ...
Processing system_ext/lib64/libhyper_os_bundle_private.dylib.so ...
Processing system_ext/lib64/libhyper_os_bundle_public.so ...
Processing system_ext/lib64/libhyper_os_clipboard_private.dylib.so ...
Processing system_ext/lib64/libhyper_os_clipboard_public.so ...
Processing system_ext/lib64/libhyper_os_common.dylib.so ...
Processing system_ext/lib64/libhyper_os_components_private.dylib.so ...
Processing system_ext/lib64/libhyper_os_core_data_private.dylib.so ...
Processing system_ext/lib64/libhyper_os_core_data_public.so ...
Processing system_ext/lib64/libhyper_os_core_foundation_private.dylib.so ...
Processing system_ext/lib64/libhyper_os_core_foundation_public.so ...
Processing system_ext/lib64/libhyper_os_core_system_private.dylib.so ...
Processing system_ext/lib64/libhyper_os_dfp_public.so ...
Processing system_ext/lib64/libhyper_os_dfx_public.so ...
Processing system_ext/lib64/libhyper_os_file_access_private.dylib.so ...
Processing system_ext/lib64/libhyper_os_file_access_public.so ...
Processing system_ext/lib64/libhyper_os_flutter.so ...
Processing system_ext/lib64/libhyper_os_foundation_private.dylib.so ...
Processing system_ext/lib64/libhyper_os_foundation_public.so ...
Processing system_ext/lib64/libhyper_os_graphics_private.dylib.so ...
Processing system_ext/lib64/libhyper_os_graphics_public.so ...
Processing system_ext/lib64/libhyper_os_handoff_private.dylib.so ...
Processing system_ext/lib64/libhyper_os_handoff_public.so ...
Processing system_ext/lib64/libhyper_os_health_private.dylib.so ...
Processing system_ext/lib64/libhyper_os_intent_private.dylib.so ...
Processing system_ext/lib64/libhyper_os_intent_public.so ...
Processing system_ext/lib64/libhyper_os_keyguard_manager_private.dylib.so ...
Processing system_ext/lib64/libhyper_os_keyguard_manager_public.so ...
Processing system_ext/lib64/libhyper_os_location_private.dylib.so ...
Processing system_ext/lib64/libhyper_os_location_public.so ...
Processing system_ext/lib64/libhyper_os_media_private.dylib.so ...
Processing system_ext/lib64/libhyper_os_media_public.so ...
Processing system_ext/lib64/libhyper_os_media_store_private.dylib.so ...
Processing system_ext/lib64/libhyper_os_media_store_public.so ...
Processing system_ext/lib64/libhyper_os_misight_public.so ...
Processing system_ext/lib64/libhyper_os_miui_booster_private.dylib.so ...
Processing system_ext/lib64/libhyper_os_miui_booster_public.so ...
Processing system_ext/lib64/libhyper_os_network_private.dylib.so ...
Processing system_ext/lib64/libhyper_os_network_public.so ...
Processing system_ext/lib64/libhyper_os_notification_private.dylib.so ...
Processing system_ext/lib64/libhyper_os_notification_public.so ...
Processing system_ext/lib64/libhyper_os_power_private.dylib.so ...
Processing system_ext/lib64/libhyper_os_power_public.so ...
Processing system_ext/lib64/libhyper_os_prediction_private.dylib.so ...
Processing system_ext/lib64/libhyper_os_prediction_public.so ...
Processing system_ext/lib64/libhyper_os_process_private.dylib.so ...
Processing system_ext/lib64/libhyper_os_process_public.so ...
Processing system_ext/lib64/libhyper_os_resources_private.dylib.so ...
Processing system_ext/lib64/libhyper_os_resources_public.so ...
Processing system_ext/lib64/libhyper_os_role_private.dylib.so ...
Processing system_ext/lib64/libhyper_os_role_public.so ...
Processing system_ext/lib64/libhyper_os_schema_private.dylib.so ...
Processing system_ext/lib64/libhyper_os_schema_public.so ...
Processing system_ext/lib64/libhyper_os_security_private.dylib.so ...
Processing system_ext/lib64/libhyper_os_security_public.so ...
Processing system_ext/lib64/libhyper_os_sensor_private.dylib.so ...
Processing system_ext/lib64/libhyper_os_sensor_public.so ...
Processing system_ext/lib64/libhyper_os_service_manager.dylib.so ...
Processing system_ext/lib64/libhyper_os_service_private.dylib.so ...
Processing system_ext/lib64/libhyper_os_service_public.so ...
Processing system_ext/lib64/libhyper_os_shell.so ...
Processing system_ext/lib64/libhyper_os_speech_private.dylib.so ...
Processing system_ext/lib64/libhyper_os_speech_public.so ...
Processing system_ext/lib64/libhyper_os_std_private.dylib.so ...
Processing system_ext/lib64/libhyper_os_storage_private.dylib.so ...
Processing system_ext/lib64/libhyper_os_storage_public.so ...
Processing system_ext/lib64/libhyper_os_sys.dylib.so ...
Processing system_ext/lib64/libhyper_os_system_private.dylib.so ...
Processing system_ext/lib64/libhyper_os_system_public.so ...
Processing system_ext/lib64/libhyper_os_telephony_private.dylib.so ...
Processing system_ext/lib64/libhyper_os_telephony_public.so ...
Processing system_ext/lib64/libhyper_os_text_classifier_private.dylib.so ...
Processing system_ext/lib64/libhyper_os_text_classifier_public.so ...
Processing system_ext/lib64/libhyper_os_toggle_private.dylib.so ...
Processing system_ext/lib64/libhyper_os_toggle_public.so ...
Processing system_ext/lib64/libhyper_os_turbo_sched_private.dylib.so ...
Processing system_ext/lib64/libhyper_os_turbo_sched_public.so ...
Processing system_ext/lib64/libhyper_os_ui_private.dylib.so ...
Processing system_ext/lib64/libhyper_os_ui_public.so ...
Processing system_ext/lib64/libhyper_os_usage_private.dylib.so ...
Processing system_ext/lib64/libhyper_os_usage_public.so ...
Processing system_ext/lib64/libhyper_os_user_private.dylib.so ...
Processing system_ext/lib64/libhyper_os_user_public.so ...
Processing system_ext/lib64/libhyper_surface_context.so ...
Processing system_ext/lib64/libhypermedia.so ...
Processing system_ext/lib64/libiconv.so ...
Processing system_ext/lib64/libidn2.so ...
Processing system_ext/lib64/libimageaiencoder.so ...
Processing system_ext/lib64/libimsmedia_jni.so ...
Processing system_ext/lib64/libinstalldimpl.so ...
Processing system_ext/lib64/libjlspeex.so ...
Processing system_ext/lib64/libjnihelpers.so ...
Processing system_ext/lib64/libjpeg-hyper.so ...
Processing system_ext/lib64/liblayerext.qti.so ...
Processing system_ext/lib64/liblights.so ...
Processing system_ext/lib64/liblistenjni.qti.so ...
Processing system_ext/lib64/liblistensoundmodel2.qti.so ...
Processing system_ext/lib64/libloc2jnibridge.so ...
Processing system_ext/lib64/liblogdimpl.so ...
Processing system_ext/lib64/liblsmclient.so ...
Processing system_ext/lib64/libmalldisp.so ...
Processing system_ext/lib64/libmediaimpl.so ...
Processing system_ext/lib64/libmediasp_jni.so ...
Processing system_ext/lib64/libmediastub.so ...
Processing system_ext/lib64/libmiaudiopolicymanager.so ...
Processing system_ext/lib64/libmibpfutils.so ...
Processing system_ext/lib64/libmicampostproc_client.so ...
Processing system_ext/lib64/libmicodec.so ...
Processing system_ext/lib64/libmidebuggerdimpl_system.so ...
Processing system_ext/lib64/libmienterpriseimpl.so ...
Processing system_ext/lib64/libmiffmpeg.so ...
Processing system_ext/lib64/libmigl.so ...
Processing system_ext/lib64/libmigui.so ...
Processing system_ext/lib64/libmiinput.so ...
Processing system_ext/lib64/libmiinputflinger.so ...
Processing system_ext/lib64/libmillet_comm.so ...
Processing system_ext/lib64/libmimediacodec.so ...
Processing system_ext/lib64/libmink-sock-native-api.so ...
Processing system_ext/lib64/libminkipcbinder_system.so ...
Processing system_ext/lib64/libmiperfturbo.so ...
Processing system_ext/lib64/libmiracastsystem.so ...
Processing system_ext/lib64/libmirim_jni.so ...
Processing system_ext/lib64/libmirimencrypt.so ...
Processing system_ext/lib64/libmis_audioled.so ...
Processing system_ext/lib64/libmisensorserviceimpl.so ...
Processing system_ext/lib64/libmisight.so ...
Processing system_ext/lib64/libmisight_jni.so ...
Processing system_ext/lib64/libmisqlite3.so ...
Processing system_ext/lib64/libmisurfaceflinger.so ...
Processing system_ext/lib64/libmisys_jni.xiaomi.so ...
Processing system_ext/lib64/libmiturbo_jni.so ...
Processing system_ext/lib64/libmiui_runtime.so ...
Processing system_ext/lib64/libmiui_service.so ...
Processing system_ext/lib64/libmiuibpf.so ...
Processing system_ext/lib64/libmiuibpfservice.so ...
Processing system_ext/lib64/libmiuidumpstate.so ...
Processing system_ext/lib64/libmiuindbg.so ...
Processing system_ext/lib64/libmiuiprocessmanager.so ...
Processing system_ext/lib64/libmiuisentinel.so ...
Processing system_ext/lib64/libmiuixlog.so ...
Processing system_ext/lib64/libmivideo.so ...
Processing system_ext/lib64/libmivk.so ...
Processing system_ext/lib64/libmmQSM.so ...
Processing system_ext/lib64/libmmdamon.so ...
Processing system_ext/lib64/libmmhttpstack.so ...
Processing system_ext/lib64/libmmiipstreammmihttp.so ...
Processing system_ext/lib64/libmmipstreamnetwork.so ...
Processing system_ext/lib64/libmmipstreamsourcehttp.so ...
Processing system_ext/lib64/libmmipstreamutils.so ...
Processing system_ext/lib64/libmmosal.so ...
Processing system_ext/lib64/libmmparser_lite.so ...
Processing system_ext/lib64/libmmperf.so ...
Processing system_ext/lib64/libmmrtpdecoder.so ...
Processing system_ext/lib64/libmmrtpencoder.so ...
Processing system_ext/lib64/libmodemenhance_aidl_client.so ...
Processing system_ext/lib64/libmodemsmartengine_jni.modem.so ...
Processing system_ext/lib64/libmonitortrack.so ...
Processing system_ext/lib64/libmpam_jni.so ...
Processing system_ext/lib64/libmqsas.so ...
Processing system_ext/lib64/libmsp.so ...
Processing system_ext/lib64/libmwqemiptablemgr.so ...
Processing system_ext/lib64/libnative-jni.so ...
Processing system_ext/lib64/libnativehang.so ...
Processing system_ext/lib64/libnettle.so ...
Processing system_ext/lib64/libnetworkboostjni.so ...
Processing system_ext/lib64/libngsdk_android_arm.so ...
Processing system_ext/lib64/libntfs-3g.so ...
Processing system_ext/lib64/libnvttouchinfo_jni.so ...
Processing system_ext/lib64/libnvttouchinfocapture.so ...
Processing system_ext/lib64/liboctvm.so ...
Processing system_ext/lib64/liboctvm_drv.so ...
Processing system_ext/lib64/liboctvm_runtime.so ...
Processing system_ext/lib64/liboctvm_utils.so ...
Processing system_ext/lib64/liboemnetdimpl.so ...
Processing system_ext/lib64/libonnxruntime.so ...
Processing system_ext/lib64/libonnxruntime4j_jni.so ...
Processing system_ext/lib64/libonnxruntime_image.so ...
Processing system_ext/lib64/libopencv_core.so ...
Processing system_ext/lib64/libopencv_imgcodecs.so ...
Processing system_ext/lib64/libopencv_imgproc.so ...
Processing system_ext/lib64/libp11-kit.so ...
Processing system_ext/lib64/libpag.hyperos.so ...
Processing system_ext/lib64/libpbqualityanalyserimpl.so ...
Processing system_ext/lib64/libpbstuckreporterimpl.so ...
Processing system_ext/lib64/libpenguin.so ...
Processing system_ext/lib64/libpenguin_impl.so ...
Processing system_ext/lib64/libperf_ctl.so ...
Processing system_ext/lib64/libphrtf.so ...
Processing system_ext/lib64/libpicwatch.so ...
Processing system_ext/lib64/libpmsjni.so ...
Processing system_ext/lib64/libpowerinsight_jni.so ...
Processing system_ext/lib64/libpowerkeeper_jni.so ...
Processing system_ext/lib64/libprocreporter.so ...
Processing system_ext/lib64/libqape.qti.so ...
Processing system_ext/lib64/libqcc.so ...
Processing system_ext/lib64/libqcc_file_agent_sys.so ...
Processing system_ext/lib64/libqcc_netstats.so ...
Processing system_ext/lib64/libqccdme.so ...
Processing system_ext/lib64/libqccfileservice.so ...
Processing system_ext/lib64/libqcomfm_jni.so ...
Processing system_ext/lib64/libqesdk_ndk_platform.qti.so ...
Processing system_ext/lib64/libqmi_cci_system.so ...
Processing system_ext/lib64/libqmi_encdec_system.so ...
Processing system_ext/lib64/libqms_ntnsatellite_sdk.so ...
Processing system_ext/lib64/libqspm-mem-utils.so ...
Processing system_ext/lib64/libqspmsvc.so ...
Processing system_ext/lib64/libqti-MemHal-client-system.so ...
Processing system_ext/lib64/libqti-at.so ...
Processing system_ext/lib64/libqti-iopd-client_system.so ...
Processing system_ext/lib64/libqti-perfd-client_system.so ...
Processing system_ext/lib64/libqti_performance.so ...
Processing system_ext/lib64/libqti_vndfwk_detect.so ...
Processing system_ext/lib64/libqti_vndfwk_detect_system.so ...
Processing system_ext/lib64/libqti_workloadclassifiermodel.so ...
Processing system_ext/lib64/libquic.so ...
Processing system_ext/lib64/libqxrsplitauxservice.qti.so ...
Processing system_ext/lib64/librecpp_intf.so ...
Processing system_ext/lib64/librepr_offset.dylib.so ...
Processing system_ext/lib64/librms_jni.so ...
Processing system_ext/lib64/librust_maml_sdk.so ...
Processing system_ext/lib64/libsavior.so ...
Processing system_ext/lib64/libscout.so ...
Processing system_ext/lib64/libsd_sdk_display.qti.so ...
Processing system_ext/lib64/libsdm-disp-apis.qti.so ...
Processing system_ext/lib64/libsigmautils.so ...
Processing system_ext/lib64/libskbcli.so ...
Processing system_ext/lib64/libskewknob_system.so ...
Processing system_ext/lib64/libskuparser_cpp.so ...
Processing system_ext/lib64/libskuparser_ffi.so ...
Processing system_ext/lib64/libsmallbitvec.dylib.so ...
Processing system_ext/lib64/libsmomoconfig.qti.so ...
Processing system_ext/lib64/libsobridge.so ...
Processing system_ext/lib64/libsoload.so ...
Processing system_ext/lib64/libspatial.so ...
Processing system_ext/lib64/libspeex_jni.so ...
Processing system_ext/lib64/libstackdump.so ...
Processing system_ext/lib64/libsurfaceflinger.so ...
Processing system_ext/lib64/libsurfaceflinger_common_shared.so ...
Processing system_ext/lib64/libsurfaceflingerinsptr.so ...
Processing system_ext/lib64/libsystemhelper_jni.so ...
Processing system_ext/lib64/libtasn1.so ...
Processing system_ext/lib64/libtelecodec_android.so ...
Processing system_ext/lib64/libthermalclient.qti.so ...
Processing system_ext/lib64/libtouchfeatureutils.so ...
Processing system_ext/lib64/libtouchflinger.so ...
Processing system_ext/lib64/libtouchscheduler.so ...
Processing system_ext/lib64/libtrack-heap.so ...
Processing system_ext/lib64/libtrack-uaf.so ...
Processing system_ext/lib64/libtrigger-handler.so ...
Processing system_ext/lib64/libtstr.dylib.so ...
Processing system_ext/lib64/libturboschedmanager_ssi.so ...
Processing system_ext/lib64/libugrab.so ...
Processing system_ext/lib64/libunfairmem_jni.so ...
Processing system_ext/lib64/libuniperf_client_system.so ...
Processing system_ext/lib64/libuniperfhandlecontroller_jni.so ...
Processing system_ext/lib64/libunistring.so ...
Processing system_ext/lib64/libunwindcommon.so ...
Processing system_ext/lib64/libupdateprof.qti.so ...
Processing system_ext/lib64/libvideocodeccapability.so ...
Processing system_ext/lib64/libvideocodecinfo.so ...
Processing system_ext/lib64/libvideorecovery.so ...
Processing system_ext/lib64/libvideoserviceclientimpl.so ...
Processing system_ext/lib64/libvirtualcamera_imageutils_jni.so ...
Processing system_ext/lib64/libvirtualcamera_surfaceutils_jni.so ...
Processing system_ext/lib64/libvndfwk_detect_jni.qti.so ...
Processing system_ext/lib64/libvndfwk_detect_jni.qti_system.so ...
Processing system_ext/lib64/libvoicechange.so ...
Processing system_ext/lib64/libvppvideobox.so ...
Processing system_ext/lib64/libvr_amb_engine.so ...
Processing system_ext/lib64/libvr_object_engine.so ...
Processing system_ext/lib64/libvsim_auth.so ...
Processing system_ext/lib64/libwfdavenhancements.so ...
Processing system_ext/lib64/libwfdclient.so ...
Processing system_ext/lib64/libwfdcommonutils.so ...
Processing system_ext/lib64/libwfdconfigutils.so ...
Processing system_ext/lib64/libwfddisplayconfig.so ...
Processing system_ext/lib64/libwfdmminterface.so ...
Processing system_ext/lib64/libwfdmmsink.so ...
Processing system_ext/lib64/libwfdmmsrc_system.so ...
Processing system_ext/lib64/libwfdnative.so ...
Processing system_ext/lib64/libwfdrtsp.so ...
Processing system_ext/lib64/libwfdservice.so ...
Processing system_ext/lib64/libwfdsinksm.so ...
Processing system_ext/lib64/libwfduibcinterface.so ...
Processing system_ext/lib64/libwfduibcsink.so ...
Processing system_ext/lib64/libwfduibcsinkinterface.so ...
Processing system_ext/lib64/libwfduibcsrc.so ...
Processing system_ext/lib64/libwfduibcsrcinterface.so ...
Processing system_ext/lib64/libwificondimpl.so ...
Processing system_ext/lib64/libxiaomi_modemdump_jni.modem.so ...
Processing system_ext/lib64/libxiaomi_modemdumpsdx55_jni.modem.so ...
Processing system_ext/lib64/libxiaomibtlc3.so ...
Processing system_ext/lib64/libxiaomibtphrtf.so ...
Processing system_ext/lib64/libxlog.so ...
Processing system_ext/lib64/libxm_bluetooth.so ...
Processing system_ext/lib64/libzkmalloc.so ...
Processing system_ext/lib64/litert ...
Processing system_ext/lib64/miui-native-nativehang-aidl-cpp.so ...
Processing system_ext/lib64/miui.mqsas.native-cpp.so ...
Processing system_ext/lib64/miui_f2fs_io.so ...
Processing system_ext/lib64/qti-audio-types-aidl-V1-ndk.so ...
Processing system_ext/lib64/vendor.display.color@1.0.so ...
Processing system_ext/lib64/vendor.display.color@1.1.so ...
Processing system_ext/lib64/vendor.display.color@1.2.so ...
Processing system_ext/lib64/vendor.display.color@1.3.so ...
Processing system_ext/lib64/vendor.display.config@1.0.so ...
Processing system_ext/lib64/vendor.display.config@1.1.so ...
Processing system_ext/lib64/vendor.display.config@1.2.so ...
Processing system_ext/lib64/vendor.display.config@1.3.so ...
Processing system_ext/lib64/vendor.display.config@1.4.so ...
Processing system_ext/lib64/vendor.display.config@1.5.so ...
Processing system_ext/lib64/vendor.display.config@2.0.so ...
Processing system_ext/lib64/vendor.display.postproc@1.0.so ...
Processing system_ext/lib64/vendor.qti.ImsRtpService-V1-ndk.so ...
Processing system_ext/lib64/vendor.qti.ImsRtpService-V2-ndk.so ...
Processing system_ext/lib64/vendor.qti.ImsVtService-ndk.so ...
Processing system_ext/lib64/vendor.qti.data.dmapconsent-V1-ndk.so ...
Processing system_ext/lib64/vendor.qti.data.dmapconsent-V2-ndk.so ...
Processing system_ext/lib64/vendor.qti.data.factory@1.0.so ...
Processing system_ext/lib64/vendor.qti.data.factory@2.0.so ...
Processing system_ext/lib64/vendor.qti.data.factory@2.1.so ...
Processing system_ext/lib64/vendor.qti.data.factory@2.2.so ...
Processing system_ext/lib64/vendor.qti.data.factory@2.3.so ...
Processing system_ext/lib64/vendor.qti.data.factory@2.4.so ...
Processing system_ext/lib64/vendor.qti.data.factory@2.5.so ...
Processing system_ext/lib64/vendor.qti.data.factory@2.6.so ...
Processing system_ext/lib64/vendor.qti.data.factory@2.7.so ...
Processing system_ext/lib64/vendor.qti.data.factory@2.8.so ...
Processing system_ext/lib64/vendor.qti.data.factoryservice-V1-ndk.so ...
Processing system_ext/lib64/vendor.qti.data.factoryservice-V2-ndk.so ...
Processing system_ext/lib64/vendor.qti.data.factoryservice-V3-ndk.so ...
Processing system_ext/lib64/vendor.qti.data.mwqem@1.0.so ...
Processing system_ext/lib64/vendor.qti.data.mwqemaidlservice-V1-ndk.so ...
Processing system_ext/lib64/vendor.qti.data.slm@1.0.so ...
Processing system_ext/lib64/vendor.qti.diaghal@1.0.so ...
Processing system_ext/lib64/vendor.qti.hardware.ListenSoundModel@1.0.so ...
Processing system_ext/lib64/vendor.qti.hardware.alarm@1.0.so ...
Processing system_ext/lib64/vendor.qti.hardware.btconfigstore@2.0.so ...
Processing system_ext/lib64/vendor.qti.hardware.cacertaidlservice-V1-ndk.so ...
Processing system_ext/lib64/vendor.qti.hardware.capabilityconfigstore@1.0.so ...
Processing system_ext/lib64/vendor.qti.hardware.cryptfshw@1.0.so ...
Processing system_ext/lib64/vendor.qti.hardware.cvp@1.0.so ...
Processing system_ext/lib64/vendor.qti.hardware.data.cne.internal.api@1.0.so ...
Processing system_ext/lib64/vendor.qti.hardware.data.cne.internal.constants@1.0.so ...
Processing system_ext/lib64/vendor.qti.hardware.data.cne.internal.server@1.0.so ...
Processing system_ext/lib64/vendor.qti.hardware.data.cne.internal.server@1.1.so ...
Processing system_ext/lib64/vendor.qti.hardware.data.cne.internal.server@1.2.so ...
Processing system_ext/lib64/vendor.qti.hardware.data.cne.internal.server@1.3.so ...
Processing system_ext/lib64/vendor.qti.hardware.data.cneaidlservice.internal.api-V1-ndk.so ...
Processing system_ext/lib64/vendor.qti.hardware.data.cneaidlservice.internal.api-V2-ndk.so ...
Processing system_ext/lib64/vendor.qti.hardware.data.cneaidlservice.internal.constants-V1-ndk.so ...
Processing system_ext/lib64/vendor.qti.hardware.data.cneaidlservice.internal.server-V1-ndk.so ...
Processing system_ext/lib64/vendor.qti.hardware.data.cneaidlservice.internal.server-V2-ndk.so ...
Processing system_ext/lib64/vendor.qti.hardware.data.connection@1.0.so ...
Processing system_ext/lib64/vendor.qti.hardware.data.connection@1.1.so ...
Processing system_ext/lib64/vendor.qti.hardware.data.connectionfactory-V1-ndk.so ...
Processing system_ext/lib64/vendor.qti.hardware.data.dataactivity-V1-ndk.so ...
Processing system_ext/lib64/vendor.qti.hardware.data.dynamicdds@1.0.so ...
Processing system_ext/lib64/vendor.qti.hardware.data.dynamicdds@1.1.so ...
Processing system_ext/lib64/vendor.qti.hardware.data.dynamicddsaidlservice-V1-ndk.so ...
Processing system_ext/lib64/vendor.qti.hardware.data.flow@1.0.so ...
Processing system_ext/lib64/vendor.qti.hardware.data.flow@1.1.so ...
Processing system_ext/lib64/vendor.qti.hardware.data.flowaidlservice-V1-ndk.so ...
Processing system_ext/lib64/vendor.qti.hardware.data.iwlan@1.0.so ...
Processing system_ext/lib64/vendor.qti.hardware.data.iwlan@1.1.so ...
Processing system_ext/lib64/vendor.qti.hardware.data.iwlandata-V1-ndk.so ...
Processing system_ext/lib64/vendor.qti.hardware.data.ka-V1-ndk.so ...
Processing system_ext/lib64/vendor.qti.hardware.data.latency@1.0.so ...
Processing system_ext/lib64/vendor.qti.hardware.data.lce@1.0.so ...
Processing system_ext/lib64/vendor.qti.hardware.data.lceaidlservice-V1-ndk.so ...
Processing system_ext/lib64/vendor.qti.hardware.data.qmi@1.0.so ...
Processing system_ext/lib64/vendor.qti.hardware.data.qmiaidlservice-V1-ndk.so ...
Processing system_ext/lib64/vendor.qti.hardware.display.composer@3.0.so ...
Processing system_ext/lib64/vendor.qti.hardware.display.composer@3.1.so ...
Processing system_ext/lib64/vendor.qti.hardware.display.config-V1-ndk.so ...
Processing system_ext/lib64/vendor.qti.hardware.display.config-V10-ndk.so ...
Processing system_ext/lib64/vendor.qti.hardware.display.config-V11-ndk.so ...
Processing system_ext/lib64/vendor.qti.hardware.display.config-V12-ndk.so ...
Processing system_ext/lib64/vendor.qti.hardware.display.config-V13-ndk.so ...
Processing system_ext/lib64/vendor.qti.hardware.display.config-V14-ndk.so ...
Processing system_ext/lib64/vendor.qti.hardware.display.config-V15-ndk.so ...
Processing system_ext/lib64/vendor.qti.hardware.display.config-V16-ndk.so ...
Processing system_ext/lib64/vendor.qti.hardware.display.config-V17-ndk.so ...
Processing system_ext/lib64/vendor.qti.hardware.display.config-V2-ndk.so ...
Processing system_ext/lib64/vendor.qti.hardware.display.config-V3-ndk.so ...
Processing system_ext/lib64/vendor.qti.hardware.display.config-V4-ndk.so ...
Processing system_ext/lib64/vendor.qti.hardware.display.config-V5-ndk.so ...
Processing system_ext/lib64/vendor.qti.hardware.display.config-V6-ndk.so ...
Processing system_ext/lib64/vendor.qti.hardware.display.config-V7-ndk.so ...
Processing system_ext/lib64/vendor.qti.hardware.display.config-V8-ndk.so ...
Processing system_ext/lib64/vendor.qti.hardware.display.config-V9-ndk.so ...
Processing system_ext/lib64/vendor.qti.hardware.dpmaidlservice-V1-ndk.so ...
Processing system_ext/lib64/vendor.qti.hardware.dpmservice@1.0.so ...
Processing system_ext/lib64/vendor.qti.hardware.dpmservice@1.1.so ...
Processing system_ext/lib64/vendor.qti.hardware.embmssl@1.0.so ...
Processing system_ext/lib64/vendor.qti.hardware.embmssl@1.1.so ...
Processing system_ext/lib64/vendor.qti.hardware.embmsslaidl-V2-ndk.so ...
Processing system_ext/lib64/vendor.qti.hardware.fingerprint@1.0.so ...
Processing system_ext/lib64/vendor.qti.hardware.fm@1.0.so ...
Processing system_ext/lib64/vendor.qti.hardware.iop@2.0.so ...
Processing system_ext/lib64/vendor.qti.hardware.limits@1.0.so ...
Processing system_ext/lib64/vendor.qti.hardware.limits@1.1.so ...
Processing system_ext/lib64/vendor.qti.hardware.minkipcbinder-V1-ndk.so ...
Processing system_ext/lib64/vendor.qti.hardware.mwqemadapter@1.0.so ...
Processing system_ext/lib64/vendor.qti.hardware.mwqemadapteraidlservice-V1-ndk.so ...
Processing system_ext/lib64/vendor.qti.hardware.perf@2.0.so ...
Processing system_ext/lib64/vendor.qti.hardware.perf@2.1.so ...
Processing system_ext/lib64/vendor.qti.hardware.perf@2.2.so ...
Processing system_ext/lib64/vendor.qti.hardware.perf@2.3.so ...
Processing system_ext/lib64/vendor.qti.hardware.qacs.ambientdatacapture-V1-ndk.so ...
Processing system_ext/lib64/vendor.qti.hardware.qccsyshal@1.0.so ...
Processing system_ext/lib64/vendor.qti.hardware.qccsyshal@1.1.so ...
Processing system_ext/lib64/vendor.qti.hardware.qccsyshal@1.2-halimpl.so ...
Processing system_ext/lib64/vendor.qti.hardware.qccsyshal@1.2.so ...
Processing system_ext/lib64/vendor.qti.hardware.qccvndhal@1.0.so ...
Processing system_ext/lib64/vendor.qti.hardware.qdutils_disp@1.0.so ...
Processing system_ext/lib64/vendor.qti.hardware.qseecom-V1-ndk.so ...
Processing system_ext/lib64/vendor.qti.hardware.qseecom@1.0.so ...
Processing system_ext/lib64/vendor.qti.hardware.qteeconnector-V1-ndk.so ...
Processing system_ext/lib64/vendor.qti.hardware.qteeconnector@1.0.so ...
Processing system_ext/lib64/vendor.qti.hardware.qxr-V1-ndk.so ...
Processing system_ext/lib64/vendor.qti.hardware.radio.am@1.0.so ...
Processing system_ext/lib64/vendor.qti.hardware.radio.ims@1.0.so ...
Processing system_ext/lib64/vendor.qti.hardware.radio.ims@1.1.so ...
Processing system_ext/lib64/vendor.qti.hardware.radio.ims@1.2.so ...
Processing system_ext/lib64/vendor.qti.hardware.radio.ims@1.3.so ...
Processing system_ext/lib64/vendor.qti.hardware.radio.ims@1.4.so ...
Processing system_ext/lib64/vendor.qti.hardware.radio.ims@1.5.so ...
Processing system_ext/lib64/vendor.qti.hardware.radio.ims@1.6.so ...
Processing system_ext/lib64/vendor.qti.hardware.radio.ims@1.7.so ...
Processing system_ext/lib64/vendor.qti.hardware.radio.ims@1.8.so ...
Processing system_ext/lib64/vendor.qti.hardware.radio.ims@1.9.so ...
Processing system_ext/lib64/vendor.qti.hardware.radio.lpa@1.0.so ...
Processing system_ext/lib64/vendor.qti.hardware.radio.lpa@1.1.so ...
Processing system_ext/lib64/vendor.qti.hardware.radio.lpa@1.2.so ...
Processing system_ext/lib64/vendor.qti.hardware.radio.lpa@1.3.so ...
Processing system_ext/lib64/vendor.qti.hardware.radio.qtiradio@1.0.so ...
Processing system_ext/lib64/vendor.qti.hardware.radio.qtiradio@2.0.so ...
Processing system_ext/lib64/vendor.qti.hardware.radio.qtiradio@2.1.so ...
Processing system_ext/lib64/vendor.qti.hardware.radio.qtiradio@2.2.so ...
Processing system_ext/lib64/vendor.qti.hardware.radio.qtiradio@2.3.so ...
Processing system_ext/lib64/vendor.qti.hardware.radio.qtiradio@2.4.so ...
Processing system_ext/lib64/vendor.qti.hardware.radio.qtiradio@2.5.so ...
Processing system_ext/lib64/vendor.qti.hardware.radio.qtiradio@2.6.so ...
Processing system_ext/lib64/vendor.qti.hardware.radio.qtiradio@2.7.so ...
Processing system_ext/lib64/vendor.qti.hardware.radio.uim@1.0.so ...
Processing system_ext/lib64/vendor.qti.hardware.radio.uim@1.1.so ...
Processing system_ext/lib64/vendor.qti.hardware.radio.uim@1.2.so ...
Processing system_ext/lib64/vendor.qti.hardware.radio.uim_remote_client@1.0.so ...
Processing system_ext/lib64/vendor.qti.hardware.radio.uim_remote_client@1.1.so ...
Processing system_ext/lib64/vendor.qti.hardware.radio.uim_remote_client@1.2.so ...
Processing system_ext/lib64/vendor.qti.hardware.radio.uim_remote_server@1.0.so ...
Processing system_ext/lib64/vendor.qti.hardware.seccam@1.0.so ...
Processing system_ext/lib64/vendor.qti.hardware.secureprocessor.common@1.0.so ...
Processing system_ext/lib64/vendor.qti.hardware.secureprocessor.config@1.0.so ...
Processing system_ext/lib64/vendor.qti.hardware.secureprocessor.device@1.0.so ...
Processing system_ext/lib64/vendor.qti.hardware.sigma_miracast@1.0-halimpl.so ...
Processing system_ext/lib64/vendor.qti.hardware.sigma_miracast@1.0.so ...
Processing system_ext/lib64/vendor.qti.hardware.sigma_miracast_aidl-V1-ndk.so ...
Processing system_ext/lib64/vendor.qti.hardware.sigma_miracast_aidl-halimpl.so ...
Processing system_ext/lib64/vendor.qti.hardware.slmadapter@1.0.so ...
Processing system_ext/lib64/vendor.qti.hardware.systemhelper@1.0.so ...
Processing system_ext/lib64/vendor.qti.hardware.trustedui-V1-ndk.so ...
Processing system_ext/lib64/vendor.qti.hardware.trustedui@1.0.so ...
Processing system_ext/lib64/vendor.qti.hardware.vpp-V1-ndk.so ...
Processing system_ext/lib64/vendor.qti.hardware.vpp@1.1.so ...
Processing system_ext/lib64/vendor.qti.hardware.wifidisplaysession@1.0.so ...
Processing system_ext/lib64/vendor.qti.hardware.wifidisplaysession_aidl-V2-ndk.so ...
Processing system_ext/lib64/vendor.qti.hardware.wigig.netperftuner@1.0.so ...
Processing system_ext/lib64/vendor.qti.hardware.wigig.supptunnel@1.0.so ...
Processing system_ext/lib64/vendor.qti.ims.callcapability@1.0.so ...
Processing system_ext/lib64/vendor.qti.ims.callcapabilityaidlservice-V1-ndk.so ...
Processing system_ext/lib64/vendor.qti.ims.callinfo@1.0.so ...
Processing system_ext/lib64/vendor.qti.ims.configaidlservice-V1-ndk.so ...
Processing system_ext/lib64/vendor.qti.ims.configservice@1.0.so ...
Processing system_ext/lib64/vendor.qti.ims.configservice@1.1.so ...
Processing system_ext/lib64/vendor.qti.ims.connection@1.0.so ...
Processing system_ext/lib64/vendor.qti.ims.connectionaidlservice-V1-ndk.so ...
Processing system_ext/lib64/vendor.qti.ims.datachannelservice-V1-ndk.so ...
Processing system_ext/lib64/vendor.qti.ims.datachannelservice-V2-ndk.so ...
Processing system_ext/lib64/vendor.qti.ims.datachannelservice-V3-ndk.so ...
Processing system_ext/lib64/vendor.qti.ims.factory@1.0.so ...
Processing system_ext/lib64/vendor.qti.ims.factory@1.1.so ...
Processing system_ext/lib64/vendor.qti.ims.factory@2.0.so ...
Processing system_ext/lib64/vendor.qti.ims.factory@2.1.so ...
Processing system_ext/lib64/vendor.qti.ims.factory@2.2.so ...
Processing system_ext/lib64/vendor.qti.ims.factoryaidlservice-V1-ndk.so ...
Processing system_ext/lib64/vendor.qti.ims.imscmaidlservice-V1-ndk.so ...
Processing system_ext/lib64/vendor.qti.ims.rcsconfig@1.0.so ...
Processing system_ext/lib64/vendor.qti.ims.rcsconfig@1.1.so ...
Processing system_ext/lib64/vendor.qti.ims.rcsconfig@2.0.so ...
Processing system_ext/lib64/vendor.qti.ims.rcsconfig@2.1.so ...
Processing system_ext/lib64/vendor.qti.ims.rcssip@1.0.so ...
Processing system_ext/lib64/vendor.qti.ims.rcssip@1.1.so ...
Processing system_ext/lib64/vendor.qti.ims.rcssip@1.2.so ...
Processing system_ext/lib64/vendor.qti.ims.rcssipaidlservice-V1-ndk.so ...
Processing system_ext/lib64/vendor.qti.ims.rcsuce@1.0.so ...
Processing system_ext/lib64/vendor.qti.ims.rcsuce@1.1.so ...
Processing system_ext/lib64/vendor.qti.ims.rcsuce@1.2.so ...
Processing system_ext/lib64/vendor.qti.ims.rcsuceaidlservice-V1-ndk.so ...
Processing system_ext/lib64/vendor.qti.ims.uceaidlservice-V1-ndk.so ...
Processing system_ext/lib64/vendor.qti.imsrtpservice@3.0.so ...
Processing system_ext/lib64/vendor.qti.imsrtpservice@3.1.so ...
Processing system_ext/lib64/vendor.qti.latency@2.0.so ...
Processing system_ext/lib64/vendor.qti.latency@2.1.so ...
Processing system_ext/lib64/vendor.qti.latency@2.2.so ...
Processing system_ext/lib64/vendor.qti.latency@2.3.so ...
Processing system_ext/lib64/vendor.qti.latencyaidlservice-V1-ndk.so ...
Processing system_ext/lib64/vendor.qti.mstatservice@1.0.so ...
Processing system_ext/lib64/vendor.qti.qccsyshal_aidl-V1-ndk.so ...
Processing system_ext/lib64/vendor.qti.qccsyshal_aidl-halimpl.so ...
Processing system_ext/lib64/vendor.qti.qccvndhal_aidl-V1-ndk.so ...
Processing system_ext/lib64/vendor.qti.qccvndhal_aidl-V2-ndk.so ...
Processing system_ext/lib64/vendor.qti.qesdhal@1.0.so ...
Processing system_ext/lib64/vendor.qti.qesdhal@1.1.so ...
Processing system_ext/lib64/vendor.qti.qesdhal@1.2.so ...
Processing system_ext/lib64/vendor.qti.qesdhalaidl-V3-ndk.so ...
Processing system_ext/lib64/vendor.qti.qspmhal-V1-ndk.so ...
Processing system_ext/lib64/vendor.qti.qspmhal@1.0.so ...
Processing system_ext/lib64/vendor.xiaomi.hardware.aidl.intentaware-V1-ndk.so ...
Processing system_ext/lib64/vendor.xiaomi.hardware.aidlbgservice-V1-ndk.so ...
Processing system_ext/lib64/vendor.xiaomi.hardware.aidlcampostproc-V1-ndk.so ...
Processing system_ext/lib64/vendor.xiaomi.hardware.bgservice@1.0.so ...
Processing system_ext/lib64/vendor.xiaomi.hardware.campostproc@1.0.so ...
Processing system_ext/lib64/vendor.xiaomi.hardware.cstransfer-V1-ndk.so ...
Processing system_ext/lib64/vendor.xiaomi.hardware.display.mihwcextension-V2-ndk.so ...
Processing system_ext/lib64/vendor.xiaomi.hardware.displayfeature@1.0.so ...
Processing system_ext/lib64/vendor.xiaomi.hardware.displayfeature_aidl-V2-ndk.so ...
Processing system_ext/lib64/vendor.xiaomi.hardware.fingerprintextension-V1-ndk.so ...
Processing system_ext/lib64/vendor.xiaomi.hardware.fingerprintextension@1.0.so ...
Processing system_ext/lib64/vendor.xiaomi.hardware.framecapturemanager-V1-ndk.so ...
Processing system_ext/lib64/vendor.xiaomi.hardware.framemaster-V1-ndk.so ...
Processing system_ext/lib64/vendor.xiaomi.hardware.imageenhancementservice-V1-ndk.so ...
Processing system_ext/lib64/vendor.xiaomi.hardware.mediaeventgatherservice-V1-ndk.so ...
Processing system_ext/lib64/vendor.xiaomi.hardware.misys.common-V3-ndk.so ...
Processing system_ext/lib64/vendor.xiaomi.hardware.misys.core-V1-ndk.so ...
Processing system_ext/lib64/vendor.xiaomi.hardware.misys@1.0.so ...
Processing system_ext/lib64/vendor.xiaomi.hardware.misys@3.0.so ...
Processing system_ext/lib64/vendor.xiaomi.hardware.videoservice-V11-ndk.so ...
Processing system_ext/lib64/vendor.xiaomi.hw.touchfeature-V1-ndk.so ...
Processing system_ext/lib64/vendor.xiaomi.hw.touchfeature@1.0.so ...
Processing system_ext/lib64/xiaomi.launch_boost.readahead-ndk.so ...
Processing system_ext/lib64/xiaomi.midfs-ndk.so ...
Processing system_ext/lib64/xiaomi.system.hypsys.common-V2-ndk.so ...
Processing system_ext/lib64/hw/android.hidl.memory@1.0-impl.so ...
Processing system_ext/lib64/hw/vendor.qti.hardware.sigma_miracast@1.0-impl.so ...
Processing system_ext/lib64/litert/libQnnDsp.so ...
Processing system_ext/lib64/litert/libQnnDspV66Skel.so ...
Processing system_ext/lib64/litert/libQnnDspV66Stub.so ...
Processing system_ext/lib64/litert/libQnnGpu.so ...
Processing system_ext/lib64/litert/libQnnHtp.so ...
Processing system_ext/lib64/litert/libQnnHtpPrepare.so ...
Processing system_ext/lib64/litert/libQnnHtpV68Skel.so ...
Processing system_ext/lib64/litert/libQnnHtpV68Stub.so ...
Processing system_ext/lib64/litert/libQnnHtpV69Skel.so ...
Processing system_ext/lib64/litert/libQnnHtpV69Stub.so ...
Processing system_ext/lib64/litert/libQnnHtpV73Skel.so ...
Processing system_ext/lib64/litert/libQnnHtpV73Stub.so ...
Processing system_ext/lib64/litert/libQnnHtpV75Skel.so ...
Processing system_ext/lib64/litert/libQnnHtpV75Stub.so ...
Processing system_ext/lib64/litert/libQnnHtpV79Skel.so ...
Processing system_ext/lib64/litert/libQnnHtpV79Stub.so ...
Processing system_ext/lib64/litert/libQnnHtpV81Skel.so ...
Processing system_ext/lib64/litert/libQnnHtpV81Stub.so ...
Processing system_ext/lib64/litert/libQnnSystem.so ...
Processing system_ext/lib64/litert/libQnnTFLiteDelegate.so ...
Processing system_ext/lib64/litert/libqnn_delegate_jni.so ...
Processing system_ext/lib64/litert/libtensorflowlite_gpu_jni.so ...
Processing system_ext/lib64/litert/libtensorflowlite_jni.so ...
Processing system_ext/priv-app/AuthManager ...
Processing system_ext/priv-app/AvatarPicker ...
Processing system_ext/priv-app/CarrierConfig ...
Processing system_ext/priv-app/CarrierStudioApn ...
Processing system_ext/priv-app/CarrierStudioCarrierConfig ...
Processing system_ext/priv-app/CarrierStudioEcc ...
Processing system_ext/priv-app/CellBroadcastAppPlatform ...
Processing system_ext/priv-app/EmergencyInfo ...
Processing system_ext/priv-app/GoogleServicesFramework ...
Processing system_ext/priv-app/HyperComm ...
Processing system_ext/priv-app/HyperPhone ...
Processing system_ext/priv-app/MiIntentResolver ...
Processing system_ext/priv-app/MiLiteRTServiceStub ...
Processing system_ext/priv-app/MiuiSystemUI ...
Processing system_ext/priv-app/MiuiVpnDialogs ...
Processing system_ext/priv-app/MiuiWifiDialog ...
Processing system_ext/priv-app/Polaris ...
Processing system_ext/priv-app/PowerInsight ...
Processing system_ext/priv-app/Provision ...
Processing system_ext/priv-app/QAS_DVC_MSP ...
Processing system_ext/priv-app/QtiTelephony ...
Processing system_ext/priv-app/QtiWifiService ...
Processing system_ext/priv-app/RtMiCloudSDK ...
Processing system_ext/priv-app/Settings ...
Processing system_ext/priv-app/StorageManager ...
Processing system_ext/priv-app/TouchService ...
Processing system_ext/priv-app/WallpaperCropper ...
Processing system_ext/priv-app/WfdService ...
Processing system_ext/priv-app/Xpan ...
Processing system_ext/priv-app/com.qualcomm.location ...
Processing system_ext/priv-app/com.qualcomm.qti.services.systemhelper ...
Processing system_ext/priv-app/dcf ...
Processing system_ext/priv-app/ims ...
Processing system_ext/priv-app/xrcbservice ...
Processing system_ext/priv-app/xrvdservice ...
Processing system_ext/priv-app/xrwifiservice ...
Processing system_ext/priv-app/AuthManager/AuthManager.apk ...
Processing system_ext/priv-app/AuthManager/oat ...
Processing system_ext/priv-app/AuthManager/oat/arm64 ...
Processing system_ext/priv-app/AvatarPicker/AvatarPicker.apk ...
Processing system_ext/priv-app/AvatarPicker/oat ...
Processing system_ext/priv-app/AvatarPicker/oat/arm64 ...
Processing system_ext/priv-app/CarrierConfig/CarrierConfig.apk ...
Processing system_ext/priv-app/CarrierConfig/oat ...
Processing system_ext/priv-app/CarrierConfig/oat/arm64 ...
Processing system_ext/priv-app/CarrierStudioApn/CarrierStudioApn.apk ...
Processing system_ext/priv-app/CarrierStudioCarrierConfig/CarrierStudioCarrierConfig.apk ...
Processing system_ext/priv-app/CarrierStudioEcc/CarrierStudioEcc.apk ...
Processing system_ext/priv-app/CellBroadcastAppPlatform/CellBroadcastAppPlatform.apk ...
Processing system_ext/priv-app/CellBroadcastAppPlatform/oat ...
Processing system_ext/priv-app/CellBroadcastAppPlatform/oat/arm64 ...
Processing system_ext/priv-app/EmergencyInfo/EmergencyInfo.apk ...
Processing system_ext/priv-app/EmergencyInfo/oat ...
Processing system_ext/priv-app/EmergencyInfo/oat/arm64 ...
Processing system_ext/priv-app/GoogleServicesFramework/GoogleServicesFramework.apk ...
Processing system_ext/priv-app/GoogleServicesFramework/oat ...
Processing system_ext/priv-app/GoogleServicesFramework/oat/arm64 ...
Processing system_ext/priv-app/HyperComm/HyperComm.apk ...
Processing system_ext/priv-app/HyperPhone/HyperPhone.apk ...
Processing system_ext/priv-app/HyperPhone/lib ...
Processing system_ext/priv-app/HyperPhone/lib/arm64 ...
Processing system_ext/priv-app/HyperPhone/lib/arm64/libtelecodec_android.so ...
Processing system_ext/priv-app/MiIntentResolver/MiIntentResolver.apk ...
Processing system_ext/priv-app/MiIntentResolver/oat ...
Processing system_ext/priv-app/MiIntentResolver/oat/arm64 ...
Processing system_ext/priv-app/MiLiteRTServiceStub/MiLiteRTServiceStub.apk ...
Processing system_ext/priv-app/MiLiteRTServiceStub/lib ...
Processing system_ext/priv-app/MiLiteRTServiceStub/lib/arm64 ...
Processing system_ext/priv-app/MiLiteRTServiceStub/lib/arm64/libQnnDsp.so ...
Processing system_ext/priv-app/MiLiteRTServiceStub/lib/arm64/libQnnDspV66Skel.so ...
Processing system_ext/priv-app/MiLiteRTServiceStub/lib/arm64/libQnnDspV66Stub.so ...
Processing system_ext/priv-app/MiLiteRTServiceStub/lib/arm64/libQnnGpu.so ...
Processing system_ext/priv-app/MiLiteRTServiceStub/lib/arm64/libQnnHtp.so ...
Processing system_ext/priv-app/MiLiteRTServiceStub/lib/arm64/libQnnHtpPrepare.so ...
Processing system_ext/priv-app/MiLiteRTServiceStub/lib/arm64/libQnnHtpV68Skel.so ...
Processing system_ext/priv-app/MiLiteRTServiceStub/lib/arm64/libQnnHtpV68Stub.so ...
Processing system_ext/priv-app/MiLiteRTServiceStub/lib/arm64/libQnnHtpV69Skel.so ...
Processing system_ext/priv-app/MiLiteRTServiceStub/lib/arm64/libQnnHtpV69Stub.so ...
Processing system_ext/priv-app/MiLiteRTServiceStub/lib/arm64/libQnnHtpV73Skel.so ...
Processing system_ext/priv-app/MiLiteRTServiceStub/lib/arm64/libQnnHtpV73Stub.so ...
Processing system_ext/priv-app/MiLiteRTServiceStub/lib/arm64/libQnnHtpV75Skel.so ...
Processing system_ext/priv-app/MiLiteRTServiceStub/lib/arm64/libQnnHtpV75Stub.so ...
Processing system_ext/priv-app/MiLiteRTServiceStub/lib/arm64/libQnnHtpV79Skel.so ...
Processing system_ext/priv-app/MiLiteRTServiceStub/lib/arm64/libQnnHtpV79Stub.so ...
Processing system_ext/priv-app/MiLiteRTServiceStub/lib/arm64/libQnnHtpV81Skel.so ...
Processing system_ext/priv-app/MiLiteRTServiceStub/lib/arm64/libQnnHtpV81Stub.so ...
Processing system_ext/priv-app/MiLiteRTServiceStub/lib/arm64/libQnnSystem.so ...
Processing system_ext/priv-app/MiLiteRTServiceStub/lib/arm64/libQnnTFLiteDelegate.so ...
Processing system_ext/priv-app/MiLiteRTServiceStub/lib/arm64/libqnn_delegate_jni.so ...
Processing system_ext/priv-app/MiLiteRTServiceStub/lib/arm64/libtensorflowlite_gpu_jni.so ...
Processing system_ext/priv-app/MiLiteRTServiceStub/lib/arm64/libtensorflowlite_jni.so ...
Processing system_ext/priv-app/MiuiSystemUI/MiuiSystemUI.apk ...
Processing system_ext/priv-app/MiuiSystemUI/MiuiSystemUI.apk.prof ...
Processing system_ext/priv-app/MiuiSystemUI/lib ...
Processing system_ext/priv-app/MiuiSystemUI/lib/arm64 ...
Processing system_ext/priv-app/MiuiSystemUI/lib/arm64/libMiMainColor.so ...
Processing system_ext/priv-app/MiuiSystemUI/lib/arm64/libfastplayer.so ...
Processing system_ext/priv-app/MiuiSystemUI/lib/arm64/libffavc.hyperos.so ...
Processing system_ext/priv-app/MiuiSystemUI/lib/arm64/libmiffmpeg.so ...
Processing system_ext/priv-app/MiuiSystemUI/lib/arm64/libpag.hyperos.so ...
Processing system_ext/priv-app/MiuiVpnDialogs/MiuiVpnDialogs.apk ...
Processing system_ext/priv-app/MiuiVpnDialogs/oat ...
Processing system_ext/priv-app/MiuiVpnDialogs/oat/arm64 ...
Processing system_ext/priv-app/MiuiWifiDialog/MiuiWifiDialog.apk ...
Processing system_ext/priv-app/MiuiWifiDialog/oat ...
Processing system_ext/priv-app/MiuiWifiDialog/oat/arm64 ...
Processing system_ext/priv-app/Polaris/Polaris.apk ...
Processing system_ext/priv-app/Polaris/oat ...
Processing system_ext/priv-app/Polaris/oat/arm64 ...
Processing system_ext/priv-app/PowerInsight/PowerInsight.apk ...
Processing system_ext/priv-app/PowerInsight/lib ...
Processing system_ext/priv-app/PowerInsight/oat ...
Processing system_ext/priv-app/PowerInsight/lib/arm64 ...
Processing system_ext/priv-app/PowerInsight/lib/arm64/libpowerinsight_jni.so ...
Processing system_ext/priv-app/PowerInsight/oat/arm64 ...
Processing system_ext/priv-app/Provision/Provision.apk ...
Processing system_ext/priv-app/Provision/lib ...
Processing system_ext/priv-app/Provision/lib/arm64 ...
Processing system_ext/priv-app/Provision/lib/arm64/libnative-jni.so ...
Processing system_ext/priv-app/QAS_DVC_MSP/QAS_DVC_MSP.apk ...
Processing system_ext/priv-app/QAS_DVC_MSP/oat ...
Processing system_ext/priv-app/QAS_DVC_MSP/oat/arm64 ...
Processing system_ext/priv-app/QtiTelephony/QtiTelephony.apk ...
Processing system_ext/priv-app/QtiTelephony/oat ...
Processing system_ext/priv-app/QtiTelephony/oat/arm64 ...
Processing system_ext/priv-app/QtiWifiService/QtiWifiService.apk ...
Processing system_ext/priv-app/QtiWifiService/oat ...
Processing system_ext/priv-app/QtiWifiService/oat/arm64 ...
Processing system_ext/priv-app/RtMiCloudSDK/RtMiCloudSDK.apk ...
Processing system_ext/priv-app/RtMiCloudSDK/oat ...
Processing system_ext/priv-app/RtMiCloudSDK/oat/arm ...
Processing system_ext/priv-app/RtMiCloudSDK/oat/arm64 ...
Processing system_ext/priv-app/Settings/Settings.apk ...
Processing system_ext/priv-app/StorageManager/StorageManager.apk ...
Processing system_ext/priv-app/StorageManager/oat ...
Processing system_ext/priv-app/StorageManager/oat/arm64 ...
Processing system_ext/priv-app/TouchService/TouchService.apk ...
Processing system_ext/priv-app/TouchService/oat ...
Processing system_ext/priv-app/TouchService/oat/arm64 ...
Processing system_ext/priv-app/WallpaperCropper/WallpaperCropper.apk ...
Processing system_ext/priv-app/WallpaperCropper/oat ...
Processing system_ext/priv-app/WallpaperCropper/oat/arm64 ...
Processing system_ext/priv-app/WfdService/WfdService.apk ...
Processing system_ext/priv-app/WfdService/lib ...
Processing system_ext/priv-app/WfdService/oat ...
Processing system_ext/priv-app/WfdService/lib/arm64 ...
Processing system_ext/priv-app/WfdService/lib/arm64/libwfdnative.so ...
Processing system_ext/priv-app/WfdService/oat/arm64 ...
Processing system_ext/priv-app/Xpan/Xpan.apk ...
Processing system_ext/priv-app/Xpan/oat ...
Processing system_ext/priv-app/Xpan/oat/arm64 ...
Processing system_ext/priv-app/com.qualcomm.location/com.qualcomm.location.apk ...
Processing system_ext/priv-app/com.qualcomm.location/oat ...
Processing system_ext/priv-app/com.qualcomm.location/oat/arm64 ...
Processing system_ext/priv-app/com.qualcomm.qti.services.systemhelper/com.qualcomm.qti.services.systemhelper.apk ...
Processing system_ext/priv-app/com.qualcomm.qti.services.systemhelper/lib ...
Processing system_ext/priv-app/com.qualcomm.qti.services.systemhelper/oat ...
Processing system_ext/priv-app/com.qualcomm.qti.services.systemhelper/lib/arm64 ...
Processing system_ext/priv-app/com.qualcomm.qti.services.systemhelper/lib/arm64/libsystemhelper_jni.so ...
Processing system_ext/priv-app/com.qualcomm.qti.services.systemhelper/oat/arm64 ...
Processing system_ext/priv-app/dcf/dcf.apk ...
Processing system_ext/priv-app/ims/ims.apk ...
Processing system_ext/priv-app/ims/lib ...
Processing system_ext/priv-app/ims/lib/arm64 ...
Processing system_ext/priv-app/ims/lib/arm64/libSurfaceUtil_jni.so ...
Processing system_ext/priv-app/ims/lib/arm64/libimscamera_jni.so ...
Processing system_ext/priv-app/ims/lib/arm64/libimsmedia_jni.so ...
Processing system_ext/priv-app/xrcbservice/oat ...
Processing system_ext/priv-app/xrcbservice/xrcbservice.apk ...
Processing system_ext/priv-app/xrcbservice/oat/arm64 ...
Processing system_ext/priv-app/xrvdservice/oat ...
Processing system_ext/priv-app/xrvdservice/xrvdservice.apk ...
Processing system_ext/priv-app/xrvdservice/oat/arm64 ...
Processing system_ext/priv-app/xrwifiservice/oat ...
Processing system_ext/priv-app/xrwifiservice/xrwifiservice.apk ...
Processing system_ext/priv-app/xrwifiservice/oat/arm64 ...
Processing system_ext/usr/idc ...
Processing system_ext/usr/keychars ...
Processing system_ext/usr/keylayout ...
Processing system_ext/usr/idc/Vendor_0022_Product_5081.idc ...
Processing system_ext/usr/keychars/Vendor_0022_Product_5081.kcm ...
Processing system_ext/usr/keylayout/Vendor_05f8_Product_0179.kl ...
Processing system_ext/usr/keylayout/Vendor_2717_Product_5074.kl ...
Processing system_ext/usr/keylayout/Vendor_2717_Product_5083.kl ...
Processing system_ext/usr/keylayout/Vendor_2717_Product_50b2.kl ...
Processing system_ext/usr/keylayout/Vendor_2717_Product_50b7.kl ...
Processing system_ext/usr/keylayout/Vendor_2717_Product_50ed.kl ...
Processing system_ext/usr/keylayout/Vendor_2717_Product_50f1.kl ...
Processing system_ext/xbin/miuibooster ...
Processing system_ext/xbin/system_perf_init ...
Processing vendor_dlkm/etc ...
Build completed.

------
Filesystem UUID: 36b70828-7600-5b69-9c83-f2d6d7f8ae01
Filesystem total blocks: 717881 (of 4096-byte blocks)
Filesystem total inodes: 9135
Filesystem total metadata blocks: 1525
Filesystem total deduplicated bytes (of source files): 0
{"paths": 9135, "patched_files": ["product/etc/build.prop", "system/build.prop", "system/etc/vintf/compatibility_matrix.5.xml", "system/etc/vintf/compatibility_matrix.device.xml", "system_ext/etc/build.prop"], "output": "/home/runner/work/wayne-hyperos4/wayne-hyperos4/artifacts/experimental/static/system.img"}
{
  "output": "/home/runner/work/wayne-hyperos4/wayne-hyperos4/artifacts/experimental/static/boot.img",
  "size": 18755584,
  "sha256": "895a4079f913947c1c16a60562ed141c190619ed9451f10130ae415b8782bcbd",
  "base": "/home/runner/work/wayne-hyperos4/wayne-hyperos4/research/base-miku-a15/boot.img",
  "base_sha256": "c428340018fedf8f92ffc38802bf79d41e058102781723b8eaaac70294017e75",
  "kernel_and_appended_dtb_sha256": "9aae8717994722a6b71bb2e3b481714ebc1a70e9663dd3b871fad82cfcd826f9",
  "kernel_dtb_cmdline_preserved": false,
  "kernel_and_appended_dtb_preserved": true,
  "cmdline_changed_for_static_layout": true,
  "cpio_metadata_roundtrip_verified": true,
  "ramdisk_changes": {
    "fstab.qcom": {
      "before": "996b26bcf040a7bad1dba483b7c211a674866f84ce85a9e89563d5c0f1dbfa93",
      "after": "1c03b08a2492b6cce59b2e663eb13615d56ed62c318b7a43d8310f7e97039db1"
    },
    "init": {
      "before": "f2485380a2dbb1d2101271f4bc31bd1247be3d1514dd968384215d5cfd8753a6",
      "after": "b2cbef515c938aa130f7a69689b6279f71edff07e22c172bc5355e17b0042c59"
    },
    "system/etc/ramdisk/build.prop": {
      "before": "a9c555109a919dc1f6e0504d4a2a32768d6b4d61c5cbf205138cc3ba862e8841",
      "after": "0246436847fe41500579755efee2eac5b23eef941afd5865ca01dc901e371fc9"
    }
  },
  "layout": "stock-size-static",
  "status": "UNTESTED_BOOT_CANDIDATE_NOT_A_COMPLETE_ROM"
}
mkfs.erofs 1.8.6-g3689cbc2
Processing . ...
Processing apex ...
Processing app ...
Processing bin ...
Processing bt_firmware ...
Processing build.prop ...
Processing dsp ...
Processing etc ...
Processing firmware ...
Processing firmware_mnt ...
Processing lib ...
Processing lib64 ...
Processing odm ...
Processing odm_dlkm ...
Processing overlay ...
Processing radio ...
Processing recovery-from-boot.p ...
Processing rfs ...
Processing usr ...
Processing vendor_dlkm ...
Processing apex/com.android.hardware.cas.apex ...
Processing app/CneApp ...
Processing app/IWlanService ...
Processing app/TimeService ...
Processing app/CneApp/CneApp.apk ...
Processing app/IWlanService/IWlanService.apk ...
Processing app/TimeService/TimeService.apk ...
Processing bin/[ ...
Processing bin/acpi ...
Processing bin/adpl ...
Processing bin/adsprpcd ...
Processing bin/applypatch ...
Processing bin/awk ...
Processing bin/base64 ...
Processing bin/basename ...
Processing bin/blockdev ...
Processing bin/boringssl_self_test32 ...
Processing bin/boringssl_self_test64 ...
Processing bin/brctl ...
Processing bin/cal ...
Processing bin/cat ...
Processing bin/chattr ...
Processing bin/chcon ...
Processing bin/chgrp ...
Processing bin/chmod ...
Processing bin/chown ...
Processing bin/chroot ...
Processing bin/chrt ...
Processing bin/cksum ...
Processing bin/clear ...
Processing bin/cmp ...
Processing bin/cnd ...
Processing bin/cnss-daemon ...
Processing bin/comm ...
Processing bin/cp ...
Processing bin/cpio ...
Processing bin/cut ...
Processing bin/date ...
Processing bin/dd ...
Processing bin/devmem ...
Processing bin/df ...
Processing bin/diff ...
Processing bin/dirname ...
Processing bin/dmesg ...
Processing bin/dos2unix ...
Processing bin/dpmQmiMgr ...
Processing bin/dspservice ...
Processing bin/du ...
Processing bin/dumpsys ...
Processing bin/echo ...
Processing bin/egrep ...
Processing bin/env ...
Processing bin/expand ...
Processing bin/expr ...
Processing bin/fallocate ...
Processing bin/false ...
Processing bin/fgrep ...
Processing bin/file ...
Processing bin/find ...
Processing bin/flock ...
Processing bin/fmt ...
Processing bin/free ...
Processing bin/fsync ...
Processing bin/garden_app ...
Processing bin/getconf ...
Processing bin/getenforce ...
Processing bin/getevent ...
Processing bin/getfattr ...
Processing bin/getopt ...
Processing bin/getprop ...
Processing bin/gpiodetect ...
Processing bin/gpiofind ...
Processing bin/gpioget ...
Processing bin/gpioinfo ...
Processing bin/gpioset ...
Processing bin/grep ...
Processing bin/groups ...
Processing bin/gunzip ...
Processing bin/gzip ...
Processing bin/head ...
Processing bin/hostname ...
Processing bin/hvdcp_opti ...
Processing bin/hw ...
Processing bin/hwclock ...
Processing bin/i2cdetect ...
Processing bin/i2cdump ...
Processing bin/i2cget ...
Processing bin/i2cset ...
Processing bin/i2ctransfer ...
Processing bin/iconv ...
Processing bin/id ...
Processing bin/ifconfig ...
Processing bin/ims_rtp_daemon ...
Processing bin/imsdatadaemon ...
Processing bin/imsqmidaemon ...
Processing bin/imsrcsd ...
Processing bin/init.qcom.early_boot.sh ...
Processing bin/init.qcom.post_boot.sh ...
Processing bin/init.qcom.sh ...
Processing bin/init.qcom.usb.sh ...
Processing bin/init.qti.dcvs.sh ...
Processing bin/inotifyd ...
Processing bin/insmod ...
Processing bin/install ...
Processing bin/install-recovery.sh ...
Processing bin/ionice ...
Processing bin/iorenice ...
Processing bin/ipacm ...
Processing bin/irsc_util ...
Processing bin/kill ...
Processing bin/killall ...
Processing bin/ln ...
Processing bin/load_policy ...
Processing bin/loc_launcher ...
Processing bin/log ...
Processing bin/logger ...
Processing bin/logname ...
Processing bin/logwrapper ...
Processing bin/losetup ...
Processing bin/lowi-server ...
Processing bin/ls ...
Processing bin/lsattr ...
Processing bin/lsmod ...
Processing bin/lsof ...
Processing bin/lspci ...
Processing bin/lsusb ...
Processing bin/md5sum ...
Processing bin/memeater ...
Processing bin/microcom ...
Processing bin/mkdir ...
Processing bin/mkfifo ...
Processing bin/mknod ...
Processing bin/mkswap ...
Processing bin/mktemp ...
Processing bin/mlipayd@1.1 ...
Processing bin/mm-pp-dpps ...
Processing bin/modinfo ...
Processing bin/modprobe ...
Processing bin/more ...
Processing bin/mount ...
Processing bin/mountpoint ...
Processing bin/mv ...
Processing bin/nc ...
Processing bin/netcat ...
Processing bin/netmgrd ...
Processing bin/netstat ...
Processing bin/nice ...
Processing bin/nl ...
Processing bin/nohup ...
Processing bin/nproc ...
Processing bin/nsenter ...
Processing bin/od ...
Processing bin/paste ...
Processing bin/patch ...
Processing bin/pd-mapper ...
Processing bin/pgrep ...
Processing bin/pidof ...
Processing bin/pkill ...
Processing bin/pm-proxy ...
Processing bin/pm-service ...
Processing bin/pmap ...
Processing bin/port-bridge ...
Processing bin/printenv ...
Processing bin/printf ...
Processing bin/ps ...
Processing bin/pwd ...
Processing bin/qrtr-cfg ...
Processing bin/qrtr-lookup ...
Processing bin/qrtr-ns ...
Processing bin/qseecomd ...
Processing bin/qti ...
Processing bin/readelf ...
Processing bin/readlink ...
Processing bin/realpath ...
Processing bin/renice ...
Processing bin/restorecon ...
Processing bin/rm ...
Processing bin/rmdir ...
Processing bin/rmmod ...
Processing bin/rmt_storage ...
Processing bin/rtcwake ...
Processing bin/runcon ...
Processing bin/sed ...
Processing bin/sendevent ...
Processing bin/sensors.qti ...
Processing bin/seq ...
Processing bin/setenforce ...
Processing bin/setfattr ...
Processing bin/setprop ...
Processing bin/setsid ...
Processing bin/sh ...
Processing bin/sha1sum ...
Processing bin/sha224sum ...
Processing bin/sha256sum ...
Processing bin/sha384sum ...
Processing bin/sha512sum ...
Processing bin/sleep ...
Processing bin/sort ...
Processing bin/split ...
Processing bin/start ...
Processing bin/stat ...
Processing bin/stop ...
Processing bin/strings ...
Processing bin/stty ...
Processing bin/swapoff ...
Processing bin/swapon ...
Processing bin/sync ...
Processing bin/sysctl ...
Processing bin/tac ...
Processing bin/tail ...
Processing bin/tar ...
Processing bin/taskset ...
Processing bin/tee ...
Processing bin/test ...
Processing bin/tftp_server ...
Processing bin/thermal-engine ...
Processing bin/time ...
Processing bin/time_daemon ...
Processing bin/timeout ...
Processing bin/toolbox ...
Processing bin/top ...
Processing bin/touch ...
Processing bin/toybox_vendor ...
Processing bin/tr ...
Processing bin/true ...
Processing bin/truncate ...
Processing bin/tty ...
Processing bin/uclampset ...
Processing bin/ulimit ...
Processing bin/umount ...
Processing bin/uname ...
Processing bin/uniq ...
Processing bin/unix2dos ...
Processing bin/unlink ...
Processing bin/unshare ...
Processing bin/uptime ...
Processing bin/usleep ...
Processing bin/uudecode ...
Processing bin/uuencode ...
Processing bin/uuidgen ...
Processing bin/vi ...
Processing bin/vmstat ...
Processing bin/vndservice ...
Processing bin/vndservicemanager ...
Processing bin/watch ...
Processing bin/wc ...
Processing bin/which ...
Processing bin/whoami ...
Processing bin/xargs ...
Processing bin/xtra-daemon ...
Processing bin/xxd ...
Processing bin/yes ...
Processing bin/zcat ...
Processing bin/hw/android.hardware.audio.service ...
Processing bin/hw/android.hardware.biometrics.fingerprint@2.1-service.wayne ...
Processing bin/hw/android.hardware.bluetooth@1.0-service-qti ...
Processing bin/hw/android.hardware.camera.provider@2.4-service ...
Processing bin/hw/android.hardware.cas@1.2-service ...
Processing bin/hw/android.hardware.drm-service.clearkey ...
Processing bin/hw/android.hardware.drm@1.3-service.widevine ...
Processing bin/hw/android.hardware.gatekeeper@1.0-service-qti ...
Processing bin/hw/android.hardware.gnss@2.1-service-qti ...
Processing bin/hw/android.hardware.graphics.composer@2.1-service ...
Processing bin/hw/android.hardware.health@2.1-service ...
Processing bin/hw/android.hardware.ir@1.0-service.wayne ...
Processing bin/hw/android.hardware.keymaster@3.0-service-qti ...
Processing bin/hw/android.hardware.lights-service.wayne ...
Processing bin/hw/android.hardware.media.omx@1.0-service ...
Processing bin/hw/android.hardware.memtrack@1.0-service ...
Processing bin/hw/android.hardware.power-service.wayne-libperfmgr ...
Processing bin/hw/android.hardware.sensors@1.0-service ...
Processing bin/hw/android.hardware.thermal@2.0-service.qti ...
Processing bin/hw/android.hardware.usb@1.3-service-qti ...
Processing bin/hw/android.hardware.wifi-service ...
Processing bin/hw/hostapd ...
Processing bin/hw/qcrild ...
Processing bin/hw/rild ...
Processing bin/hw/vendor.display.color@1.0-service ...
Processing bin/hw/vendor.qti.hardware.alarm@1.0-service ...
Processing bin/hw/vendor.qti.hardware.display.allocator-service ...
Processing bin/hw/vendor.qti.hardware.soter@1.0-service ...
Processing bin/hw/vendor.qti.hardware.tui_comm@1.0-service-qti ...
Processing bin/hw/vendor.qti.hardware.vibrator.service ...
Processing bin/hw/wpa_supplicant ...
Processing etc/IPACM_cfg.xml ...
Processing etc/NOTICE.xml.gz ...
Processing etc/a2dp_in_audio_policy_configuration.xml ...
Processing etc/acdbdata ...
Processing etc/aconfig_flags.pb ...
Processing etc/aidl ...
Processing etc/apdr.conf ...
Processing etc/audio_effects.xml ...
Processing etc/audio_output_policy.conf ...
Processing etc/audio_platform_info_intcodec.xml ...
Processing etc/audio_policy_configuration.xml ...
Processing etc/audio_policy_volumes.xml ...
Processing etc/audio_tuning_mixer.txt ...
Processing etc/bluetooth_audio_policy_configuration.xml ...
Processing etc/boringssl_self_test.no_zygote.rc ...
Processing etc/boringssl_self_test.zygote32.rc ...
Processing etc/boringssl_self_test.zygote64.rc ...
Processing etc/boringssl_self_test.zygote64_32.rc ...
Processing etc/bpf ...
Processing etc/build_flags.json ...
Processing etc/cacert_location.pem ...
Processing etc/camera ...
Processing etc/cgroups.json ...
Processing etc/cne ...
Processing etc/data ...
Processing etc/default-permissions ...
Processing etc/default_volume_tables.xml ...
Processing etc/displayconfig ...
Processing etc/excluded-input-devices.xml ...
Processing etc/flp.conf ...
Processing etc/fs_config_dirs ...
Processing etc/fs_config_files ...
Processing etc/fstab.qcom ...
Processing etc/gps.conf ...
Processing etc/graphite_ipc_platform_info.xml ...
Processing etc/group ...
Processing etc/init ...
Processing etc/izat.conf ...
Processing etc/linker.config.pb ...
Processing etc/listen_platform_info.xml ...
Processing etc/lowi.conf ...
Processing etc/media_codecs.xml ...
Processing etc/media_codecs_google_audio.xml ...
Processing etc/media_codecs_google_telephony.xml ...
Processing etc/media_codecs_google_video.xml ...
Processing etc/media_codecs_performance.xml ...
Processing etc/media_codecs_vendor.xml ...
Processing etc/media_codecs_vendor_audio.xml ...
Processing etc/media_profiles_V1_0.xml ...
Processing etc/mixer_paths.xml ...
Processing etc/mkshrc ...
Processing etc/passwd ...
Processing etc/permissions ...
Processing etc/powerhint.json ...
Processing etc/public.libraries.txt ...
Processing etc/qdcm_calib_data_jdi_nt36672_fhd_video_mode_dsi_panel.xml ...
Processing etc/qdcm_calib_data_tianma_nt36672_fhd_video_mode_dsi_panel.xml ...
Processing etc/r_submix_audio_policy_configuration.xml ...
Processing etc/recovery-resource.dat ...
Processing etc/sap.conf ...
Processing etc/sec_config ...
Processing etc/seccomp_policy ...
Processing etc/selinux ...
Processing etc/sensors ...
Processing etc/sound_trigger_mixer_paths.xml ...
Processing etc/sound_trigger_platform_info.xml ...
Processing etc/task_profiles.json ...
Processing etc/thermal-engine.conf ...
Processing etc/ueventd.rc ...
Processing etc/usb_audio_policy_configuration.xml ...
Processing etc/vintf ...
Processing etc/wifi ...
Processing etc/xtra_root_cert.pem ...
Processing etc/xtwifi.conf ...
Processing etc/acdbdata/MTP ...
Processing etc/acdbdata/adsp_avs_config.acdb ...
Processing etc/acdbdata/MTP/MTP_Bluetooth_cal.acdb ...
Processing etc/acdbdata/MTP/MTP_General_cal.acdb ...
Processing etc/acdbdata/MTP/MTP_Global_cal.acdb ...
Processing etc/acdbdata/MTP/MTP_Handset_cal.acdb ...
Processing etc/acdbdata/MTP/MTP_Hdmi_cal.acdb ...
Processing etc/acdbdata/MTP/MTP_Headset_cal.acdb ...
Processing etc/acdbdata/MTP/MTP_Speaker_cal.acdb ...
Processing etc/acdbdata/MTP/MTP_workspaceFile.qwsp ...
Processing etc/aidl/hfp ...
Processing etc/aidl/le_audio ...
Processing etc/aidl/hfp/hfp_codec_capabilities.xml ...
Processing etc/aidl/le_audio/aidl_audio_set_configurations.bfbs ...
Processing etc/aidl/le_audio/aidl_audio_set_scenarios.bfbs ...
Processing etc/aidl/le_audio/aidl_default_audio_set_configurations.json ...
Processing etc/aidl/le_audio/aidl_default_audio_set_scenarios.json ...
Processing etc/bpf/filterPowerSupplyEvents.o ...
Processing etc/camera/camera_config.xml ...
Processing etc/camera/wayne_imx376_ofilm_cn_back_ii_chromatix.xml ...
Processing etc/camera/wayne_imx376_ofilm_cn_front_ii_chromatix.xml ...
Processing etc/camera/wayne_imx376_ofilm_india_back_ii_chromatix.xml ...
Processing etc/camera/wayne_imx376_ofilm_india_front_ii_chromatix.xml ...
Processing etc/camera/wayne_imx376_sunny_cn_back_i_chromatix.xml ...
Processing etc/camera/wayne_imx376_sunny_cn_back_iii_chromatix.xml ...
Processing etc/camera/wayne_imx376_sunny_cn_front_i_chromatix.xml ...
Processing etc/camera/wayne_imx376_sunny_india_back_i_chromatix.xml ...
Processing etc/camera/wayne_imx376_sunny_india_back_iii_chromatix.xml ...
Processing etc/camera/wayne_imx376_sunny_india_front_i_chromatix.xml ...
Processing etc/camera/wayne_imx486_ofilm_cn_ii_chromatix.xml ...
Processing etc/camera/wayne_imx486_ofilm_india_ii_chromatix.xml ...
Processing etc/camera/wayne_imx486_sunny_cn_i_chromatix.xml ...
Processing etc/camera/wayne_imx486_sunny_cn_iii_chromatix.xml ...
Processing etc/camera/wayne_imx486_sunny_india_i_chromatix.xml ...
Processing etc/camera/wayne_imx486_sunny_india_iii_chromatix.xml ...
Processing etc/cne/mwqem.conf ...
Processing etc/cne/profileMwqem.xml ...
Processing etc/cne/wqeclient ...
Processing etc/cne/wqeclient/ATT ...
Processing etc/cne/wqeclient/ROW ...
Processing etc/cne/wqeclient/VZW ...
Processing etc/cne/wqeclient/ATT/ATT_profile1.xml ...
Processing etc/cne/wqeclient/ATT/ATT_profile2.xml ...
Processing etc/cne/wqeclient/ATT/ATT_profile3.xml ...
Processing etc/cne/wqeclient/ATT/ATT_profile4.xml ...
Processing etc/cne/wqeclient/ATT/ATT_profile5.xml ...
Processing etc/cne/wqeclient/ATT/ATT_profile6.xml ...
Processing etc/cne/wqeclient/ROW/ROW_profile1.xml ...
Processing etc/cne/wqeclient/ROW/ROW_profile15.xml ...
Processing etc/cne/wqeclient/ROW/ROW_profile16.xml ...
Processing etc/cne/wqeclient/ROW/ROW_profile17.xml ...
Processing etc/cne/wqeclient/ROW/ROW_profile18.xml ...
Processing etc/cne/wqeclient/ROW/ROW_profile19.xml ...
Processing etc/cne/wqeclient/ROW/ROW_profile2.xml ...
Processing etc/cne/wqeclient/ROW/ROW_profile20.xml ...
Processing etc/cne/wqeclient/ROW/ROW_profile21.xml ...
Processing etc/cne/wqeclient/ROW/ROW_profile3.xml ...
Processing etc/cne/wqeclient/ROW/ROW_profile32.xml ...
Processing etc/cne/wqeclient/ROW/ROW_profile4.xml ...
Processing etc/cne/wqeclient/ROW/ROW_profile5.xml ...
Processing etc/cne/wqeclient/ROW/ROW_profile6.xml ...
Processing etc/cne/wqeclient/ROW/ROW_profile7.xml ...
Processing etc/cne/wqeclient/VZW/VZW_profile1.xml ...
Processing etc/cne/wqeclient/VZW/VZW_profile2.xml ...
Processing etc/cne/wqeclient/VZW/VZW_profile3.xml ...
Processing etc/cne/wqeclient/VZW/VZW_profile4.xml ...
Processing etc/cne/wqeclient/VZW/VZW_profile5.xml ...
Processing etc/cne/wqeclient/VZW/VZW_profile6.xml ...
Processing etc/data/dsi_config.xml ...
Processing etc/data/netmgr_config.xml ...
Processing etc/default-permissions/com.qualcomm.qti.cne.xml ...
Processing etc/displayconfig/display_id_0.xml ...
Processing etc/init/android.hardware.audio.service.rc ...
Processing etc/init/android.hardware.biometrics.fingerprint@2.1-service.wayne.rc ...
Processing etc/init/android.hardware.bluetooth@1.0-service-qti.rc ...
Processing etc/init/android.hardware.camera.provider@2.4-service.rc ...
Processing etc/init/android.hardware.cas@1.2-service.rc ...
Processing etc/init/android.hardware.drm-service.clearkey.rc ...
Processing etc/init/android.hardware.drm@1.3-service.widevine.rc ...
Processing etc/init/android.hardware.gatekeeper@1.0-service-qti.rc ...
Processing etc/init/android.hardware.gnss@2.1-service-qti.rc ...
Processing etc/init/android.hardware.graphics.composer@2.1-service.rc ...
Processing etc/init/android.hardware.health@2.1-service.rc ...
Processing etc/init/android.hardware.ir@1.0-service.wayne.rc ...
Processing etc/init/android.hardware.keymaster@3.0-service-qti.rc ...
Processing etc/init/android.hardware.lights.wayne.rc ...
Processing etc/init/android.hardware.media.omx@1.0-service.rc ...
Processing etc/init/android.hardware.memtrack@1.0-service.rc ...
Processing etc/init/android.hardware.power-service.wayne-libperfmgr.rc ...
Processing etc/init/android.hardware.sensors@1.0-service.rc ...
Processing etc/init/android.hardware.thermal@2.0-service.qti.rc ...
Processing etc/init/android.hardware.usb@1.3-service-qti.rc ...
Processing etc/init/android.hardware.wifi-service.rc ...
Processing etc/init/android.hardware.wifi.supplicant-service.rc ...
Processing etc/init/boringssl_self_test.rc ...
Processing etc/init/cnd.rc ...
Processing etc/init/dataadpl.rc ...
Processing etc/init/dataqti.rc ...
Processing etc/init/dpmQmiMgr.rc ...
Processing etc/init/hostapd.android.rc ...
Processing etc/init/hw ...
Processing etc/init/ims_rtp_daemon_legacy.rc ...
Processing etc/init/imsdatadaemon.rc ...
Processing etc/init/imsqmidaemon.rc ...
Processing etc/init/imsrcsd.rc ...
Processing etc/init/init-qcril-data.rc ...
Processing etc/init/init.time_daemon.rc ...
Processing etc/init/ipacm.rc ...
Processing etc/init/netmgrd.rc ...
Processing etc/init/port-bridge.rc ...
Processing etc/init/qcrild.rc ...
Processing etc/init/rild.rc ...
Processing etc/init/vendor.display.color@1.0-service.rc ...
Processing etc/init/vendor.qti.adsprpc-service.rc ...
Processing etc/init/vendor.qti.hardware.alarm@1.0-service.rc ...
Processing etc/init/vendor.qti.hardware.display.allocator-service.rc ...
Processing etc/init/vendor.qti.hardware.dsp@1.0-service.rc ...
Processing etc/init/vendor.qti.hardware.soter@1.0-service.rc ...
Processing etc/init/vendor.qti.hardware.tui_comm@1.0-service-qti.rc ...
Processing etc/init/vendor.qti.hardware.vibrator.service.rc ...
Processing etc/init/vendor.qti.rmt_storage.rc ...
Processing etc/init/vendor.qti.tftp.rc ...
Processing etc/init/vendor.xiaomi.hardware.mlipay@1.1-service.rc ...
Processing etc/init/vendor_flash_recovery.rc ...
Processing etc/init/vndservicemanager.rc ...
Processing etc/init/hw/init.qcom.power.rc ...
Processing etc/init/hw/init.qcom.rc ...
Processing etc/init/hw/init.qcom.usb.rc ...
Processing etc/init/hw/init.target.rc ...
Processing etc/permissions/android.hardware.audio.low_latency.xml ...
Processing etc/permissions/android.hardware.bluetooth.xml ...
Processing etc/permissions/android.hardware.bluetooth_le.xml ...
Processing etc/permissions/android.hardware.camera.flash-autofocus.xml ...
Processing etc/permissions/android.hardware.camera.front.xml ...
Processing etc/permissions/android.hardware.camera.full.xml ...
Processing etc/permissions/android.hardware.camera.raw.xml ...
Processing etc/permissions/android.hardware.consumerir.xml ...
Processing etc/permissions/android.hardware.fingerprint.xml ...
Processing etc/permissions/android.hardware.location.gps.xml ...
Processing etc/permissions/android.hardware.opengles.aep.xml ...
Processing etc/permissions/android.hardware.sensor.accelerometer.xml ...
Processing etc/permissions/android.hardware.sensor.barometer.xml ...
Processing etc/permissions/android.hardware.sensor.compass.xml ...
Processing etc/permissions/android.hardware.sensor.gyroscope.xml ...
Processing etc/permissions/android.hardware.sensor.light.xml ...
Processing etc/permissions/android.hardware.sensor.proximity.xml ...
Processing etc/permissions/android.hardware.sensor.stepcounter.xml ...
Processing etc/permissions/android.hardware.sensor.stepdetector.xml ...
Processing etc/permissions/android.hardware.telephony.cdma.xml ...
Processing etc/permissions/android.hardware.telephony.gsm.xml ...
Processing etc/permissions/android.hardware.telephony.ims.xml ...
Processing etc/permissions/android.hardware.touchscreen.multitouch.jazzhand.xml ...
Processing etc/permissions/android.hardware.usb.accessory.xml ...
Processing etc/permissions/android.hardware.usb.host.xml ...
Processing etc/permissions/android.hardware.vulkan.compute.xml ...
Processing etc/permissions/android.hardware.vulkan.level.xml ...
Processing etc/permissions/android.hardware.vulkan.version-1_1.xml ...
Processing etc/permissions/android.hardware.wifi.direct.xml ...
Processing etc/permissions/android.hardware.wifi.passpoint.xml ...
Processing etc/permissions/android.hardware.wifi.xml ...
Processing etc/permissions/android.software.ipsec_tunnels.xml ...
Processing etc/permissions/android.software.midi.xml ...
Processing etc/permissions/android.software.opengles.deqp.level.xml ...
Processing etc/permissions/android.software.sip.voip.xml ...
Processing etc/permissions/android.software.verified_boot.xml ...
Processing etc/permissions/android.software.vulkan.deqp.level.xml ...
Processing etc/permissions/handheld_core_hardware.xml ...
Processing etc/seccomp_policy/imsrtp.policy ...
Processing etc/seccomp_policy/mediacodec.policy ...
Processing etc/seccomp_policy/mediaextractor.policy ...
Processing etc/seccomp_policy/vendor.qti.hardware.dsp.policy ...
Processing etc/selinux/plat_pub_versioned.cil ...
Processing etc/selinux/plat_sepolicy_vers.txt ...
Processing etc/selinux/precompiled_sepolicy ...
Processing etc/selinux/precompiled_sepolicy.plat_sepolicy_and_mapping.sha256 ...
Processing etc/selinux/precompiled_sepolicy.product_sepolicy_and_mapping.sha256 ...
Processing etc/selinux/precompiled_sepolicy.system_ext_sepolicy_and_mapping.sha256 ...
Processing etc/selinux/selinux_denial_metadata ...
Processing etc/selinux/vendor_file_contexts ...
Processing etc/selinux/vendor_hwservice_contexts ...
Processing etc/selinux/vendor_keystore2_key_contexts ...
Processing etc/selinux/vendor_mac_permissions.xml ...
Processing etc/selinux/vendor_property_contexts ...
Processing etc/selinux/vendor_seapp_contexts ...
Processing etc/selinux/vendor_sepolicy.cil ...
Processing etc/selinux/vendor_service_contexts ...
Processing etc/selinux/vndservice_contexts ...
Processing etc/sensors/hals.conf ...
Processing etc/vintf/compatibility_matrix.xml ...
Processing etc/vintf/manifest ...
Processing etc/vintf/manifest.xml ...
Processing etc/vintf/manifest/android.hardware.biometrics.fingerprint@2.1-service.wayne.xml ...
Processing etc/vintf/manifest/android.hardware.cas@1.2-service.xml ...
Processing etc/vintf/manifest/android.hardware.drm-service.clearkey.xml ...
Processing etc/vintf/manifest/android.hardware.gnss@2.1-service-qti.xml ...
Processing etc/vintf/manifest/android.hardware.graphics.mapper-impl-qti-display.xml ...
Processing etc/vintf/manifest/android.hardware.health@2.1.xml ...
Processing etc/vintf/manifest/android.hardware.ir@1.0-service.wayne.xml ...
Processing etc/vintf/manifest/android.hardware.lights.wayne.xml ...
Processing etc/vintf/manifest/android.hardware.power-service.wayne.xml ...
Processing etc/vintf/manifest/android.hardware.thermal@2.0-service.qti.xml ...
Processing etc/vintf/manifest/android.hardware.usb@1.3-service-qti.xml ...
Processing etc/vintf/manifest/android.hardware.wifi-service.xml ...
Processing etc/vintf/manifest/android.hardware.wifi.hostapd.xml ...
Processing etc/vintf/manifest/android.hardware.wifi.supplicant.xml ...
Processing etc/vintf/manifest/bluetooth_audio.xml ...
Processing etc/vintf/manifest/manifest_android.hardware.drm@1.3-service.widevine.xml ...
Processing etc/vintf/manifest/vendor.qti.gnss@4.0-service.xml ...
Processing etc/vintf/manifest/vendor.qti.hardware.display.allocator-service.xml ...
Processing etc/vintf/manifest/vendor.qti.hardware.vibrator.service.xml ...
Processing etc/wifi/WCNSS_qcom_cfg.ini ...
Processing etc/wifi/p2p_supplicant_overlay.conf ...
Processing etc/wifi/wpa_supplicant.conf ...
Processing etc/wifi/wpa_supplicant_overlay.conf ...
Processing firmware/a512_zap.b00 ...
Processing firmware/a512_zap.b01 ...
Processing firmware/a512_zap.b02 ...
Processing firmware/a512_zap.elf ...
Processing firmware/a512_zap.mdt ...
Processing firmware/a530_pfp.fw ...
Processing firmware/a530_pm4.fw ...
Processing firmware/a540_gpmu.fw2 ...
Processing firmware/cpp_firmware_v1_12_0.fw ...
Processing firmware/dbmd4_va_fw.bin ...
Processing firmware/fpctzappfingerprint.b00 ...
Processing firmware/fpctzappfingerprint.b01 ...
Processing firmware/fpctzappfingerprint.b02 ...
Processing firmware/fpctzappfingerprint.b03 ...
Processing firmware/fpctzappfingerprint.b04 ...
Processing firmware/fpctzappfingerprint.b05 ...
Processing firmware/fpctzappfingerprint.b06 ...
Processing firmware/fpctzappfingerprint.b07 ...
Processing firmware/fpctzappfingerprint.mdt ...
Processing firmware/goodixfp.b00 ...
Processing firmware/goodixfp.b01 ...
Processing firmware/goodixfp.b02 ...
Processing firmware/goodixfp.b03 ...
Processing firmware/goodixfp.b04 ...
Processing firmware/goodixfp.b05 ...
Processing firmware/goodixfp.b06 ...
Processing firmware/goodixfp.b07 ...
Processing firmware/goodixfp.mdt ...
Processing firmware/tas2557_uCDSP.bin ...
Processing firmware/tfa98xx.cnt ...
Processing firmware/wlan ...
Processing firmware/wlan/qca_cld ...
Processing firmware/wlan/qca_cld/WCNSS_qcom_cfg.ini ...
Processing firmware/wlan/qca_cld/wlan_mac.bin ...
Processing lib/android.frameworks.displayservice@1.0.so ...
Processing lib/android.frameworks.sensorservice-V1-ndk.so ...
Processing lib/android.frameworks.sensorservice@1.0.so ...
Processing lib/android.hardware.audio.common-V4-ndk.so ...
Processing lib/android.hardware.audio.common-util.so ...
Processing lib/android.hardware.audio.common@2.0.so ...
Processing lib/android.hardware.audio.common@5.0.so ...
Processing lib/android.hardware.audio.common@6.0-util.so ...
Processing lib/android.hardware.audio.common@6.0.so ...
Processing lib/android.hardware.audio.effect@6.0-util.so ...
Processing lib/android.hardware.audio.effect@6.0.so ...
Processing lib/android.hardware.audio@6.0-util.so ...
Processing lib/android.hardware.audio@6.0.so ...
Processing lib/android.hardware.bluetooth.audio-V5-ndk.so ...
Processing lib/android.hardware.bluetooth.audio-impl.so ...
Processing lib/android.hardware.bluetooth.audio@2.0.so ...
Processing lib/android.hardware.bluetooth.audio@2.1.so ...
Processing lib/android.hardware.bluetooth@1.0.so ...
Processing lib/android.hardware.camera.common@1.0.so ...
Processing lib/android.hardware.camera.device@1.0.so ...
Processing lib/android.hardware.camera.device@3.2.so ...
Processing lib/android.hardware.camera.device@3.3.so ...
Processing lib/android.hardware.camera.device@3.4.so ...
Processing lib/android.hardware.camera.device@3.5.so ...
Processing lib/android.hardware.camera.device@3.6.so ...
Processing lib/android.hardware.camera.provider@2.4-external.so ...
Processing lib/android.hardware.camera.provider@2.4-legacy.so ...
Processing lib/android.hardware.camera.provider@2.4.so ...
Processing lib/android.hardware.cas.native@1.0.so ...
Processing lib/android.hardware.cas@1.0.so ...
Processing lib/android.hardware.cas@1.1.so ...
Processing lib/android.hardware.cas@1.2.so ...
Processing lib/android.hardware.common-V2-ndk.so ...
Processing lib/android.hardware.common.fmq-V1-ndk.so ...
Processing lib/android.hardware.drm@1.0.so ...
Processing lib/android.hardware.drm@1.1.so ...
Processing lib/android.hardware.drm@1.2.so ...
Processing lib/android.hardware.drm@1.3.so ...
Processing lib/android.hardware.gatekeeper@1.0.so ...
Processing lib/android.hardware.gnss.measurement_corrections@1.0.so ...
Processing lib/android.hardware.gnss.measurement_corrections@1.1.so ...
Processing lib/android.hardware.gnss.visibility_control@1.0.so ...
Processing lib/android.hardware.gnss@1.0.so ...
Processing lib/android.hardware.gnss@1.1.so ...
Processing lib/android.hardware.gnss@2.0.so ...
Processing lib/android.hardware.gnss@2.1.so ...
Processing lib/android.hardware.graphics.allocator-V2-ndk.so ...
Processing lib/android.hardware.graphics.allocator@2.0.so ...
Processing lib/android.hardware.graphics.allocator@3.0.so ...
Processing lib/android.hardware.graphics.allocator@4.0.so ...
Processing lib/android.hardware.graphics.bufferqueue@1.0.so ...
Processing lib/android.hardware.graphics.bufferqueue@2.0.so ...
Processing lib/android.hardware.graphics.common-V5-ndk.so ...
Processing lib/android.hardware.graphics.common@1.0.so ...
Processing lib/android.hardware.graphics.common@1.1.so ...
Processing lib/android.hardware.graphics.common@1.2.so ...
Processing lib/android.hardware.graphics.composer@2.1.so ...
Processing lib/android.hardware.graphics.mapper@2.0.so ...
Processing lib/android.hardware.graphics.mapper@2.1.so ...
Processing lib/android.hardware.graphics.mapper@3.0.so ...
Processing lib/android.hardware.graphics.mapper@4.0.so ...
Processing lib/android.hardware.health@1.0.so ...
Processing lib/android.hardware.health@2.0.so ...
Processing lib/android.hardware.health@2.1.so ...
Processing lib/android.hardware.keymaster@3.0.so ...
Processing lib/android.hardware.keymaster@4.0.so ...
Processing lib/android.hardware.media.bufferpool@2.0.so ...
Processing lib/android.hardware.media.c2@1.0.so ...
Processing lib/android.hardware.media.omx@1.0.so ...
Processing lib/android.hardware.media@1.0.so ...
Processing lib/android.hardware.memtrack@1.0.so ...
Processing lib/android.hardware.power@1.0.so ...
Processing lib/android.hardware.power@1.1.so ...
Processing lib/android.hardware.power@1.2.so ...
Processing lib/android.hardware.radio.config@1.0.so ...
Processing lib/android.hardware.radio.config@1.1.so ...
Processing lib/android.hardware.radio.config@1.2.so ...
Processing lib/android.hardware.radio.config@1.3.so ...
Processing lib/android.hardware.radio.deprecated@1.0.so ...
Processing lib/android.hardware.radio@1.0.so ...
Processing lib/android.hardware.radio@1.1.so ...
Processing lib/android.hardware.radio@1.2.so ...
Processing lib/android.hardware.radio@1.3.so ...
Processing lib/android.hardware.radio@1.4.so ...
Processing lib/android.hardware.radio@1.5.so ...
Processing lib/android.hardware.radio@1.6.so ...
Processing lib/android.hardware.secure_element@1.0.so ...
Processing lib/android.hardware.secure_element@1.1.so ...
Processing lib/android.hardware.secure_element@1.2.so ...
Processing lib/android.hardware.security.keymint-V1-ndk.so ...
Processing lib/android.hardware.security.secureclock-V1-ndk.so ...
Processing lib/android.hardware.sensors-V2-ndk.so ...
Processing lib/android.hardware.sensors@1.0.so ...
Processing lib/android.hardware.soundtrigger@2.0-core.so ...
Processing lib/android.hardware.soundtrigger@2.0.so ...
Processing lib/android.hardware.soundtrigger@2.1.so ...
Processing lib/android.hardware.soundtrigger@2.2.so ...
Processing lib/android.hardware.soundtrigger@2.3.so ...
Processing lib/android.hidl.allocator@1.0.so ...
Processing lib/android.hidl.base@1.0.so ...
Processing lib/android.hidl.memory.token@1.0.so ...
Processing lib/android.hidl.memory@1.0.so ...
Processing lib/android.hidl.safe_union@1.0.so ...
Processing lib/android.hidl.token@1.0-utils.so ...
Processing lib/android.hidl.token@1.0.so ...
Processing lib/android.media.audio.common.types-V4-ndk.so ...
Processing lib/android.system.keystore2-V1-ndk.so ...
Processing lib/android.system.net.netd@1.0.so ...
Processing lib/android.system.net.netd@1.1.so ...
Processing lib/android.system.suspend-V1-ndk.so ...
Processing lib/android.system.wifi.keystore@1.0.so ...
Processing lib/camera.device@1.0-impl.so ...
Processing lib/camera.device@3.2-impl.so ...
Processing lib/camera.device@3.3-impl.so ...
Processing lib/camera.device@3.4-external-impl.so ...
Processing lib/camera.device@3.4-impl.so ...
Processing lib/camera.device@3.5-external-impl.so ...
Processing lib/camera.device@3.5-impl.so ...
Processing lib/camera.device@3.6-external-impl.so ...
Processing lib/com.dsi.ant@1.0.so ...
Processing lib/egl ...
Processing lib/hw ...
Processing lib/libAlacSwDec.so ...
Processing lib/libApeSwDec.so ...
Processing lib/libC2D2.so ...
Processing lib/libCB.so ...
Processing lib/libEGL_adreno.so ...
Processing lib/libFlacSwDec.so ...
Processing lib/libGLESv2_adreno.so ...
Processing lib/libI420colorconvert.so ...
Processing lib/libOmxAacDec.so ...
Processing lib/libOmxAacEnc.so ...
Processing lib/libOmxAlacDec.so ...
Processing lib/libOmxAlacDecSw.so ...
Processing lib/libOmxAmrDec.so ...
Processing lib/libOmxAmrEnc.so ...
Processing lib/libOmxAmrwbplusDec.so ...
Processing lib/libOmxApeDec.so ...
Processing lib/libOmxApeDecSw.so ...
Processing lib/libOmxCore.so ...
Processing lib/libOmxDsdDec.so ...
Processing lib/libOmxEvrcDec.so ...
Processing lib/libOmxEvrcEnc.so ...
Processing lib/libOmxG711Dec.so ...
Processing lib/libOmxG711Enc.so ...
Processing lib/libOmxQcelp13Dec.so ...
Processing lib/libOmxQcelp13Enc.so ...
Processing lib/libOmxVdec.so ...
Processing lib/libOmxVenc.so ...
Processing lib/libOmxVideoDSMode.so ...
Processing lib/libOmxWmaDec.so ...
Processing lib/libOpenCL.so ...
Processing lib/libVkLayer_q3dtools.so ...
Processing lib/lib_algo_svhdr.so ...
Processing lib/libacdb-fts.so ...
Processing lib/libacdbloader.so ...
Processing lib/libacdbrtac.so ...
Processing lib/libaconfig_storage_read_api_cc.so ...
Processing lib/libactuator_wayne_imx376_ofilm_back_ii_dw9763.so ...
Processing lib/libactuator_wayne_imx376_sunny_back_i_dw9763.so ...
Processing lib/libactuator_wayne_imx486_ofilm_ii_dw9763.so ...
Processing lib/libactuator_wayne_imx486_sunny_i_dw9763.so ...
Processing lib/libadiertac.so ...
Processing lib/libadm.so ...
Processing lib/libadpcmdec.so ...
Processing lib/libadreno_utils.so ...
Processing lib/libadsp_default_listener.so ...
Processing lib/libadsprpc.so ...
Processing lib/libalsautils.so ...
Processing lib/libaudcal.so ...
Processing lib/libaudioroute.so ...
Processing lib/libaudioutils.so ...
Processing lib/libavservices_minijail.so ...
Processing lib/libbase.so ...
Processing lib/libbatching.so ...
Processing lib/libbinder.so ...
Processing lib/libbluetooth_audio_session.so ...
Processing lib/libbluetooth_audio_session_aidl.so ...
Processing lib/libc++.so ...
Processing lib/libc2d30_bltlib.so ...
Processing lib/libc2dcolorconvert.so ...
Processing lib/libcamera_metadata.so ...
Processing lib/libcap.so ...
Processing lib/libcdsprpc.so ...
Processing lib/libchromatix_wayne_imx376_ofilm_cn_back_ii_bokeh_preview.so ...
Processing lib/libchromatix_wayne_imx376_ofilm_cn_back_ii_bokeh_preview_3a.so ...
Processing lib/libchromatix_wayne_imx376_ofilm_cn_back_ii_common.so ...
Processing lib/libchromatix_wayne_imx376_ofilm_cn_back_ii_cpp_hfr_120.so ...
Processing lib/libchromatix_wayne_imx376_ofilm_cn_back_ii_cpp_liveshot.so ...
Processing lib/libchromatix_wayne_imx376_ofilm_cn_back_ii_cpp_preview.so ...
Processing lib/libchromatix_wayne_imx376_ofilm_cn_back_ii_cpp_snapshot.so ...
Processing lib/libchromatix_wayne_imx376_ofilm_cn_back_ii_cpp_snapshot_5M.so ...
Processing lib/libchromatix_wayne_imx376_ofilm_cn_back_ii_cpp_snapshot_5M_hht.so ...
Processing lib/libchromatix_wayne_imx376_ofilm_cn_back_ii_cpp_snapshot_bokeh.so ...
Processing lib/libchromatix_wayne_imx376_ofilm_cn_back_ii_cpp_snapshot_downscale.so ...
Processing lib/libchromatix_wayne_imx376_ofilm_cn_back_ii_cpp_snapshot_hht.so ...
Processing lib/libchromatix_wayne_imx376_ofilm_cn_back_ii_cpp_snapshot_upscale.so ...
Processing lib/libchromatix_wayne_imx376_ofilm_cn_back_ii_cpp_video.so ...
Processing lib/libchromatix_wayne_imx376_ofilm_cn_back_ii_cpp_video_default.so ...
Processing lib/libchromatix_wayne_imx376_ofilm_cn_back_ii_cpp_video_weixin.so ...
Processing lib/libchromatix_wayne_imx376_ofilm_cn_back_ii_default_preview_3a.so ...
Processing lib/libchromatix_wayne_imx376_ofilm_cn_back_ii_default_video_3a.so ...
Processing lib/libchromatix_wayne_imx376_ofilm_cn_back_ii_flash_preview_3a.so ...
Processing lib/libchromatix_wayne_imx376_ofilm_cn_back_ii_flash_video_3a.so ...
Processing lib/libchromatix_wayne_imx376_ofilm_cn_back_ii_fullsize_preview_3a.so ...
Processing lib/libchromatix_wayne_imx376_ofilm_cn_back_ii_fullsize_video_3a.so ...
Processing lib/libchromatix_wayne_imx376_ofilm_cn_back_ii_hfr_120.so ...
Processing lib/libchromatix_wayne_imx376_ofilm_cn_back_ii_hfr_120_3a.so ...
Processing lib/libchromatix_wayne_imx376_ofilm_cn_back_ii_postproc.so ...
Processing lib/libchromatix_wayne_imx376_ofilm_cn_back_ii_preview.so ...
Processing lib/libchromatix_wayne_imx376_ofilm_cn_back_ii_snapshot.so ...
Processing lib/libchromatix_wayne_imx376_ofilm_cn_back_ii_video_default.so ...
Processing lib/libchromatix_wayne_imx376_ofilm_cn_back_ii_video_weixin.so ...
Processing lib/libchromatix_wayne_imx376_ofilm_cn_back_ii_weixin_video_3a.so ...
Processing lib/libchromatix_wayne_imx376_ofilm_cn_front_ii_common.so ...
Processing lib/libchromatix_wayne_imx376_ofilm_cn_front_ii_cpp_liveshot.so ...
Processing lib/libchromatix_wayne_imx376_ofilm_cn_front_ii_cpp_preview.so ...
Processing lib/libchromatix_wayne_imx376_ofilm_cn_front_ii_cpp_snapshot.so ...
Processing lib/libchromatix_wayne_imx376_ofilm_cn_front_ii_cpp_snapshot_5M.so ...
Processing lib/libchromatix_wayne_imx376_ofilm_cn_front_ii_cpp_snapshot_5M_hht.so ...
Processing lib/libchromatix_wayne_imx376_ofilm_cn_front_ii_cpp_snapshot_downscale.so ...
Processing lib/libchromatix_wayne_imx376_ofilm_cn_front_ii_cpp_snapshot_hdr.so ...
Processing lib/libchromatix_wayne_imx376_ofilm_cn_front_ii_cpp_snapshot_hht.so ...
Processing lib/libchromatix_wayne_imx376_ofilm_cn_front_ii_cpp_snapshot_upscale.so ...
Processing lib/libchromatix_wayne_imx376_ofilm_cn_front_ii_cpp_video.so ...
Processing lib/libchromatix_wayne_imx376_ofilm_cn_front_ii_cpp_video_default.so ...
Processing lib/libchromatix_wayne_imx376_ofilm_cn_front_ii_cpp_video_face.so ...
Processing lib/libchromatix_wayne_imx376_ofilm_cn_front_ii_cpp_video_weixin.so ...
Processing lib/libchromatix_wayne_imx376_ofilm_cn_front_ii_default_preview_3a.so ...
Processing lib/libchromatix_wayne_imx376_ofilm_cn_front_ii_default_video_3a.so ...
Processing lib/libchromatix_wayne_imx376_ofilm_cn_front_ii_face_video_3a.so ...
Processing lib/libchromatix_wayne_imx376_ofilm_cn_front_ii_flash_cpp_liveshot.so ...
Processing lib/libchromatix_wayne_imx376_ofilm_cn_front_ii_flash_cpp_preview.so ...
Processing lib/libchromatix_wayne_imx376_ofilm_cn_front_ii_flash_cpp_snapshot.so ...
Processing lib/libchromatix_wayne_imx376_ofilm_cn_front_ii_flash_cpp_video.so ...
Processing lib/libchromatix_wayne_imx376_ofilm_cn_front_ii_flash_preview.so ...
Processing lib/libchromatix_wayne_imx376_ofilm_cn_front_ii_flash_preview_3a.so ...
Processing lib/libchromatix_wayne_imx376_ofilm_cn_front_ii_flash_snapshot.so ...
Processing lib/libchromatix_wayne_imx376_ofilm_cn_front_ii_flash_video.so ...
Processing lib/libchromatix_wayne_imx376_ofilm_cn_front_ii_flash_video_3a.so ...
Processing lib/libchromatix_wayne_imx376_ofilm_cn_front_ii_fullsize_preview_3a.so ...
Processing lib/libchromatix_wayne_imx376_ofilm_cn_front_ii_fullsize_video_3a.so ...
Processing lib/libchromatix_wayne_imx376_ofilm_cn_front_ii_postproc.so ...
Processing lib/libchromatix_wayne_imx376_ofilm_cn_front_ii_preview.so ...
Processing lib/libchromatix_wayne_imx376_ofilm_cn_front_ii_snapshot.so ...
Processing lib/libchromatix_wayne_imx376_ofilm_cn_front_ii_snapshot_hdr.so ...
Processing lib/libchromatix_wayne_imx376_ofilm_cn_front_ii_video_default.so ...
Processing lib/libchromatix_wayne_imx376_ofilm_cn_front_ii_video_face.so ...
Processing lib/libchromatix_wayne_imx376_ofilm_cn_front_ii_video_weixin.so ...
Processing lib/libchromatix_wayne_imx376_ofilm_cn_front_ii_weixin_video_3a.so ...
Processing lib/libchromatix_wayne_imx376_ofilm_india_back_ii_bokeh_preview.so ...
Processing lib/libchromatix_wayne_imx376_ofilm_india_back_ii_bokeh_preview_3a.so ...
Processing lib/libchromatix_wayne_imx376_ofilm_india_back_ii_common.so ...
Processing lib/libchromatix_wayne_imx376_ofilm_india_back_ii_cpp_liveshot.so ...
Processing lib/libchromatix_wayne_imx376_ofilm_india_back_ii_cpp_preview.so ...
Processing lib/libchromatix_wayne_imx376_ofilm_india_back_ii_cpp_snapshot.so ...
Processing lib/libchromatix_wayne_imx376_ofilm_india_back_ii_cpp_snapshot_5M.so ...
Processing lib/libchromatix_wayne_imx376_ofilm_india_back_ii_cpp_snapshot_5M_hht.so ...
Processing lib/libchromatix_wayne_imx376_ofilm_india_back_ii_cpp_snapshot_bokeh.so ...
Processing lib/libchromatix_wayne_imx376_ofilm_india_back_ii_cpp_snapshot_downscale.so ...
Processing lib/libchromatix_wayne_imx376_ofilm_india_back_ii_cpp_snapshot_hht.so ...
Processing lib/libchromatix_wayne_imx376_ofilm_india_back_ii_cpp_snapshot_upscale.so ...
Processing lib/libchromatix_wayne_imx376_ofilm_india_back_ii_cpp_video.so ...
Processing lib/libchromatix_wayne_imx376_ofilm_india_back_ii_cpp_video_default.so ...
Processing lib/libchromatix_wayne_imx376_ofilm_india_back_ii_cpp_video_weixin.so ...
Processing lib/libchromatix_wayne_imx376_ofilm_india_back_ii_default_preview_3a.so ...
Processing lib/libchromatix_wayne_imx376_ofilm_india_back_ii_default_video_3a.so ...
Processing lib/libchromatix_wayne_imx376_ofilm_india_back_ii_flash_preview_3a.so ...
Processing lib/libchromatix_wayne_imx376_ofilm_india_back_ii_flash_video_3a.so ...
Processing lib/libchromatix_wayne_imx376_ofilm_india_back_ii_fullsize_preview_3a.so ...
Processing lib/libchromatix_wayne_imx376_ofilm_india_back_ii_fullsize_video_3a.so ...
Processing lib/libchromatix_wayne_imx376_ofilm_india_back_ii_postproc.so ...
Processing lib/libchromatix_wayne_imx376_ofilm_india_back_ii_preview.so ...
Processing lib/libchromatix_wayne_imx376_ofilm_india_back_ii_snapshot.so ...
Processing lib/libchromatix_wayne_imx376_ofilm_india_back_ii_video_default.so ...
Processing lib/libchromatix_wayne_imx376_ofilm_india_back_ii_video_weixin.so ...
Processing lib/libchromatix_wayne_imx376_ofilm_india_back_ii_weixin_video_3a.so ...
Processing lib/libchromatix_wayne_imx376_ofilm_india_front_ii_common.so ...
Processing lib/libchromatix_wayne_imx376_ofilm_india_front_ii_cpp_liveshot.so ...
Processing lib/libchromatix_wayne_imx376_ofilm_india_front_ii_cpp_preview.so ...
Processing lib/libchromatix_wayne_imx376_ofilm_india_front_ii_cpp_snapshot.so ...
Processing lib/libchromatix_wayne_imx376_ofilm_india_front_ii_cpp_snapshot_5M.so ...
Processing lib/libchromatix_wayne_imx376_ofilm_india_front_ii_cpp_snapshot_5M_hht.so ...
Processing lib/libchromatix_wayne_imx376_ofilm_india_front_ii_cpp_snapshot_downscale.so ...
Processing lib/libchromatix_wayne_imx376_ofilm_india_front_ii_cpp_snapshot_hdr.so ...
Processing lib/libchromatix_wayne_imx376_ofilm_india_front_ii_cpp_snapshot_hht.so ...
Processing lib/libchromatix_wayne_imx376_ofilm_india_front_ii_cpp_snapshot_upscale.so ...
Processing lib/libchromatix_wayne_imx376_ofilm_india_front_ii_cpp_video.so ...
Processing lib/libchromatix_wayne_imx376_ofilm_india_front_ii_cpp_video_default.so ...
Processing lib/libchromatix_wayne_imx376_ofilm_india_front_ii_cpp_video_face.so ...
Processing lib/libchromatix_wayne_imx376_ofilm_india_front_ii_cpp_video_weixin.so ...
Processing lib/libchromatix_wayne_imx376_ofilm_india_front_ii_default_preview_3a.so ...
Processing lib/libchromatix_wayne_imx376_ofilm_india_front_ii_default_video_3a.so ...
Processing lib/libchromatix_wayne_imx376_ofilm_india_front_ii_face_video_3a.so ...
Processing lib/libchromatix_wayne_imx376_ofilm_india_front_ii_flash_cpp_liveshot.so ...
Processing lib/libchromatix_wayne_imx376_ofilm_india_front_ii_flash_cpp_preview.so ...
Processing lib/libchromatix_wayne_imx376_ofilm_india_front_ii_flash_cpp_snapshot.so ...
Processing lib/libchromatix_wayne_imx376_ofilm_india_front_ii_flash_cpp_video.so ...
Processing lib/libchromatix_wayne_imx376_ofilm_india_front_ii_flash_preview.so ...
Processing lib/libchromatix_wayne_imx376_ofilm_india_front_ii_flash_preview_3a.so ...
Processing lib/libchromatix_wayne_imx376_ofilm_india_front_ii_flash_snapshot.so ...
Processing lib/libchromatix_wayne_imx376_ofilm_india_front_ii_flash_video.so ...
Processing lib/libchromatix_wayne_imx376_ofilm_india_front_ii_flash_video_3a.so ...
Processing lib/libchromatix_wayne_imx376_ofilm_india_front_ii_fullsize_preview_3a.so ...
Processing lib/libchromatix_wayne_imx376_ofilm_india_front_ii_fullsize_video_3a.so ...
Processing lib/libchromatix_wayne_imx376_ofilm_india_front_ii_postproc.so ...
Processing lib/libchromatix_wayne_imx376_ofilm_india_front_ii_preview.so ...
Processing lib/libchromatix_wayne_imx376_ofilm_india_front_ii_snapshot.so ...
Processing lib/libchromatix_wayne_imx376_ofilm_india_front_ii_snapshot_hdr.so ...
Processing lib/libchromatix_wayne_imx376_ofilm_india_front_ii_video_default.so ...
Processing lib/libchromatix_wayne_imx376_ofilm_india_front_ii_video_face.so ...
Processing lib/libchromatix_wayne_imx376_ofilm_india_front_ii_video_weixin.so ...
Processing lib/libchromatix_wayne_imx376_ofilm_india_front_ii_weixin_video_3a.so ...
Processing lib/libchromatix_wayne_imx376_sunny_cn_back_i_bokeh_preview.so ...
Processing lib/libchromatix_wayne_imx376_sunny_cn_back_i_bokeh_preview_3a.so ...
Processing lib/libchromatix_wayne_imx376_sunny_cn_back_i_common.so ...
Processing lib/libchromatix_wayne_imx376_sunny_cn_back_i_cpp_hfr_120.so ...
Processing lib/libchromatix_wayne_imx376_sunny_cn_back_i_cpp_liveshot.so ...
Processing lib/libchromatix_wayne_imx376_sunny_cn_back_i_cpp_preview.so ...
Processing lib/libchromatix_wayne_imx376_sunny_cn_back_i_cpp_snapshot.so ...
Processing lib/libchromatix_wayne_imx376_sunny_cn_back_i_cpp_snapshot_5M.so ...
Processing lib/libchromatix_wayne_imx376_sunny_cn_back_i_cpp_snapshot_5M_hht.so ...
Processing lib/libchromatix_wayne_imx376_sunny_cn_back_i_cpp_snapshot_bokeh.so ...
Processing lib/libchromatix_wayne_imx376_sunny_cn_back_i_cpp_snapshot_downscale.so ...
Processing lib/libchromatix_wayne_imx376_sunny_cn_back_i_cpp_snapshot_hht.so ...
Processing lib/libchromatix_wayne_imx376_sunny_cn_back_i_cpp_snapshot_upscale.so ...
Processing lib/libchromatix_wayne_imx376_sunny_cn_back_i_cpp_video.so ...
Processing lib/libchromatix_wayne_imx376_sunny_cn_back_i_cpp_video_default.so ...
Processing lib/libchromatix_wayne_imx376_sunny_cn_back_i_cpp_video_weixin.so ...
Processing lib/libchromatix_wayne_imx376_sunny_cn_back_i_default_preview_3a.so ...
Processing lib/libchromatix_wayne_imx376_sunny_cn_back_i_default_video_3a.so ...
Processing lib/libchromatix_wayne_imx376_sunny_cn_back_i_flash_preview_3a.so ...
Processing lib/libchromatix_wayne_imx376_sunny_cn_back_i_flash_video_3a.so ...
Processing lib/libchromatix_wayne_imx376_sunny_cn_back_i_fullsize_preview_3a.so ...
Processing lib/libchromatix_wayne_imx376_sunny_cn_back_i_fullsize_video_3a.so ...
Processing lib/libchromatix_wayne_imx376_sunny_cn_back_i_hfr_120.so ...
Processing lib/libchromatix_wayne_imx376_sunny_cn_back_i_hfr_120_3a.so ...
Processing lib/libchromatix_wayne_imx376_sunny_cn_back_i_postproc.so ...
Processing lib/libchromatix_wayne_imx376_sunny_cn_back_i_preview.so ...
Processing lib/libchromatix_wayne_imx376_sunny_cn_back_i_snapshot.so ...
Processing lib/libchromatix_wayne_imx376_sunny_cn_back_i_video_default.so ...
Processing lib/libchromatix_wayne_imx376_sunny_cn_back_i_video_weixin.so ...
Processing lib/libchromatix_wayne_imx376_sunny_cn_back_i_weixin_video_3a.so ...
Processing lib/libchromatix_wayne_imx376_sunny_cn_back_iii_bokeh_preview.so ...
Processing lib/libchromatix_wayne_imx376_sunny_cn_back_iii_bokeh_preview_3a.so ...
Processing lib/libchromatix_wayne_imx376_sunny_cn_back_iii_common.so ...
Processing lib/libchromatix_wayne_imx376_sunny_cn_back_iii_cpp_hfr_120.so ...
Processing lib/libchromatix_wayne_imx376_sunny_cn_back_iii_cpp_liveshot.so ...
Processing lib/libchromatix_wayne_imx376_sunny_cn_back_iii_cpp_preview.so ...
Processing lib/libchromatix_wayne_imx376_sunny_cn_back_iii_cpp_snapshot.so ...
Processing lib/libchromatix_wayne_imx376_sunny_cn_back_iii_cpp_snapshot_5M.so ...
Processing lib/libchromatix_wayne_imx376_sunny_cn_back_iii_cpp_snapshot_5M_hht.so ...
Processing lib/libchromatix_wayne_imx376_sunny_cn_back_iii_cpp_snapshot_bokeh.so ...
Processing lib/libchromatix_wayne_imx376_sunny_cn_back_iii_cpp_snapshot_downscale.so ...
Processing lib/libchromatix_wayne_imx376_sunny_cn_back_iii_cpp_snapshot_hht.so ...
Processing lib/libchromatix_wayne_imx376_sunny_cn_back_iii_cpp_snapshot_upscale.so ...
Processing lib/libchromatix_wayne_imx376_sunny_cn_back_iii_cpp_video.so ...
Processing lib/libchromatix_wayne_imx376_sunny_cn_back_iii_cpp_video_default.so ...
Processing lib/libchromatix_wayne_imx376_sunny_cn_back_iii_cpp_video_weixin.so ...
Processing lib/libchromatix_wayne_imx376_sunny_cn_back_iii_default_preview_3a.so ...
Processing lib/libchromatix_wayne_imx376_sunny_cn_back_iii_default_video_3a.so ...
Processing lib/libchromatix_wayne_imx376_sunny_cn_back_iii_flash_preview_3a.so ...
Processing lib/libchromatix_wayne_imx376_sunny_cn_back_iii_flash_video_3a.so ...
Processing lib/libchromatix_wayne_imx376_sunny_cn_back_iii_fullsize_preview_3a.so ...
Processing lib/libchromatix_wayne_imx376_sunny_cn_back_iii_fullsize_video_3a.so ...
Processing lib/libchromatix_wayne_imx376_sunny_cn_back_iii_hfr_120.so ...
Processing lib/libchromatix_wayne_imx376_sunny_cn_back_iii_hfr_120_3a.so ...
Processing lib/libchromatix_wayne_imx376_sunny_cn_back_iii_postproc.so ...
Processing lib/libchromatix_wayne_imx376_sunny_cn_back_iii_preview.so ...
Processing lib/libchromatix_wayne_imx376_sunny_cn_back_iii_snapshot.so ...
Processing lib/libchromatix_wayne_imx376_sunny_cn_back_iii_video_default.so ...
Processing lib/libchromatix_wayne_imx376_sunny_cn_back_iii_video_weixin.so ...
Processing lib/libchromatix_wayne_imx376_sunny_cn_back_iii_weixin_video_3a.so ...
Processing lib/libchromatix_wayne_imx376_sunny_cn_front_i_common.so ...
Processing lib/libchromatix_wayne_imx376_sunny_cn_front_i_cpp_liveshot.so ...
Processing lib/libchromatix_wayne_imx376_sunny_cn_front_i_cpp_preview.so ...
Processing lib/libchromatix_wayne_imx376_sunny_cn_front_i_cpp_snapshot.so ...
Processing lib/libchromatix_wayne_imx376_sunny_cn_front_i_cpp_snapshot_5M.so ...
Processing lib/libchromatix_wayne_imx376_sunny_cn_front_i_cpp_snapshot_5M_hht.so ...
Processing lib/libchromatix_wayne_imx376_sunny_cn_front_i_cpp_snapshot_downscale.so ...
Processing lib/libchromatix_wayne_imx376_sunny_cn_front_i_cpp_snapshot_hdr.so ...
Processing lib/libchromatix_wayne_imx376_sunny_cn_front_i_cpp_snapshot_hht.so ...
Processing lib/libchromatix_wayne_imx376_sunny_cn_front_i_cpp_snapshot_upscale.so ...
Processing lib/libchromatix_wayne_imx376_sunny_cn_front_i_cpp_video.so ...
Processing lib/libchromatix_wayne_imx376_sunny_cn_front_i_cpp_video_default.so ...
Processing lib/libchromatix_wayne_imx376_sunny_cn_front_i_cpp_video_face.so ...
Processing lib/libchromatix_wayne_imx376_sunny_cn_front_i_cpp_video_weixin.so ...
Processing lib/libchromatix_wayne_imx376_sunny_cn_front_i_default_preview_3a.so ...
Processing lib/libchromatix_wayne_imx376_sunny_cn_front_i_default_video_3a.so ...
Processing lib/libchromatix_wayne_imx376_sunny_cn_front_i_face_video_3a.so ...
Processing lib/libchromatix_wayne_imx376_sunny_cn_front_i_flash_cpp_liveshot.so ...
Processing lib/libchromatix_wayne_imx376_sunny_cn_front_i_flash_cpp_preview.so ...
Processing lib/libchromatix_wayne_imx376_sunny_cn_front_i_flash_cpp_snapshot.so ...
Processing lib/libchromatix_wayne_imx376_sunny_cn_front_i_flash_cpp_video.so ...
Processing lib/libchromatix_wayne_imx376_sunny_cn_front_i_flash_preview.so ...
Processing lib/libchromatix_wayne_imx376_sunny_cn_front_i_flash_preview_3a.so ...
Processing lib/libchromatix_wayne_imx376_sunny_cn_front_i_flash_snapshot.so ...
Processing lib/libchromatix_wayne_imx376_sunny_cn_front_i_flash_video.so ...
Processing lib/libchromatix_wayne_imx376_sunny_cn_front_i_flash_video_3a.so ...
Processing lib/libchromatix_wayne_imx376_sunny_cn_front_i_fullsize_preview_3a.so ...
Processing lib/libchromatix_wayne_imx376_sunny_cn_front_i_fullsize_video_3a.so ...
Processing lib/libchromatix_wayne_imx376_sunny_cn_front_i_postproc.so ...
Processing lib/libchromatix_wayne_imx376_sunny_cn_front_i_preview.so ...
Processing lib/libchromatix_wayne_imx376_sunny_cn_front_i_snapshot.so ...
Processing lib/libchromatix_wayne_imx376_sunny_cn_front_i_snapshot_hdr.so ...
Processing lib/libchromatix_wayne_imx376_sunny_cn_front_i_video_default.so ...
Processing lib/libchromatix_wayne_imx376_sunny_cn_front_i_video_face.so ...
Processing lib/libchromatix_wayne_imx376_sunny_cn_front_i_video_weixin.so ...
Processing lib/libchromatix_wayne_imx376_sunny_cn_front_i_weixin_video_3a.so ...
Processing lib/libchromatix_wayne_imx376_sunny_india_back_i_bokeh_preview.so ...
Processing lib/libchromatix_wayne_imx376_sunny_india_back_i_bokeh_preview_3a.so ...
Processing lib/libchromatix_wayne_imx376_sunny_india_back_i_common.so ...
Processing lib/libchromatix_wayne_imx376_sunny_india_back_i_cpp_liveshot.so ...
Processing lib/libchromatix_wayne_imx376_sunny_india_back_i_cpp_preview.so ...
Processing lib/libchromatix_wayne_imx376_sunny_india_back_i_cpp_snapshot.so ...
Processing lib/libchromatix_wayne_imx376_sunny_india_back_i_cpp_snapshot_5M.so ...
Processing lib/libchromatix_wayne_imx376_sunny_india_back_i_cpp_snapshot_5M_hht.so ...
Processing lib/libchromatix_wayne_imx376_sunny_india_back_i_cpp_snapshot_bokeh.so ...
Processing lib/libchromatix_wayne_imx376_sunny_india_back_i_cpp_snapshot_downscale.so ...
Processing lib/libchromatix_wayne_imx376_sunny_india_back_i_cpp_snapshot_hht.so ...
Processing lib/libchromatix_wayne_imx376_sunny_india_back_i_cpp_snapshot_upscale.so ...
Processing lib/libchromatix_wayne_imx376_sunny_india_back_i_cpp_video.so ...
Processing lib/libchromatix_wayne_imx376_sunny_india_back_i_cpp_video_default.so ...
Processing lib/libchromatix_wayne_imx376_sunny_india_back_i_cpp_video_weixin.so ...
Processing lib/libchromatix_wayne_imx376_sunny_india_back_i_default_preview_3a.so ...
Processing lib/libchromatix_wayne_imx376_sunny_india_back_i_default_video_3a.so ...
Processing lib/libchromatix_wayne_imx376_sunny_india_back_i_flash_preview_3a.so ...
Processing lib/libchromatix_wayne_imx376_sunny_india_back_i_flash_video_3a.so ...
Processing lib/libchromatix_wayne_imx376_sunny_india_back_i_fullsize_preview_3a.so ...
Processing lib/libchromatix_wayne_imx376_sunny_india_back_i_fullsize_video_3a.so ...
Processing lib/libchromatix_wayne_imx376_sunny_india_back_i_postproc.so ...
Processing lib/libchromatix_wayne_imx376_sunny_india_back_i_preview.so ...
Processing lib/libchromatix_wayne_imx376_sunny_india_back_i_snapshot.so ...
Processing lib/libchromatix_wayne_imx376_sunny_india_back_i_video_default.so ...
Processing lib/libchromatix_wayne_imx376_sunny_india_back_i_video_weixin.so ...
Processing lib/libchromatix_wayne_imx376_sunny_india_back_i_weixin_video_3a.so ...
Processing lib/libchromatix_wayne_imx376_sunny_india_back_iii_bokeh_preview.so ...
Processing lib/libchromatix_wayne_imx376_sunny_india_back_iii_bokeh_preview_3a.so ...
Processing lib/libchromatix_wayne_imx376_sunny_india_back_iii_common.so ...
Processing lib/libchromatix_wayne_imx376_sunny_india_back_iii_cpp_liveshot.so ...
Processing lib/libchromatix_wayne_imx376_sunny_india_back_iii_cpp_preview.so ...
Processing lib/libchromatix_wayne_imx376_sunny_india_back_iii_cpp_snapshot.so ...
Processing lib/libchromatix_wayne_imx376_sunny_india_back_iii_cpp_snapshot_5M.so ...
Processing lib/libchromatix_wayne_imx376_sunny_india_back_iii_cpp_snapshot_5M_hht.so ...
Processing lib/libchromatix_wayne_imx376_sunny_india_back_iii_cpp_snapshot_bokeh.so ...
Processing lib/libchromatix_wayne_imx376_sunny_india_back_iii_cpp_snapshot_downscale.so ...
Processing lib/libchromatix_wayne_imx376_sunny_india_back_iii_cpp_snapshot_hht.so ...
Processing lib/libchromatix_wayne_imx376_sunny_india_back_iii_cpp_snapshot_upscale.so ...
Processing lib/libchromatix_wayne_imx376_sunny_india_back_iii_cpp_video.so ...
Processing lib/libchromatix_wayne_imx376_sunny_india_back_iii_cpp_video_default.so ...
Processing lib/libchromatix_wayne_imx376_sunny_india_back_iii_cpp_video_weixin.so ...
Processing lib/libchromatix_wayne_imx376_sunny_india_back_iii_default_preview_3a.so ...
Processing lib/libchromatix_wayne_imx376_sunny_india_back_iii_default_video_3a.so ...
Processing lib/libchromatix_wayne_imx376_sunny_india_back_iii_flash_preview_3a.so ...
Processing lib/libchromatix_wayne_imx376_sunny_india_back_iii_flash_video_3a.so ...
Processing lib/libchromatix_wayne_imx376_sunny_india_back_iii_fullsize_preview_3a.so ...
Processing lib/libchromatix_wayne_imx376_sunny_india_back_iii_fullsize_video_3a.so ...
Processing lib/libchromatix_wayne_imx376_sunny_india_back_iii_postproc.so ...
Processing lib/libchromatix_wayne_imx376_sunny_india_back_iii_preview.so ...
Processing lib/libchromatix_wayne_imx376_sunny_india_back_iii_snapshot.so ...
Processing lib/libchromatix_wayne_imx376_sunny_india_back_iii_video_default.so ...
Processing lib/libchromatix_wayne_imx376_sunny_india_back_iii_video_weixin.so ...
Processing lib/libchromatix_wayne_imx376_sunny_india_back_iii_weixin_video_3a.so ...
Processing lib/libchromatix_wayne_imx376_sunny_india_front_i_common.so ...
Processing lib/libchromatix_wayne_imx376_sunny_india_front_i_cpp_liveshot.so ...
Processing lib/libchromatix_wayne_imx376_sunny_india_front_i_cpp_preview.so ...
Processing lib/libchromatix_wayne_imx376_sunny_india_front_i_cpp_snapshot.so ...
Processing lib/libchromatix_wayne_imx376_sunny_india_front_i_cpp_snapshot_5M.so ...
Processing lib/libchromatix_wayne_imx376_sunny_india_front_i_cpp_snapshot_5M_hht.so ...
Processing lib/libchromatix_wayne_imx376_sunny_india_front_i_cpp_snapshot_downscale.so ...
Processing lib/libchromatix_wayne_imx376_sunny_india_front_i_cpp_snapshot_hdr.so ...
Processing lib/libchromatix_wayne_imx376_sunny_india_front_i_cpp_snapshot_hht.so ...
Processing lib/libchromatix_wayne_imx376_sunny_india_front_i_cpp_snapshot_upscale.so ...
Processing lib/libchromatix_wayne_imx376_sunny_india_front_i_cpp_video.so ...
Processing lib/libchromatix_wayne_imx376_sunny_india_front_i_cpp_video_default.so ...
Processing lib/libchromatix_wayne_imx376_sunny_india_front_i_cpp_video_face.so ...
Processing lib/libchromatix_wayne_imx376_sunny_india_front_i_cpp_video_weixin.so ...
Processing lib/libchromatix_wayne_imx376_sunny_india_front_i_default_preview_3a.so ...
Processing lib/libchromatix_wayne_imx376_sunny_india_front_i_default_video_3a.so ...
Processing lib/libchromatix_wayne_imx376_sunny_india_front_i_face_video_3a.so ...
Processing lib/libchromatix_wayne_imx376_sunny_india_front_i_flash_cpp_liveshot.so ...
Processing lib/libchromatix_wayne_imx376_sunny_india_front_i_flash_cpp_preview.so ...
Processing lib/libchromatix_wayne_imx376_sunny_india_front_i_flash_cpp_snapshot.so ...
Processing lib/libchromatix_wayne_imx376_sunny_india_front_i_flash_cpp_video.so ...
Processing lib/libchromatix_wayne_imx376_sunny_india_front_i_flash_preview.so ...
Processing lib/libchromatix_wayne_imx376_sunny_india_front_i_flash_preview_3a.so ...
Processing lib/libchromatix_wayne_imx376_sunny_india_front_i_flash_snapshot.so ...
Processing lib/libchromatix_wayne_imx376_sunny_india_front_i_flash_video.so ...
Processing lib/libchromatix_wayne_imx376_sunny_india_front_i_flash_video_3a.so ...
Processing lib/libchromatix_wayne_imx376_sunny_india_front_i_fullsize_preview_3a.so ...
Processing lib/libchromatix_wayne_imx376_sunny_india_front_i_fullsize_video_3a.so ...
Processing lib/libchromatix_wayne_imx376_sunny_india_front_i_postproc.so ...
Processing lib/libchromatix_wayne_imx376_sunny_india_front_i_preview.so ...
Processing lib/libchromatix_wayne_imx376_sunny_india_front_i_snapshot.so ...
Processing lib/libchromatix_wayne_imx376_sunny_india_front_i_snapshot_hdr.so ...
Processing lib/libchromatix_wayne_imx376_sunny_india_front_i_video_default.so ...
Processing lib/libchromatix_wayne_imx376_sunny_india_front_i_video_face.so ...
Processing lib/libchromatix_wayne_imx376_sunny_india_front_i_video_weixin.so ...
Processing lib/libchromatix_wayne_imx376_sunny_india_front_i_weixin_video_3a.so ...
Processing lib/libchromatix_wayne_imx486_ofilm_cn_ii_4k_preview_3a.so ...
Processing lib/libchromatix_wayne_imx486_ofilm_cn_ii_4k_video_3a.so ...
Processing lib/libchromatix_wayne_imx486_ofilm_cn_ii_bokeh_preview.so ...
Processing lib/libchromatix_wayne_imx486_ofilm_cn_ii_bokeh_preview_3a.so ...
Processing lib/libchromatix_wayne_imx486_ofilm_cn_ii_common.so ...
Processing lib/libchromatix_wayne_imx486_ofilm_cn_ii_cpp_hfr_120.so ...
Processing lib/libchromatix_wayne_imx486_ofilm_cn_ii_cpp_hfr_60.so ...
Processing lib/libchromatix_wayne_imx486_ofilm_cn_ii_cpp_hfr_90.so ...
Processing lib/libchromatix_wayne_imx486_ofilm_cn_ii_cpp_liveshot.so ...
Processing lib/libchromatix_wayne_imx486_ofilm_cn_ii_cpp_preview.so ...
Processing lib/libchromatix_wayne_imx486_ofilm_cn_ii_cpp_snapshot.so ...
Processing lib/libchromatix_wayne_imx486_ofilm_cn_ii_cpp_snapshot_bokeh.so ...
Processing lib/libchromatix_wayne_imx486_ofilm_cn_ii_cpp_snapshot_hdr.so ...
Processing lib/libchromatix_wayne_imx486_ofilm_cn_ii_cpp_snapshot_hht.so ...
Processing lib/libchromatix_wayne_imx486_ofilm_cn_ii_cpp_video.so ...
Processing lib/libchromatix_wayne_imx486_ofilm_cn_ii_cpp_video_4k.so ...
Processing lib/libchromatix_wayne_imx486_ofilm_cn_ii_cpp_video_weixin.so ...
Processing lib/libchromatix_wayne_imx486_ofilm_cn_ii_default_preview_3a.so ...
Processing lib/libchromatix_wayne_imx486_ofilm_cn_ii_default_video_3a.so ...
Processing lib/libchromatix_wayne_imx486_ofilm_cn_ii_hfr_120.so ...
Processing lib/libchromatix_wayne_imx486_ofilm_cn_ii_hfr_120_3a.so ...
Processing lib/libchromatix_wayne_imx486_ofilm_cn_ii_hfr_60.so ...
Processing lib/libchromatix_wayne_imx486_ofilm_cn_ii_hfr_60_3a.so ...
Processing lib/libchromatix_wayne_imx486_ofilm_cn_ii_hfr_90.so ...
Processing lib/libchromatix_wayne_imx486_ofilm_cn_ii_hfr_90_3a.so ...
Processing lib/libchromatix_wayne_imx486_ofilm_cn_ii_pano_preview_3a.so ...
Processing lib/libchromatix_wayne_imx486_ofilm_cn_ii_postproc.so ...
Processing lib/libchromatix_wayne_imx486_ofilm_cn_ii_preview.so ...
Processing lib/libchromatix_wayne_imx486_ofilm_cn_ii_snapshot.so ...
Processing lib/libchromatix_wayne_imx486_ofilm_cn_ii_snapshot_hdr.so ...
Processing lib/libchromatix_wayne_imx486_ofilm_cn_ii_video.so ...
Processing lib/libchromatix_wayne_imx486_ofilm_cn_ii_video_4k.so ...
Processing lib/libchromatix_wayne_imx486_ofilm_cn_ii_video_weixin.so ...
Processing lib/libchromatix_wayne_imx486_ofilm_cn_ii_weixin_video_3a.so ...
Processing lib/libchromatix_wayne_imx486_ofilm_cn_ii_zsl_preview_3a.so ...
Processing lib/libchromatix_wayne_imx486_ofilm_cn_ii_zsl_video_3a.so ...
Processing lib/libchromatix_wayne_imx486_ofilm_india_ii_4k_preview_3a.so ...
Processing lib/libchromatix_wayne_imx486_ofilm_india_ii_4k_video_3a.so ...
Processing lib/libchromatix_wayne_imx486_ofilm_india_ii_bokeh_preview.so ...
Processing lib/libchromatix_wayne_imx486_ofilm_india_ii_bokeh_preview_3a.so ...
Processing lib/libchromatix_wayne_imx486_ofilm_india_ii_common.so ...
Processing lib/libchromatix_wayne_imx486_ofilm_india_ii_cpp_hfr_120.so ...
Processing lib/libchromatix_wayne_imx486_ofilm_india_ii_cpp_hfr_60.so ...
Processing lib/libchromatix_wayne_imx486_ofilm_india_ii_cpp_hfr_90.so ...
Processing lib/libchromatix_wayne_imx486_ofilm_india_ii_cpp_liveshot.so ...
Processing lib/libchromatix_wayne_imx486_ofilm_india_ii_cpp_preview.so ...
Processing lib/libchromatix_wayne_imx486_ofilm_india_ii_cpp_snapshot.so ...
Processing lib/libchromatix_wayne_imx486_ofilm_india_ii_cpp_snapshot_bokeh.so ...
Processing lib/libchromatix_wayne_imx486_ofilm_india_ii_cpp_snapshot_hdr.so ...
Processing lib/libchromatix_wayne_imx486_ofilm_india_ii_cpp_snapshot_hht.so ...
Processing lib/libchromatix_wayne_imx486_ofilm_india_ii_cpp_video.so ...
Processing lib/libchromatix_wayne_imx486_ofilm_india_ii_cpp_video_4k.so ...
Processing lib/libchromatix_wayne_imx486_ofilm_india_ii_cpp_video_weixin.so ...
Processing lib/libchromatix_wayne_imx486_ofilm_india_ii_default_preview_3a.so ...
Processing lib/libchromatix_wayne_imx486_ofilm_india_ii_default_video_3a.so ...
Processing lib/libchromatix_wayne_imx486_ofilm_india_ii_hfr_120.so ...
Processing lib/libchromatix_wayne_imx486_ofilm_india_ii_hfr_120_3a.so ...
Processing lib/libchromatix_wayne_imx486_ofilm_india_ii_hfr_60.so ...
Processing lib/libchromatix_wayne_imx486_ofilm_india_ii_hfr_60_3a.so ...
Processing lib/libchromatix_wayne_imx486_ofilm_india_ii_hfr_90.so ...
Processing lib/libchromatix_wayne_imx486_ofilm_india_ii_hfr_90_3a.so ...
Processing lib/libchromatix_wayne_imx486_ofilm_india_ii_pano_preview_3a.so ...
Processing lib/libchromatix_wayne_imx486_ofilm_india_ii_postproc.so ...
Processing lib/libchromatix_wayne_imx486_ofilm_india_ii_preview.so ...
Processing lib/libchromatix_wayne_imx486_ofilm_india_ii_snapshot.so ...
Processing lib/libchromatix_wayne_imx486_ofilm_india_ii_snapshot_hdr.so ...
Processing lib/libchromatix_wayne_imx486_ofilm_india_ii_video.so ...
Processing lib/libchromatix_wayne_imx486_ofilm_india_ii_video_4k.so ...
Processing lib/libchromatix_wayne_imx486_ofilm_india_ii_video_weixin.so ...
Processing lib/libchromatix_wayne_imx486_ofilm_india_ii_weixin_video_3a.so ...
Processing lib/libchromatix_wayne_imx486_ofilm_india_ii_zsl_preview_3a.so ...
Processing lib/libchromatix_wayne_imx486_ofilm_india_ii_zsl_video_3a.so ...
Processing lib/libchromatix_wayne_imx486_sunny_cn_i_4k_preview_3a.so ...
Processing lib/libchromatix_wayne_imx486_sunny_cn_i_4k_video_3a.so ...
Processing lib/libchromatix_wayne_imx486_sunny_cn_i_bokeh_preview.so ...
Processing lib/libchromatix_wayne_imx486_sunny_cn_i_bokeh_preview_3a.so ...
Processing lib/libchromatix_wayne_imx486_sunny_cn_i_common.so ...
Processing lib/libchromatix_wayne_imx486_sunny_cn_i_cpp_hfr_120.so ...
Processing lib/libchromatix_wayne_imx486_sunny_cn_i_cpp_hfr_60.so ...
Processing lib/libchromatix_wayne_imx486_sunny_cn_i_cpp_hfr_90.so ...
Processing lib/libchromatix_wayne_imx486_sunny_cn_i_cpp_liveshot.so ...
Processing lib/libchromatix_wayne_imx486_sunny_cn_i_cpp_preview.so ...
Processing lib/libchromatix_wayne_imx486_sunny_cn_i_cpp_snapshot.so ...
Processing lib/libchromatix_wayne_imx486_sunny_cn_i_cpp_snapshot_bokeh.so ...
Processing lib/libchromatix_wayne_imx486_sunny_cn_i_cpp_snapshot_hdr.so ...
Processing lib/libchromatix_wayne_imx486_sunny_cn_i_cpp_snapshot_hht.so ...
Processing lib/libchromatix_wayne_imx486_sunny_cn_i_cpp_video.so ...
Processing lib/libchromatix_wayne_imx486_sunny_cn_i_cpp_video_4k.so ...
Processing lib/libchromatix_wayne_imx486_sunny_cn_i_cpp_video_weixin.so ...
Processing lib/libchromatix_wayne_imx486_sunny_cn_i_default_preview_3a.so ...
Processing lib/libchromatix_wayne_imx486_sunny_cn_i_default_video_3a.so ...
Processing lib/libchromatix_wayne_imx486_sunny_cn_i_hfr_120.so ...
Processing lib/libchromatix_wayne_imx486_sunny_cn_i_hfr_120_3a.so ...
Processing lib/libchromatix_wayne_imx486_sunny_cn_i_hfr_60.so ...
Processing lib/libchromatix_wayne_imx486_sunny_cn_i_hfr_60_3a.so ...
Processing lib/libchromatix_wayne_imx486_sunny_cn_i_hfr_90.so ...
Processing lib/libchromatix_wayne_imx486_sunny_cn_i_hfr_90_3a.so ...
Processing lib/libchromatix_wayne_imx486_sunny_cn_i_pano_preview_3a.so ...
Processing lib/libchromatix_wayne_imx486_sunny_cn_i_postproc.so ...
Processing lib/libchromatix_wayne_imx486_sunny_cn_i_preview.so ...
Processing lib/libchromatix_wayne_imx486_sunny_cn_i_snapshot.so ...
Processing lib/libchromatix_wayne_imx486_sunny_cn_i_snapshot_hdr.so ...
Processing lib/libchromatix_wayne_imx486_sunny_cn_i_video.so ...
Processing lib/libchromatix_wayne_imx486_sunny_cn_i_video_4k.so ...
Processing lib/libchromatix_wayne_imx486_sunny_cn_i_video_weixin.so ...
Processing lib/libchromatix_wayne_imx486_sunny_cn_i_weixin_video_3a.so ...
Processing lib/libchromatix_wayne_imx486_sunny_cn_i_zsl_preview_3a.so ...
Processing lib/libchromatix_wayne_imx486_sunny_cn_i_zsl_video_3a.so ...
Processing lib/libchromatix_wayne_imx486_sunny_cn_iii_4k_preview_3a.so ...
Processing lib/libchromatix_wayne_imx486_sunny_cn_iii_4k_video_3a.so ...
Processing lib/libchromatix_wayne_imx486_sunny_cn_iii_bokeh_preview.so ...
Processing lib/libchromatix_wayne_imx486_sunny_cn_iii_bokeh_preview_3a.so ...
Processing lib/libchromatix_wayne_imx486_sunny_cn_iii_common.so ...
Processing lib/libchromatix_wayne_imx486_sunny_cn_iii_cpp_hfr_120.so ...
Processing lib/libchromatix_wayne_imx486_sunny_cn_iii_cpp_hfr_60.so ...
Processing lib/libchromatix_wayne_imx486_sunny_cn_iii_cpp_hfr_90.so ...
Processing lib/libchromatix_wayne_imx486_sunny_cn_iii_cpp_liveshot.so ...
Processing lib/libchromatix_wayne_imx486_sunny_cn_iii_cpp_preview.so ...
Processing lib/libchromatix_wayne_imx486_sunny_cn_iii_cpp_snapshot.so ...
Processing lib/libchromatix_wayne_imx486_sunny_cn_iii_cpp_snapshot_bokeh.so ...
Processing lib/libchromatix_wayne_imx486_sunny_cn_iii_cpp_snapshot_hdr.so ...
Processing lib/libchromatix_wayne_imx486_sunny_cn_iii_cpp_snapshot_hht.so ...
Processing lib/libchromatix_wayne_imx486_sunny_cn_iii_cpp_video.so ...
Processing lib/libchromatix_wayne_imx486_sunny_cn_iii_cpp_video_4k.so ...
Processing lib/libchromatix_wayne_imx486_sunny_cn_iii_cpp_video_weixin.so ...
Processing lib/libchromatix_wayne_imx486_sunny_cn_iii_default_preview_3a.so ...
Processing lib/libchromatix_wayne_imx486_sunny_cn_iii_default_video_3a.so ...
Processing lib/libchromatix_wayne_imx486_sunny_cn_iii_hfr_120.so ...
Processing lib/libchromatix_wayne_imx486_sunny_cn_iii_hfr_120_3a.so ...
Processing lib/libchromatix_wayne_imx486_sunny_cn_iii_hfr_60.so ...
Processing lib/libchromatix_wayne_imx486_sunny_cn_iii_hfr_60_3a.so ...
Processing lib/libchromatix_wayne_imx486_sunny_cn_iii_hfr_90.so ...
Processing lib/libchromatix_wayne_imx486_sunny_cn_iii_hfr_90_3a.so ...
Processing lib/libchromatix_wayne_imx486_sunny_cn_iii_pano_preview_3a.so ...
Processing lib/libchromatix_wayne_imx486_sunny_cn_iii_postproc.so ...
Processing lib/libchromatix_wayne_imx486_sunny_cn_iii_preview.so ...
Processing lib/libchromatix_wayne_imx486_sunny_cn_iii_snapshot.so ...
Processing lib/libchromatix_wayne_imx486_sunny_cn_iii_snapshot_hdr.so ...
Processing lib/libchromatix_wayne_imx486_sunny_cn_iii_video.so ...
Processing lib/libchromatix_wayne_imx486_sunny_cn_iii_video_4k.so ...
Processing lib/libchromatix_wayne_imx486_sunny_cn_iii_video_weixin.so ...
Processing lib/libchromatix_wayne_imx486_sunny_cn_iii_weixin_video_3a.so ...
Processing lib/libchromatix_wayne_imx486_sunny_cn_iii_zsl_preview_3a.so ...
Processing lib/libchromatix_wayne_imx486_sunny_cn_iii_zsl_video_3a.so ...
Processing lib/libchromatix_wayne_imx486_sunny_india_i_4k_preview_3a.so ...
Processing lib/libchromatix_wayne_imx486_sunny_india_i_4k_video_3a.so ...
Processing lib/libchromatix_wayne_imx486_sunny_india_i_bokeh_preview.so ...
Processing lib/libchromatix_wayne_imx486_sunny_india_i_bokeh_preview_3a.so ...
Processing lib/libchromatix_wayne_imx486_sunny_india_i_common.so ...
Processing lib/libchromatix_wayne_imx486_sunny_india_i_cpp_hfr_120.so ...
Processing lib/libchromatix_wayne_imx486_sunny_india_i_cpp_hfr_60.so ...
Processing lib/libchromatix_wayne_imx486_sunny_india_i_cpp_hfr_90.so ...
Processing lib/libchromatix_wayne_imx486_sunny_india_i_cpp_liveshot.so ...
Processing lib/libchromatix_wayne_imx486_sunny_india_i_cpp_preview.so ...
Processing lib/libchromatix_wayne_imx486_sunny_india_i_cpp_snapshot.so ...
Processing lib/libchromatix_wayne_imx486_sunny_india_i_cpp_snapshot_bokeh.so ...
Processing lib/libchromatix_wayne_imx486_sunny_india_i_cpp_snapshot_hdr.so ...
Processing lib/libchromatix_wayne_imx486_sunny_india_i_cpp_snapshot_hht.so ...
Processing lib/libchromatix_wayne_imx486_sunny_india_i_cpp_video.so ...
Processing lib/libchromatix_wayne_imx486_sunny_india_i_cpp_video_4k.so ...
Processing lib/libchromatix_wayne_imx486_sunny_india_i_cpp_video_weixin.so ...
Processing lib/libchromatix_wayne_imx486_sunny_india_i_default_preview_3a.so ...
Processing lib/libchromatix_wayne_imx486_sunny_india_i_default_video_3a.so ...
Processing lib/libchromatix_wayne_imx486_sunny_india_i_hfr_120.so ...
Processing lib/libchromatix_wayne_imx486_sunny_india_i_hfr_120_3a.so ...
Processing lib/libchromatix_wayne_imx486_sunny_india_i_hfr_60.so ...
Processing lib/libchromatix_wayne_imx486_sunny_india_i_hfr_60_3a.so ...
Processing lib/libchromatix_wayne_imx486_sunny_india_i_hfr_90.so ...
Processing lib/libchromatix_wayne_imx486_sunny_india_i_hfr_90_3a.so ...
Processing lib/libchromatix_wayne_imx486_sunny_india_i_pano_preview_3a.so ...
Processing lib/libchromatix_wayne_imx486_sunny_india_i_postproc.so ...
Processing lib/libchromatix_wayne_imx486_sunny_india_i_preview.so ...
Processing lib/libchromatix_wayne_imx486_sunny_india_i_snapshot.so ...
Processing lib/libchromatix_wayne_imx486_sunny_india_i_snapshot_hdr.so ...
Processing lib/libchromatix_wayne_imx486_sunny_india_i_video.so ...
Processing lib/libchromatix_wayne_imx486_sunny_india_i_video_4k.so ...
Processing lib/libchromatix_wayne_imx486_sunny_india_i_video_weixin.so ...
Processing lib/libchromatix_wayne_imx486_sunny_india_i_weixin_video_3a.so ...
Processing lib/libchromatix_wayne_imx486_sunny_india_i_zsl_preview_3a.so ...
Processing lib/libchromatix_wayne_imx486_sunny_india_i_zsl_video_3a.so ...
Processing lib/libchromatix_wayne_imx486_sunny_india_iii_4k_preview_3a.so ...
Processing lib/libchromatix_wayne_imx486_sunny_india_iii_4k_video_3a.so ...
Processing lib/libchromatix_wayne_imx486_sunny_india_iii_bokeh_preview.so ...
Processing lib/libchromatix_wayne_imx486_sunny_india_iii_bokeh_preview_3a.so ...
Processing lib/libchromatix_wayne_imx486_sunny_india_iii_common.so ...
Processing lib/libchromatix_wayne_imx486_sunny_india_iii_cpp_hfr_120.so ...
Processing lib/libchromatix_wayne_imx486_sunny_india_iii_cpp_hfr_60.so ...
Processing lib/libchromatix_wayne_imx486_sunny_india_iii_cpp_hfr_90.so ...
Processing lib/libchromatix_wayne_imx486_sunny_india_iii_cpp_liveshot.so ...
Processing lib/libchromatix_wayne_imx486_sunny_india_iii_cpp_preview.so ...
Processing lib/libchromatix_wayne_imx486_sunny_india_iii_cpp_snapshot.so ...
Processing lib/libchromatix_wayne_imx486_sunny_india_iii_cpp_snapshot_bokeh.so ...
Processing lib/libchromatix_wayne_imx486_sunny_india_iii_cpp_snapshot_hdr.so ...
Processing lib/libchromatix_wayne_imx486_sunny_india_iii_cpp_snapshot_hht.so ...
Processing lib/libchromatix_wayne_imx486_sunny_india_iii_cpp_video.so ...
Processing lib/libchromatix_wayne_imx486_sunny_india_iii_cpp_video_4k.so ...
Processing lib/libchromatix_wayne_imx486_sunny_india_iii_cpp_video_weixin.so ...
Processing lib/libchromatix_wayne_imx486_sunny_india_iii_default_preview_3a.so ...
Processing lib/libchromatix_wayne_imx486_sunny_india_iii_default_video_3a.so ...
Processing lib/libchromatix_wayne_imx486_sunny_india_iii_hfr_120.so ...
Processing lib/libchromatix_wayne_imx486_sunny_india_iii_hfr_120_3a.so ...
Processing lib/libchromatix_wayne_imx486_sunny_india_iii_hfr_60.so ...
Processing lib/libchromatix_wayne_imx486_sunny_india_iii_hfr_60_3a.so ...
Processing lib/libchromatix_wayne_imx486_sunny_india_iii_hfr_90.so ...
Processing lib/libchromatix_wayne_imx486_sunny_india_iii_hfr_90_3a.so ...
Processing lib/libchromatix_wayne_imx486_sunny_india_iii_pano_preview_3a.so ...
Processing lib/libchromatix_wayne_imx486_sunny_india_iii_postproc.so ...
Processing lib/libchromatix_wayne_imx486_sunny_india_iii_preview.so ...
Processing lib/libchromatix_wayne_imx486_sunny_india_iii_snapshot.so ...
Processing lib/libchromatix_wayne_imx486_sunny_india_iii_snapshot_hdr.so ...
Processing lib/libchromatix_wayne_imx486_sunny_india_iii_video.so ...
Processing lib/libchromatix_wayne_imx486_sunny_india_iii_video_4k.so ...
Processing lib/libchromatix_wayne_imx486_sunny_india_iii_video_weixin.so ...
Processing lib/libchromatix_wayne_imx486_sunny_india_iii_weixin_video_3a.so ...
Processing lib/libchromatix_wayne_imx486_sunny_india_iii_zsl_preview_3a.so ...
Processing lib/libchromatix_wayne_imx486_sunny_india_iii_zsl_video_3a.so ...
Processing lib/libcld80211.so ...
Processing lib/libcrypto.so ...
Processing lib/libcrypto_shim.so ...
Processing lib/libcrypto_utils.so ...
Processing lib/libcutils.so ...
Processing lib/libdepthmapwrapper.so ...
Processing lib/libdiag.so ...
Processing lib/libdisplayconfig.qti.so ...
Processing lib/libdng_sdk.so ...
Processing lib/libdrm.so ...
Processing lib/libdrmutils.so ...
Processing lib/libdsd2pcm.so ...
Processing lib/libdsutils.so ...
Processing lib/libeffects.so ...
Processing lib/libeffectsconfig.so ...
Processing lib/libexif.so ...
Processing lib/libexpat.so ...
Processing lib/libfastcvopt.so ...
Processing lib/libflash_pmic.so ...
Processing lib/libflatbuffers-cpp.so ...
Processing lib/libfmq.so ...
Processing lib/libgcs-calwrapper.so ...
Processing lib/libgcs-ipc.so ...
Processing lib/libgcs-osal.so ...
Processing lib/libgcs.so ...
Processing lib/libgeofencing.so ...
Processing lib/libgnss.so ...
Processing lib/libgps.utils.so ...
Processing lib/libgpu_tonemapper.so ...
Processing lib/libgpudataproducer.so ...
Processing lib/libgralloc.qti.so ...
Processing lib/libgralloccore.so ...
Processing lib/libgralloctypes.so ...
Processing lib/libgrallocutils.so ...
Processing lib/libgsl.so ...
Processing lib/libhal_dbg.so ...
Processing lib/libhardware.so ...
Processing lib/libhardware_legacy.so ...
Processing lib/libhdmiedid.so ...
Processing lib/libhdr_tm.so ...
Processing lib/libhfp.so ...
Processing lib/libhidlbase.so ...
Processing lib/libhidlmemory.so ...
Processing lib/libhidltransport.so ...
Processing lib/libhwbinder.so ...
Processing lib/libhypv_intercept.so ...
Processing lib/libidl.so ...
Processing lib/libion.so ...
Processing lib/libjpeg.so ...
Processing lib/libjpegdhw.so ...
Processing lib/libjpegdmahw.so ...
Processing lib/libjpegehw.so ...
Processing lib/libjson.so ...
Processing lib/libjsoncpp.so ...
Processing lib/libkeymasterdeviceutils.so ...
Processing lib/libkeymasterprovision.so ...
Processing lib/libkeymasterutils.so ...
Processing lib/libkeystore-engine-wifi-hidl.so ...
Processing lib/libkeystore-wifi-hidl.so ...
Processing lib/liblistensoundmodel2.so ...
Processing lib/libllvm-glnext.so ...
Processing lib/libllvm-qcom.so ...
Processing lib/libloc_core.so ...
Processing lib/liblocation_api.so ...
Processing lib/liblz4.so ...
Processing lib/liblzma.so ...
Processing lib/libmdmdetect.so ...
Processing lib/libmdsprpc.so ...
Processing lib/libmedia_helper.so ...
Processing lib/libmedia_omx.so ...
Processing lib/libmediautils_vendor.so ...
Processing lib/libmemunreachable.so ...
Processing lib/libmfpostdummy_daemon.so ...
Processing lib/libmfproc_dummy_daemon.so ...
Processing lib/libminijail.so ...
Processing lib/libminkdescriptor.so ...
Processing lib/libmm-color-convertor.so ...
Processing lib/libmm-omxcore.so ...
Processing lib/libmmcamera2_c2d_module.so ...
Processing lib/libmmcamera2_cpp_module.so ...
Processing lib/libmmcamera2_frame_algorithm.so ...
Processing lib/libmmcamera2_iface_modules.so ...
Processing lib/libmmcamera2_imglib_modules.so ...
Processing lib/libmmcamera2_is.so ...
Processing lib/libmmcamera2_isp_modules.so ...
Processing lib/libmmcamera2_mct.so ...
Processing lib/libmmcamera2_mct_shimlayer.so ...
Processing lib/libmmcamera2_pp_buf_mgr.so ...
Processing lib/libmmcamera2_pproc_modules.so ...
Processing lib/libmmcamera2_q3a_core.so ...
Processing lib/libmmcamera2_sensor_modules.so ...
Processing lib/libmmcamera2_stats_algorithm.so ...
Processing lib/libmmcamera2_stats_lib.so ...
Processing lib/libmmcamera2_stats_modules.so ...
Processing lib/libmmcamera_bokeh.so ...
Processing lib/libmmcamera_bp_svhdr.so ...
Processing lib/libmmcamera_dbg.so ...
Processing lib/libmmcamera_depth_map.so ...
Processing lib/libmmcamera_eebinparse.so ...
Processing lib/libmmcamera_eeprom_util.so ...
Processing lib/libmmcamera_eztune_module.so ...
Processing lib/libmmcamera_facedetection_lib.so ...
Processing lib/libmmcamera_faceproc2.so ...
Processing lib/libmmcamera_hdr_gb_lib.so ...
Processing lib/libmmcamera_imglib.so ...
Processing lib/libmmcamera_imglib_faceproc_adspstub.so ...
Processing lib/libmmcamera_imglib_faceproc_adspstub2.so ...
Processing lib/libmmcamera_interface.so ...
Processing lib/libmmcamera_isp_abf48.so ...
Processing lib/libmmcamera_isp_aec_bg_stats47.so ...
Processing lib/libmmcamera_isp_bf_stats47.so ...
Processing lib/libmmcamera_isp_bg_stats46.so ...
Processing lib/libmmcamera_isp_bhist_stats44.so ...
Processing lib/libmmcamera_isp_black_level48.so ...
Processing lib/libmmcamera_isp_bpc48.so ...
Processing lib/libmmcamera_isp_cac47.so ...
Processing lib/libmmcamera_isp_chroma_enhan40.so ...
Processing lib/libmmcamera_isp_chroma_suppress40.so ...
Processing lib/libmmcamera_isp_clamp_encoder40.so ...
Processing lib/libmmcamera_isp_clamp_video40.so ...
Processing lib/libmmcamera_isp_clamp_viewfinder40.so ...
Processing lib/libmmcamera_isp_color_correct46.so ...
Processing lib/libmmcamera_isp_color_xform_encoder46.so ...
Processing lib/libmmcamera_isp_color_xform_video46.so ...
Processing lib/libmmcamera_isp_color_xform_viewfinder46.so ...
Processing lib/libmmcamera_isp_cs_stats46.so ...
Processing lib/libmmcamera_isp_demosaic48.so ...
Processing lib/libmmcamera_isp_demux48.so ...
Processing lib/libmmcamera_isp_fovcrop_encoder46.so ...
Processing lib/libmmcamera_isp_fovcrop_video46.so ...
Processing lib/libmmcamera_isp_fovcrop_viewfinder46.so ...
Processing lib/libmmcamera_isp_gamma44.so ...
Processing lib/libmmcamera_isp_gic48.so ...
Processing lib/libmmcamera_isp_gtm46.so ...
Processing lib/libmmcamera_isp_hdr48.so ...
Processing lib/libmmcamera_isp_hdr_be_stats46.so ...
Processing lib/libmmcamera_isp_hdr_bhist_stats44.so ...
Processing lib/libmmcamera_isp_ihist_stats46.so ...
Processing lib/libmmcamera_isp_linearization40.so ...
Processing lib/libmmcamera_isp_ltm47.so ...
Processing lib/libmmcamera_isp_luma_adaptation40.so ...
Processing lib/libmmcamera_isp_mce40.so ...
Processing lib/libmmcamera_isp_mesh_rolloff44.so ...
Processing lib/libmmcamera_isp_pdaf48.so ...
Processing lib/libmmcamera_isp_pedestal_correct46.so ...
Processing lib/libmmcamera_isp_rs_stats46.so ...
Processing lib/libmmcamera_isp_scaler_encoder46.so ...
Processing lib/libmmcamera_isp_scaler_video46.so ...
Processing lib/libmmcamera_isp_scaler_viewfinder46.so ...
Processing lib/libmmcamera_isp_sce40.so ...
Processing lib/libmmcamera_isp_snr47.so ...
Processing lib/libmmcamera_isp_sub_module.so ...
Processing lib/libmmcamera_mfproc_postcpp.so ...
Processing lib/libmmcamera_mfproc_precpp.so ...
Processing lib/libmmcamera_paaf_lib.so ...
Processing lib/libmmcamera_pdaf.so ...
Processing lib/libmmcamera_pdafcamif.so ...
Processing lib/libmmcamera_ppbase_module.so ...
Processing lib/libmmcamera_ppeiscore.so ...
Processing lib/libmmcamera_quadracfa.so ...
Processing lib/libmmcamera_stillmore_lib.so ...
Processing lib/libmmcamera_sw2d_lib.so ...
Processing lib/libmmcamera_thread_services.so ...
Processing lib/libmmcamera_tintless_algo.so ...
Processing lib/libmmcamera_wayne_imx376_ofilm_back_ii.so ...
Processing lib/libmmcamera_wayne_imx376_ofilm_back_ii_eeprom.so ...
Processing lib/libmmcamera_wayne_imx376_ofilm_front_ii.so ...
Processing lib/libmmcamera_wayne_imx376_ofilm_front_ii_eeprom.so ...
Processing lib/libmmcamera_wayne_imx376_sunny_back_i.so ...
Processing lib/libmmcamera_wayne_imx376_sunny_back_i_eeprom.so ...
Processing lib/libmmcamera_wayne_imx376_sunny_back_iii.so ...
Processing lib/libmmcamera_wayne_imx376_sunny_back_iii_eeprom.so ...
Processing lib/libmmcamera_wayne_imx376_sunny_front_i.so ...
Processing lib/libmmcamera_wayne_imx376_sunny_front_i_eeprom.so ...
Processing lib/libmmcamera_wayne_imx486_ofilm_ii.so ...
Processing lib/libmmcamera_wayne_imx486_ofilm_ii_eeprom.so ...
Processing lib/libmmcamera_wayne_imx486_sunny_i.so ...
Processing lib/libmmcamera_wayne_imx486_sunny_i_eeprom.so ...
Processing lib/libmmcamera_wayne_imx486_sunny_iii.so ...
Processing lib/libmmcamera_wayne_imx486_sunny_iii_eeprom.so ...
Processing lib/libmmjpeg.so ...
Processing lib/libmmjpeg_interface.so ...
Processing lib/libmmosal.so ...
Processing lib/libmmqjpeg_codec.so ...
Processing lib/libmmqjpegdma.so ...
Processing lib/libnbaio_mono.so ...
Processing lib/libnetutils.so ...
Processing lib/libnl.so ...
Processing lib/libpasn.so ...
Processing lib/libpng.so ...
Processing lib/libpower.so ...
Processing lib/libprocessgroup.so ...
Processing lib/libprotobuf-cpp-full-21.12.so ...
Processing lib/libprotobuf-cpp-full-3.9.1.so ...
Processing lib/libprotobuf-cpp-lite-21.12.so ...
Processing lib/libprotobuf-cpp-lite-3.9.1.so ...
Processing lib/libq3dtools_adreno.so ...
Processing lib/libqcci_legacy.so ...
Processing lib/libqdMetaData.so ...
Processing lib/libqdi.so ...
Processing lib/libqdp.so ...
Processing lib/libqdutils.so ...
Processing lib/libqmi.so ...
Processing lib/libqmi_cci.so ...
Processing lib/libqmi_client_helper.so ...
Processing lib/libqmi_client_qmux.so ...
Processing lib/libqmi_common_so.so ...
Processing lib/libqmi_csi.so ...
Processing lib/libqmi_encdec.so ...
Processing lib/libqmi_legacy.so ...
Processing lib/libqmiservices.so ...
Processing lib/libqomx_core.so ...
Processing lib/libqomx_jpegdec.so ...
Processing lib/libqomx_jpegenc.so ...
Processing lib/libqomx_jpegenc_pipe.so ...
Processing lib/libqseed3.so ...
Processing lib/libqservice.so ...
Processing lib/libqti-perfd-client.so ...
Processing lib/libqti_vndfwk_detect.so ...
Processing lib/libqtigef.so ...
Processing lib/libreference-ril.so ...
Processing lib/libremosaic_daemon.so ...
Processing lib/libril.so ...
Processing lib/librilutils.so ...
Processing lib/librmnetctl.so ...
Processing lib/librs_adreno.so ...
Processing lib/libsdm-color.so ...
Processing lib/libsdm-diag.so ...
Processing lib/libsdm-disp-vndapis.so ...
Processing lib/libsdmcore.so ...
Processing lib/libsdmextension.so ...
Processing lib/libsdmutils.so ...
Processing lib/libsdsprpc.so ...
Processing lib/libseemore.so ...
Processing lib/libsensor1.so ...
Processing lib/libsensor_reg.so ...
Processing lib/libsensorndkbridge.so ...
Processing lib/libsmwrapper.so ...
Processing lib/libsndmonitor.so ...
Processing lib/libspeexresampler.so ...
Processing lib/libsqlite.so ...
Processing lib/libssl.so ...
Processing lib/libstagefright_bufferqueue_helper.so ...
Processing lib/libstagefright_foundation.so ...
Processing lib/libstagefright_omx.so ...
Processing lib/libstagefright_omx_utils.so ...
Processing lib/libstagefright_softomx.so ...
Processing lib/libstagefright_softomx_plugin.so ...
Processing lib/libstagefright_xmlparser.so ...
Processing lib/libstagefrighthw.so ...
Processing lib/libthermalclient.so ...
Processing lib/libtinyalsa.so ...
Processing lib/libtinycompress.so ...
Processing lib/libtinyxml.so ...
Processing lib/libtinyxml2.so ...
Processing lib/libtinyxml2_1.so ...
Processing lib/libui.so ...
Processing lib/libunwindstack.so ...
Processing lib/libutils.so ...
Processing lib/libutilscallstack.so ...
Processing lib/libvibratorutils.so ...
Processing lib/libvndfwk_detect_jni.qti.so ...
Processing lib/libwifi-hal-ctrl.so ...
Processing lib/libwifi-hal-qcom.so ...
Processing lib/libwifi-system-iface.so ...
Processing lib/libwpa_client.so ...
Processing lib/libxml2.so ...
Processing lib/libyuv.so ...
Processing lib/libz.so ...
Processing lib/mediacas ...
Processing lib/mediadrm ...
Processing lib/rfsa ...
Processing lib/sensors.ssc.so ...
Processing lib/server_configurable_flags.so ...
Processing lib/soundfx ...
Processing lib/vendor.display.config@2.0.so ...
Processing lib/vendor.qti.hardware.btconfigstore@1.0.so ...
Processing lib/vendor.qti.hardware.btconfigstore@2.0.so ...
Processing lib/vendor.qti.hardware.display.mapper@1.0.so ...
Processing lib/vendor.qti.hardware.display.mapper@1.1.so ...
Processing lib/vendor.qti.hardware.display.mapper@2.0.so ...
Processing lib/vendor.qti.hardware.display.mapper@3.0.so ...
Processing lib/vendor.qti.hardware.display.mapper@4.0.so ...
Processing lib/vendor.qti.hardware.display.mapperextensions@1.0.so ...
Processing lib/vendor.qti.hardware.display.mapperextensions@1.1.so ...
Processing lib/vendor.qti.hardware.dsp@1.0.so ...
Processing lib/vendor.qti.hardware.mwqemadapter@1.0.so ...
Processing lib/vendor.qti.hardware.perf@2.0.so ...
Processing lib/vendor.qti.hardware.perf@2.1.so ...
Processing lib/vendor.qti.hardware.perf@2.2.so ...
Processing lib/egl/eglSubDriverAndroid.so ...
Processing lib/egl/libEGL_adreno.so ...
Processing lib/egl/libGLESv1_CM_adreno.so ...
Processing lib/egl/libGLESv2_adreno.so ...
Processing lib/egl/libq3dtools_adreno.so ...
Processing lib/egl/libq3dtools_esx.so ...
Processing lib/hw/android.hardware.audio.effect@6.0-impl.so ...
Processing lib/hw/android.hardware.audio@6.0-impl.so ...
Processing lib/hw/android.hardware.camera.provider@2.4-impl.so ...
Processing lib/hw/android.hardware.gatekeeper@1.0-impl-qti.so ...
Processing lib/hw/android.hardware.gnss@2.1-impl-qti.so ...
Processing lib/hw/android.hardware.graphics.mapper@3.0-impl-qti-display.so ...
Processing lib/hw/android.hardware.graphics.mapper@4.0-impl-qti-display.so ...
Processing lib/hw/android.hardware.keymaster@3.0-impl-qti.so ...
Processing lib/hw/android.hardware.memtrack@1.0-impl.so ...
Processing lib/hw/android.hardware.soundtrigger@2.3-impl.so ...
Processing lib/hw/android.hidl.memory@1.0-impl.so ...
Processing lib/hw/audio.bluetooth.default.so ...
Processing lib/hw/audio.primary.default.so ...
Processing lib/hw/audio.primary.sdm660.so ...
Processing lib/hw/audio.r_submix.default.so ...
Processing lib/hw/audio.usb.default.so ...
Processing lib/hw/camera.sdm660.so ...
Processing lib/hw/gralloc.default.so ...
Processing lib/hw/gralloc.sdm660.so ...
Processing lib/hw/hwcomposer.sdm660.so ...
Processing lib/hw/local_time.default.so ...
Processing lib/hw/memtrack.sdm660.so ...
Processing lib/hw/power.default.so ...
Processing lib/hw/sound_trigger.primary.sdm660.so ...
Processing lib/hw/vibrator.default.so ...
Processing lib/hw/vulkan.adreno.so ...
Processing lib/mediacas/libclearkeycasplugin.so ...
Processing lib/mediadrm/libdrmclearkeyplugin.so ...
Processing lib/rfsa/adsp ...
Processing lib/rfsa/adsp/capi_v2_aptX_Classic.so ...
Processing lib/rfsa/adsp/capi_v2_aptX_HD.so ...
Processing lib/rfsa/adsp/dirac_resource.dar ...
Processing lib/rfsa/adsp/libFastRPC_AUE_Forward_skel.so ...
Processing lib/rfsa/adsp/libFastRPC_UTF_Forward_800h_skel.so ...
Processing lib/rfsa/adsp/libFastRPC_UTF_Forward_Qtc2_skel.so ...
Processing lib/rfsa/adsp/libadsp_fd_skel.so ...
Processing lib/rfsa/adsp/libadsp_hvx_add_constant.so ...
Processing lib/rfsa/adsp/libadsp_hvx_skel.so ...
Processing lib/rfsa/adsp/libapps_mem_heap.so ...
Processing lib/rfsa/adsp/libdirac-capiv2.so ...
Processing lib/rfsa/adsp/libdspCV_skel.so ...
Processing lib/rfsa/adsp/libfastcvadsp.so ...
Processing lib/rfsa/adsp/libfastcvadsp_skel.so ...
Processing lib/rfsa/adsp/libscveObjectSegmentation_skel.so ...
Processing lib/rfsa/adsp/libscveT2T_skel.so ...
Processing lib/soundfx/libasphere.so ...
Processing lib/soundfx/libaudiopreprocessing.so ...
Processing lib/soundfx/libbundlewrapper.so ...
Processing lib/soundfx/libdownmix.so ...
Processing lib/soundfx/libdynproc.so ...
Processing lib/soundfx/libeffectproxy.so ...
Processing lib/soundfx/libhapticgenerator.so ...
Processing lib/soundfx/libldnhncr.so ...
Processing lib/soundfx/libqcbassboost.so ...
Processing lib/soundfx/libqcompostprocbundle.so ...
Processing lib/soundfx/libqcomvisualizer.so ...
Processing lib/soundfx/libqcomvoiceprocessing.so ...
Processing lib/soundfx/libqcreverb.so ...
Processing lib/soundfx/libqcvirt.so ...
Processing lib/soundfx/libreverbwrapper.so ...
Processing lib/soundfx/libvisualizer.so ...
Processing lib/soundfx/libvolumelistener.so ...
Processing lib64/android.frameworks.displayservice@1.0.so ...
Processing lib64/android.frameworks.sensorservice-V1-ndk.so ...
Processing lib64/android.frameworks.sensorservice@1.0.so ...
Processing lib64/android.hardware.audio.common-V4-ndk.so ...
Processing lib64/android.hardware.audio.common@5.0.so ...
Processing lib64/android.hardware.biometrics.fingerprint@2.1.so ...
Processing lib64/android.hardware.bluetooth.audio-V5-ndk.so ...
Processing lib64/android.hardware.bluetooth.audio-impl.so ...
Processing lib64/android.hardware.bluetooth.audio@2.0.so ...
Processing lib64/android.hardware.bluetooth.audio@2.1.so ...
Processing lib64/android.hardware.bluetooth@1.0.so ...
Processing lib64/android.hardware.common-V2-ndk.so ...
Processing lib64/android.hardware.common.fmq-V1-ndk.so ...
Processing lib64/android.hardware.drm-V1-ndk.so ...
Processing lib64/android.hardware.drm.common-V1-ndk.so ...
Processing lib64/android.hardware.drm@1.0.so ...
Processing lib64/android.hardware.drm@1.1.so ...
Processing lib64/android.hardware.drm@1.2.so ...
Processing lib64/android.hardware.drm@1.3.so ...
Processing lib64/android.hardware.gatekeeper@1.0.so ...
Processing lib64/android.hardware.gnss.measurement_corrections@1.0.so ...
Processing lib64/android.hardware.gnss.measurement_corrections@1.1.so ...
Processing lib64/android.hardware.gnss.visibility_control@1.0.so ...
Processing lib64/android.hardware.gnss@1.0.so ...
Processing lib64/android.hardware.gnss@1.1.so ...
Processing lib64/android.hardware.gnss@2.0.so ...
Processing lib64/android.hardware.gnss@2.1.so ...
Processing lib64/android.hardware.graphics.allocator-V2-ndk.so ...
Processing lib64/android.hardware.graphics.allocator@2.0.so ...
Processing lib64/android.hardware.graphics.allocator@3.0.so ...
Processing lib64/android.hardware.graphics.allocator@4.0.so ...
Processing lib64/android.hardware.graphics.bufferqueue@1.0.so ...
Processing lib64/android.hardware.graphics.bufferqueue@2.0.so ...
Processing lib64/android.hardware.graphics.common-V5-ndk.so ...
Processing lib64/android.hardware.graphics.common@1.0.so ...
Processing lib64/android.hardware.graphics.common@1.1.so ...
Processing lib64/android.hardware.graphics.common@1.2.so ...
Processing lib64/android.hardware.graphics.composer@2.1-resources.so ...
Processing lib64/android.hardware.graphics.composer@2.1.so ...
Processing lib64/android.hardware.graphics.mapper@2.0.so ...
Processing lib64/android.hardware.graphics.mapper@2.1.so ...
Processing lib64/android.hardware.graphics.mapper@3.0.so ...
Processing lib64/android.hardware.graphics.mapper@4.0.so ...
Processing lib64/android.hardware.health@1.0.so ...
Processing lib64/android.hardware.health@2.0.so ...
Processing lib64/android.hardware.health@2.1.so ...
Processing lib64/android.hardware.ir@1.0.so ...
Processing lib64/android.hardware.keymaster@3.0.so ...
Processing lib64/android.hardware.keymaster@4.0.so ...
Processing lib64/android.hardware.light-V1-ndk.so ...
Processing lib64/android.hardware.media.bufferpool@2.0.so ...
Processing lib64/android.hardware.media.c2@1.0.so ...
Processing lib64/android.hardware.media.omx@1.0.so ...
Processing lib64/android.hardware.media@1.0.so ...
Processing lib64/android.hardware.memtrack@1.0.so ...
Processing lib64/android.hardware.power-V5-ndk.so ...
Processing lib64/android.hardware.power@1.0.so ...
Processing lib64/android.hardware.power@1.1.so ...
Processing lib64/android.hardware.power@1.2.so ...
Processing lib64/android.hardware.radio.config@1.0.so ...
Processing lib64/android.hardware.radio.config@1.1.so ...
Processing lib64/android.hardware.radio.config@1.2.so ...
Processing lib64/android.hardware.radio.config@1.3.so ...
Processing lib64/android.hardware.radio.deprecated@1.0.so ...
Processing lib64/android.hardware.radio@1.0.so ...
Processing lib64/android.hardware.radio@1.1.so ...
Processing lib64/android.hardware.radio@1.2.so ...
Processing lib64/android.hardware.radio@1.3.so ...
Processing lib64/android.hardware.radio@1.4.so ...
Processing lib64/android.hardware.radio@1.5.so ...
Processing lib64/android.hardware.radio@1.6.so ...
Processing lib64/android.hardware.secure_element@1.0.so ...
Processing lib64/android.hardware.secure_element@1.1.so ...
Processing lib64/android.hardware.secure_element@1.2.so ...
Processing lib64/android.hardware.security.keymint-V1-ndk.so ...
Processing lib64/android.hardware.security.secureclock-V1-ndk.so ...
Processing lib64/android.hardware.sensors-V2-ndk.so ...
Processing lib64/android.hardware.sensors@1.0.so ...
Processing lib64/android.hardware.tetheroffload.config@1.0.so ...
Processing lib64/android.hardware.tetheroffload.control@1.0.so ...
Processing lib64/android.hardware.thermal@1.0.so ...
Processing lib64/android.hardware.thermal@2.0.so ...
Processing lib64/android.hardware.usb@1.0.so ...
Processing lib64/android.hardware.usb@1.1.so ...
Processing lib64/android.hardware.usb@1.2.so ...
Processing lib64/android.hardware.usb@1.3.so ...
Processing lib64/android.hardware.vibrator-V2-ndk.so ...
Processing lib64/android.hardware.wifi-V2-ndk.so ...
Processing lib64/android.hardware.wifi.common-V1-ndk.so ...
Processing lib64/android.hardware.wifi.hostapd-V3-ndk.so ...
Processing lib64/android.hardware.wifi.supplicant-V4-ndk.so ...
Processing lib64/android.hidl.allocator@1.0.so ...
Processing lib64/android.hidl.base@1.0.so ...
Processing lib64/android.hidl.memory.token@1.0.so ...
Processing lib64/android.hidl.memory@1.0.so ...
Processing lib64/android.hidl.safe_union@1.0.so ...
Processing lib64/android.media.audio.common.types-V4-ndk.so ...
Processing lib64/android.system.keystore2-V1-ndk.so ...
Processing lib64/android.system.net.netd@1.0.so ...
Processing lib64/android.system.net.netd@1.1.so ...
Processing lib64/android.system.suspend-V1-ndk.so ...
Processing lib64/android.system.wifi.keystore@1.0.so ...
Processing lib64/com.dsi.ant@1.0.so ...
Processing lib64/com.fingerprints.extension@1.0.so ...
Processing lib64/com.qualcomm.qti.dpm.api@1.0.so ...
Processing lib64/com.qualcomm.qti.imscmservice@1.0.so ...
Processing lib64/com.qualcomm.qti.imscmservice@2.0.so ...
Processing lib64/com.qualcomm.qti.imscmservice@2.1.so ...
Processing lib64/com.qualcomm.qti.imscmservice@2.2.so ...
Processing lib64/com.qualcomm.qti.uceservice@2.0.so ...
Processing lib64/com.qualcomm.qti.uceservice@2.1.so ...
Processing lib64/com.qualcomm.qti.uceservice@2.2.so ...
Processing lib64/com.qualcomm.qti.uceservice@2.3.so ...
Processing lib64/egl ...
Processing lib64/hw ...
Processing lib64/lib-imscmservice.so ...
Processing lib64/lib-imsdpl.so ...
Processing lib64/lib-imsqimf.so ...
Processing lib64/lib-imsrcs-v2.so ...
Processing lib64/lib-imsrcsbaseimpl.so ...
Processing lib64/lib-imsvtcore.so ...
Processing lib64/lib-imsxml.so ...
Processing lib64/lib-rcsconfig.so ...
Processing lib64/lib-rtpcommon.so ...
Processing lib64/lib-rtpcore.so ...
Processing lib64/lib-rtpsl.so ...
Processing lib64/lib-siputility.so ...
Processing lib64/lib-uceservice.so ...
Processing lib64/libC2D2.so ...
Processing lib64/libCB.so ...
Processing lib64/libEGL_adreno.so ...
Processing lib64/libGLESv2_adreno.so ...
Processing lib64/libGPreqcancel.so ...
Processing lib64/libGPreqcancel_svc.so ...
Processing lib64/libOmxAacEnc.so ...
Processing lib64/libOmxAmrEnc.so ...
Processing lib64/libOmxCore.so ...
Processing lib64/libOmxEvrcEnc.so ...
Processing lib64/libOmxG711Enc.so ...
Processing lib64/libOmxQcelp13Enc.so ...
Processing lib64/libOmxVdec.so ...
Processing lib64/libOmxVenc.so ...
Processing lib64/libOpenCL.so ...
Processing lib64/libQSEEComAPI.so ...
Processing lib64/libSecureUILib.so ...
Processing lib64/libStDrvInt.so ...
Processing lib64/libVkLayer_q3dtools.so ...
Processing lib64/libaconfig_storage_read_api_cc.so ...
Processing lib64/libadreno_utils.so ...
Processing lib64/libadsp_default_listener.so ...
Processing lib64/libadsprpc.so ...
Processing lib64/libalsautils.so ...
Processing lib64/libaoa.so ...
Processing lib64/libaudioroute.so ...
Processing lib64/libaudioutils.so ...
Processing lib64/libavservices_minijail.so ...
Processing lib64/libbase.so ...
Processing lib64/libbase64.so ...
Processing lib64/libbatching.so ...
Processing lib64/libbinder.so ...
Processing lib64/libbinderdebug.so ...
Processing lib64/libbluetooth_audio_session.so ...
Processing lib64/libbluetooth_audio_session_aidl.so ...
Processing lib64/libbt-hidlclient.so ...
Processing lib64/libbtnv.so ...
Processing lib64/libc++.so ...
Processing lib64/libc2d30_bltlib.so ...
Processing lib64/libc2dcolorconvert.so ...
Processing lib64/libcacertclient.so ...
Processing lib64/libcamera_metadata.so ...
Processing lib64/libcap.so ...
Processing lib64/libcdfw.so ...
Processing lib64/libcdfw_remote_api.so ...
Processing lib64/libcld80211.so ...
Processing lib64/libcne.so ...
Processing lib64/libcneapiclient.so ...
Processing lib64/libcneoplookup.so ...
Processing lib64/libcneqmiutils.so ...
Processing lib64/libconfigdb.so ...
Processing lib64/libcpion.so ...
Processing lib64/libcrypto.so ...
Processing lib64/libcrypto_shim.so ...
Processing lib64/libcrypto_utils.so ...
Processing lib64/libcutils.so ...
Processing lib64/libdataitems.so ...
Processing lib64/libdiag.so ...
Processing lib64/libdisp-aba.so ...
Processing lib64/libdisplayconfig.qti.so ...
Processing lib64/libdng_sdk.so ...
Processing lib64/libdpmqmihal.so ...
Processing lib64/libdrm.so ...
Processing lib64/libdrmfs.so ...
Processing lib64/libdrmtime.so ...
Processing lib64/libdrmutils.so ...
Processing lib64/libdsi_netctrl.so ...
Processing lib64/libdsutils.so ...
Processing lib64/libeffects.so ...
Processing lib64/libeffectsconfig.so ...
Processing lib64/libexif.so ...
Processing lib64/libexpat.so ...
Processing lib64/libflatbuffers-cpp.so ...
Processing lib64/libfmq.so ...
Processing lib64/libgarden.so ...
Processing lib64/libgarden_haltests_e2e.so ...
Processing lib64/libgdtap.so ...
Processing lib64/libgeofencing.so ...
Processing lib64/libgf_ca.so ...
Processing lib64/libgf_hal.so ...
Processing lib64/libgnss.so ...
Processing lib64/libgnsspps.so ...
Processing lib64/libgps.utils.so ...
Processing lib64/libgpu_tonemapper.so ...
Processing lib64/libgpudataproducer.so ...
Processing lib64/libgralloc.qti.so ...
Processing lib64/libgralloccore.so ...
Processing lib64/libgralloctypes.so ...
Processing lib64/libgrallocutils.so ...
Processing lib64/libgsl.so ...
Processing lib64/libhardware.so ...
Processing lib64/libhardware_legacy.so ...
Processing lib64/libhdmiedid.so ...
Processing lib64/libhdr_tm.so ...
Processing lib64/libhfp.so ...
Processing lib64/libhidlbase-v32.so ...
Processing lib64/libhidlbase.so ...
Processing lib64/libhidlmemory.so ...
Processing lib64/libhidltransport.so ...
Processing lib64/libhwbinder.so ...
Processing lib64/libhwc2on1adapter.so ...
Processing lib64/libhwc2onfbadapter.so ...
Processing lib64/libhypv_intercept.so ...
Processing lib64/libidl.so ...
Processing lib64/libion.so ...
Processing lib64/libipanat.so ...
Processing lib64/libizat_client_api.so ...
Processing lib64/libizat_core.so ...
Processing lib64/libjpeg.so ...
Processing lib64/libjson.so ...
Processing lib64/libjsoncpp.so ...
Processing lib64/libkeymasterdeviceutils.so ...
Processing lib64/libkeymasterprovision.so ...
Processing lib64/libkeymasterutils.so ...
Processing lib64/libkeystore-engine-wifi-hidl.so ...
Processing lib64/libkeystore-wifi-hidl.so ...
Processing lib64/liblbs_core.so ...
Processing lib64/libllvm-glnext.so ...
Processing lib64/libllvm-qcom.so ...
Processing lib64/libloc_api_v02.so ...
Processing lib64/libloc_core.so ...
Processing lib64/libloc_socket.so ...
Processing lib64/liblocation_api.so ...
Processing lib64/liblocationservice.so ...
Processing lib64/liblocationservice_glue.so ...
Processing lib64/liblowi_client.so ...
Processing lib64/liblowi_wifihal.so ...
Processing lib64/liblqe.so ...
Processing lib64/liblz4.so ...
Processing lib64/liblzma.so ...
Processing lib64/libmdmdetect.so ...
Processing lib64/libmdsprpc.so ...
Processing lib64/libmedia_helper.so ...
Processing lib64/libminijail.so ...
Processing lib64/libminkdescriptor.so ...
Processing lib64/libmlipay.so ...
Processing lib64/libmlipay@1.1.so ...
Processing lib64/libmm-omxcore.so ...
Processing lib64/libmmosal.so ...
Processing lib64/libnbaio_mono.so ...
Processing lib64/libnetfilter_conntrack.so ...
Processing lib64/libnetmgr.so ...
Processing lib64/libnetmgr_common.so ...
Processing lib64/libnetmgr_nr_fusion.so ...
Processing lib64/libnetmgr_rmnet_ext.so ...
Processing lib64/libnetutils.so ...
Processing lib64/libnfnetlink.so ...
Processing lib64/libnl.so ...
Processing lib64/libnlnetmgr.so ...
Processing lib64/liboemaids_vendor.so ...
Processing lib64/liboffloadhal.so ...
Processing lib64/libpasn.so ...
Processing lib64/libpdmapper.so ...
Processing lib64/libpdnotifier.so ...
Processing lib64/libperfmgr.so ...
Processing lib64/libperipheral_client.so ...
Processing lib64/libpng.so ...
Processing lib64/libpower.so ...
Processing lib64/libprocessgroup.so ...
Processing lib64/libprotobuf-cpp-full-21.12.so ...
Processing lib64/libprotobuf-cpp-full-3.9.1.so ...
Processing lib64/libprotobuf-cpp-lite-21.12.so ...
Processing lib64/libprotobuf-cpp-lite-3.9.1.so ...
Processing lib64/libq3dtools_adreno.so ...
Processing lib64/libqcc_file_agent.so ...
Processing lib64/libqcci_legacy.so ...
Processing lib64/libqcmaputils.so ...
Processing lib64/libqcrilFramework.so ...
Processing lib64/libqcrildatactl.so ...
Processing lib64/libqdMetaData.so ...
Processing lib64/libqdi.so ...
Processing lib64/libqdp.so ...
Processing lib64/libqdutils.so ...
Processing lib64/libqisl.so ...
Processing lib64/libqmi.so ...
Processing lib64/libqmi_cci.so ...
Processing lib64/libqmi_client_helper.so ...
Processing lib64/libqmi_client_qmux.so ...
Processing lib64/libqmi_common_so.so ...
Processing lib64/libqmi_csi.so ...
Processing lib64/libqmi_encdec.so ...
Processing lib64/libqmi_legacy.so ...
Processing lib64/libqmiservices.so ...
Processing lib64/libqrtr.so ...
Processing lib64/libqseed3.so ...
Processing lib64/libqservice.so ...
Processing lib64/libqsocket.so ...
Processing lib64/libqti-perfd-client.so ...
Processing lib64/libqti_vndfwk_detect.so ...
Processing lib64/libqtivibratoreffect.so ...
Processing lib64/librcc.so ...
Processing lib64/libreference-ril.so ...
Processing lib64/libril-qc-hal-qmi.so ...
Processing lib64/libril-qc-logger.so ...
Processing lib64/libril-qc-ltedirectdisc.so ...
Processing lib64/libril-qc-radioconfig.so ...
Processing lib64/libril-qcril-hook-oem.so ...
Processing lib64/libril.so ...
Processing lib64/librilqmiservices.so ...
Processing lib64/librilutils.so ...
Processing lib64/librmnetctl.so ...
Processing lib64/librmp.so ...
Processing lib64/librpmb.so ...
Processing lib64/librs_adreno.so ...
Processing lib64/libsdm-color.so ...
Processing lib64/libsdm-diag.so ...
Processing lib64/libsdm-disp-vndapis.so ...
Processing lib64/libsdmcore.so ...
Processing lib64/libsdmextension.so ...
Processing lib64/libsdmutils.so ...
Processing lib64/libsdsprpc.so ...
Processing lib64/libsecureui_svcsock.so ...
Processing lib64/libsensor1.so ...
Processing lib64/libsensor_reg.so ...
Processing lib64/libsensorndkbridge.so ...
Processing lib64/libsettings.so ...
Processing lib64/libsndmonitor.so ...
Processing lib64/libspeexresampler.so ...
Processing lib64/libsqlite.so ...
Processing lib64/libssd.so ...
Processing lib64/libssl.so ...
Processing lib64/libstagefright_foundation.so ...
Processing lib64/libstagefright_softomx.so ...
Processing lib64/libstagefright_softomx_plugin.so ...
Processing lib64/libstagefrighthw.so ...
Processing lib64/libsystem_health_mon.so ...
Processing lib64/libthermalclient.so ...
Processing lib64/libtime_genoff.so ...
Processing lib64/libtinyalsa.so ...
Processing lib64/libtinycompress.so ...
Processing lib64/libtinyxml.so ...
Processing lib64/libtinyxml2.so ...
Processing lib64/libtinyxml2_1.so ...
Processing lib64/libui.so ...
Processing lib64/libunwindstack.so ...
Processing lib64/libutils.so ...
Processing lib64/libutilscallstack.so ...
Processing lib64/libvendor.goodix.hardware.fingerprint@1.0-service.so ...
Processing lib64/libvendor.goodix.hardware.fingerprint@1.0.so ...
Processing lib64/libvibratorutils.so ...
Processing lib64/libvndfwk_detect_jni.qti.so ...
Processing lib64/libwifi-hal-ctrl.so ...
Processing lib64/libwifi-hal-qcom.so ...
Processing lib64/libwifi-hal.so ...
Processing lib64/libwifi-system-iface.so ...
Processing lib64/libwms.so ...
Processing lib64/libwpa_client.so ...
Processing lib64/libwqe.so ...
Processing lib64/libwvhidl.so ...
Processing lib64/libxml.so ...
Processing lib64/libxml2.so ...
Processing lib64/libxtadapter.so ...
Processing lib64/libyuv.so ...
Processing lib64/libz.so ...
Processing lib64/libz_stable.so ...
Processing lib64/libziparchive.so ...
Processing lib64/mediacas ...
Processing lib64/mediadrm ...
Processing lib64/pixel-power-ext-V1-ndk.so ...
Processing lib64/qcrild_librilutils.so ...
Processing lib64/qtibus.so ...
Processing lib64/qtimutex.so ...
Processing lib64/sensors.ssc.so ...
Processing lib64/server_configurable_flags.so ...
Processing lib64/soundfx ...
Processing lib64/vendor.display.color@1.0.so ...
Processing lib64/vendor.display.color@1.1.so ...
Processing lib64/vendor.display.color@1.2.so ...
Processing lib64/vendor.display.config@2.0.so ...
Processing lib64/vendor.display.postproc@1.0.so ...
Processing lib64/vendor.qti.data.factory@2.0.so ...
Processing lib64/vendor.qti.data.factory@2.1.so ...
Processing lib64/vendor.qti.data.factory@2.2.so ...
Processing lib64/vendor.qti.data.mwqem@1.0.so ...
Processing lib64/vendor.qti.data.slm@1.0.so ...
Processing lib64/vendor.qti.gnss@1.0.so ...
Processing lib64/vendor.qti.gnss@1.1.so ...
Processing lib64/vendor.qti.gnss@1.2.so ...
Processing lib64/vendor.qti.gnss@2.0.so ...
Processing lib64/vendor.qti.gnss@2.1.so ...
Processing lib64/vendor.qti.gnss@3.0.so ...
Processing lib64/vendor.qti.gnss@4.0-service.so ...
Processing lib64/vendor.qti.gnss@4.0.so ...
Processing lib64/vendor.qti.hardware.alarm@1.0.so ...
Processing lib64/vendor.qti.hardware.bluetooth_sar@1.0.so ...
Processing lib64/vendor.qti.hardware.bluetooth_sar@1.1.so ...
Processing lib64/vendor.qti.hardware.btconfigstore@1.0.so ...
Processing lib64/vendor.qti.hardware.btconfigstore@2.0.so ...
Processing lib64/vendor.qti.hardware.cacert@1.0.so ...
Processing lib64/vendor.qti.hardware.data.cne.internal.api@1.0.so ...
Processing lib64/vendor.qti.hardware.data.cne.internal.constants@1.0.so ...
Processing lib64/vendor.qti.hardware.data.cne.internal.server@1.0.so ...
Processing lib64/vendor.qti.hardware.data.connection@1.0.so ...
Processing lib64/vendor.qti.hardware.data.connection@1.1.so ...
Processing lib64/vendor.qti.hardware.data.dynamicdds@1.0.so ...
Processing lib64/vendor.qti.hardware.data.iwlan@1.0.so ...
Processing lib64/vendor.qti.hardware.data.latency@1.0.so ...
Processing lib64/vendor.qti.hardware.data.qmi@1.0.so ...
Processing lib64/vendor.qti.hardware.display.allocator@3.0.so ...
Processing lib64/vendor.qti.hardware.display.allocator@4.0.so ...
Processing lib64/vendor.qti.hardware.display.mapper@1.0.so ...
Processing lib64/vendor.qti.hardware.display.mapper@1.1.so ...
Processing lib64/vendor.qti.hardware.display.mapper@2.0.so ...
Processing lib64/vendor.qti.hardware.display.mapper@3.0.so ...
Processing lib64/vendor.qti.hardware.display.mapper@4.0.so ...
Processing lib64/vendor.qti.hardware.display.mapperextensions@1.0.so ...
Processing lib64/vendor.qti.hardware.display.mapperextensions@1.1.so ...
Processing lib64/vendor.qti.hardware.dsp@1.0.so ...
Processing lib64/vendor.qti.hardware.fm@1.0.so ...
Processing lib64/vendor.qti.hardware.mwqemadapter@1.0.so ...
Processing lib64/vendor.qti.hardware.perf@2.0.so ...
Processing lib64/vendor.qti.hardware.perf@2.1.so ...
Processing lib64/vendor.qti.hardware.perf@2.2.so ...
Processing lib64/vendor.qti.hardware.qccsyshal@1.0.so ...
Processing lib64/vendor.qti.hardware.radio.am@1.0.so ...
Processing lib64/vendor.qti.hardware.radio.ims@1.0.so ...
Processing lib64/vendor.qti.hardware.radio.ims@1.1.so ...
Processing lib64/vendor.qti.hardware.radio.ims@1.2.so ...
Processing lib64/vendor.qti.hardware.radio.ims@1.3.so ...
Processing lib64/vendor.qti.hardware.radio.ims@1.4.so ...
Processing lib64/vendor.qti.hardware.radio.ims@1.5.so ...
Processing lib64/vendor.qti.hardware.radio.ims@1.6.so ...
Processing lib64/vendor.qti.hardware.radio.ims@1.7.so ...
Processing lib64/vendor.qti.hardware.radio.internal.deviceinfo@1.0.so ...
Processing lib64/vendor.qti.hardware.radio.lpa@1.0.so ...
Processing lib64/vendor.qti.hardware.radio.lpa@1.1.so ...
Processing lib64/vendor.qti.hardware.radio.qcrilhook@1.0.so ...
Processing lib64/vendor.qti.hardware.radio.qtiradio@1.0.so ...
Processing lib64/vendor.qti.hardware.radio.qtiradio@2.0.so ...
Processing lib64/vendor.qti.hardware.radio.qtiradio@2.1.so ...
Processing lib64/vendor.qti.hardware.radio.qtiradio@2.2.so ...
Processing lib64/vendor.qti.hardware.radio.qtiradio@2.3.so ...
Processing lib64/vendor.qti.hardware.radio.qtiradio@2.4.so ...
Processing lib64/vendor.qti.hardware.radio.uim@1.0.so ...
Processing lib64/vendor.qti.hardware.radio.uim@1.1.so ...
Processing lib64/vendor.qti.hardware.radio.uim@1.2.so ...
Processing lib64/vendor.qti.hardware.radio.uim_remote_client@1.0.so ...
Processing lib64/vendor.qti.hardware.radio.uim_remote_client@1.1.so ...
Processing lib64/vendor.qti.hardware.radio.uim_remote_client@1.2.so ...
Processing lib64/vendor.qti.hardware.radio.uim_remote_server@1.0.so ...
Processing lib64/vendor.qti.hardware.slmadapter@1.0.so ...
Processing lib64/vendor.qti.hardware.soter@1.0.so ...
Processing lib64/vendor.qti.hardware.tui_comm@1.0.so ...
Processing lib64/vendor.qti.hardware.vibrator.impl.so ...
Processing lib64/vendor.qti.ims.callcapability@1.0.so ...
Processing lib64/vendor.qti.ims.callinfo@1.0.so ...
Processing lib64/vendor.qti.ims.factory@1.0.so ...
Processing lib64/vendor.qti.ims.rcsconfig@1.0.so ...
Processing lib64/vendor.qti.ims.rcsconfig@1.1.so ...
Processing lib64/vendor.qti.ims.rcsconfig@2.0.so ...
Processing lib64/vendor.qti.imsrtpservice@3.0-service-Impl.so ...
Processing lib64/vendor.qti.imsrtpservice@3.0.so ...
Processing lib64/vendor.qti.latency@2.0.so ...
Processing lib64/vendor.xiaomi.hardware.mlipay@1.0.so ...
Processing lib64/vendor.xiaomi.hardware.mlipay@1.1.so ...
Processing lib64/egl/eglSubDriverAndroid.so ...
Processing lib64/egl/libEGL_adreno.so ...
Processing lib64/egl/libGLESv1_CM_adreno.so ...
Processing lib64/egl/libGLESv2_adreno.so ...
Processing lib64/egl/libq3dtools_adreno.so ...
Processing lib64/egl/libq3dtools_esx.so ...
Processing lib64/hw/android.hardware.bluetooth@1.0-impl-qti.so ...
Processing lib64/hw/android.hardware.gatekeeper@1.0-impl-qti.so ...
Processing lib64/hw/android.hardware.gnss@2.1-impl-qti.so ...
Processing lib64/hw/android.hardware.graphics.mapper@3.0-impl-qti-display.so ...
Processing lib64/hw/android.hardware.graphics.mapper@4.0-impl-qti-display.so ...
Processing lib64/hw/android.hardware.health@2.0-impl-2.1.so ...
Processing lib64/hw/android.hardware.keymaster@3.0-impl-qti.so ...
Processing lib64/hw/android.hardware.memtrack@1.0-impl.so ...
Processing lib64/hw/android.hardware.sensors@1.0-impl.so ...
Processing lib64/hw/android.hidl.memory@1.0-impl.so ...
Processing lib64/hw/audio.bluetooth.default.so ...
Processing lib64/hw/audio.primary.default.so ...
Processing lib64/hw/audio.primary.sdm660.so ...
Processing lib64/hw/audio.r_submix.default.so ...
Processing lib64/hw/audio.usb.default.so ...
Processing lib64/hw/consumerir.lirc.sdm660.so ...
Processing lib64/hw/consumerir.spi.sdm660.so ...
Processing lib64/hw/fingerprint.fpc.default.so ...
Processing lib64/hw/fingerprint.goodix.default.so ...
Processing lib64/hw/fingerprint.sdm660.so ...
Processing lib64/hw/gralloc.default.so ...
Processing lib64/hw/gralloc.sdm660.so ...
Processing lib64/hw/hwcomposer.sdm660.so ...
Processing lib64/hw/local_time.default.so ...
Processing lib64/hw/memtrack.sdm660.so ...
Processing lib64/hw/power.default.so ...
Processing lib64/hw/vendor.qti.gnss@4.0-impl.so ...
Processing lib64/hw/vendor.qti.hardware.alarm@1.0-impl.so ...
Processing lib64/hw/vendor.qti.hardware.bluetooth_sar@1.0-impl.so ...
Processing lib64/hw/vendor.qti.hardware.bluetooth_sar@1.1-impl.so ...
Processing lib64/hw/vendor.qti.hardware.soter@1.0-impl.so ...
Processing lib64/hw/vibrator.default.so ...
Processing lib64/hw/vulkan.adreno.so ...
Processing lib64/mediacas/libclearkeycasplugin.so ...
Processing lib64/mediadrm/libdrmclearkeyplugin.so ...
Processing lib64/mediadrm/libwvdrmengine.so ...
Processing lib64/soundfx/libaudiopreprocessing.so ...
Processing lib64/soundfx/libbundlewrapper.so ...
Processing lib64/soundfx/libdownmix.so ...
Processing lib64/soundfx/libdynproc.so ...
Processing lib64/soundfx/libeffectproxy.so ...
Processing lib64/soundfx/libhapticgenerator.so ...
Processing lib64/soundfx/libldnhncr.so ...
Processing lib64/soundfx/libqcompostprocbundle.so ...
Processing lib64/soundfx/libqcomvisualizer.so ...
Processing lib64/soundfx/libqcomvoiceprocessing.so ...
Processing lib64/soundfx/libreverbwrapper.so ...
Processing lib64/soundfx/libvisualizer.so ...
Processing lib64/soundfx/libvolumelistener.so ...
Processing odm/etc ...
Processing odm/etc/build.prop ...
Processing odm/etc/group ...
Processing odm/etc/passwd ...
Processing odm_dlkm/etc ...
Processing odm_dlkm/etc/build.prop ...
Processing overlay/Aperture__miku_wayne__auto_generated_rro_vendor.apk ...
Processing overlay/SettingsProvider__miku_wayne__auto_generated_rro_vendor.apk ...
Processing overlay/Settings__miku_wayne__auto_generated_rro_vendor.apk ...
Processing overlay/SystemUI__miku_wayne__auto_generated_rro_vendor.apk ...
Processing overlay/TeleService__miku_wayne__auto_generated_rro_vendor.apk ...
Processing overlay/framework-res__miku_wayne__auto_generated_rro_vendor.apk ...
Processing radio/qcril_database ...
Processing radio/qcril_database/qcril.db ...
Processing radio/qcril_database/upgrade ...
Processing radio/qcril_database/upgrade/0_initial.sql ...
Processing radio/qcril_database/upgrade/1_version_intro.sql ...
Processing radio/qcril_database/upgrade/2_version_add_wps_config.sql ...
Processing radio/qcril_database/upgrade/3_version_update_wps_config.sql ...
Processing radio/qcril_database/upgrade/4_version_update_ecc_table.sql ...
Processing radio/qcril_database/upgrade/5_version_update_ecc_table.sql ...
Processing radio/qcril_database/upgrade/6_version_update_ecc_table.sql ...
Processing radio/qcril_database/upgrade/7_version_update_ecc_table.sql ...
Processing rfs/msm ...
Processing rfs/msm/adsp ...
Processing rfs/msm/mpss ...
Processing rfs/msm/slpi ...
Processing rfs/msm/adsp/hlos ...
Processing rfs/msm/adsp/ramdumps ...
Processing rfs/msm/adsp/readonly ...
Processing rfs/msm/adsp/readwrite ...
Processing rfs/msm/adsp/shared ...
Processing rfs/msm/adsp/readonly/firmware ...
Processing rfs/msm/adsp/readonly/vendor ...
Processing rfs/msm/adsp/readonly/vendor/firmware ...
Processing rfs/msm/mpss/hlos ...
Processing rfs/msm/mpss/ramdumps ...
Processing rfs/msm/mpss/readonly ...
Processing rfs/msm/mpss/readwrite ...
Processing rfs/msm/mpss/shared ...
Processing rfs/msm/mpss/readonly/firmware ...
Processing rfs/msm/mpss/readonly/vendor ...
Processing rfs/msm/mpss/readonly/vendor/firmware ...
Processing rfs/msm/slpi/hlos ...
Processing rfs/msm/slpi/ramdumps ...
Processing rfs/msm/slpi/readonly ...
Processing rfs/msm/slpi/readwrite ...
Processing rfs/msm/slpi/shared ...
Processing rfs/msm/slpi/readonly/firmware ...
Processing rfs/msm/slpi/readonly/vendor ...
Processing rfs/msm/slpi/readonly/vendor/firmware ...
Processing usr/idc ...
Processing usr/keylayout ...
Processing usr/idc/uinput-fpc.idc ...
Processing usr/idc/uinput-goodix.idc ...
Processing usr/keylayout/uinput-fpc.kl ...
Processing usr/keylayout/uinput-goodix.kl ...
Processing vendor_dlkm/etc ...
Processing vendor_dlkm/etc/build.prop ...
Build completed.

------
Filesystem UUID: 36b70828-7600-5b69-9c83-f2d6d7f8ae01
Filesystem total blocks: 52723 (of 4096-byte blocks)
Filesystem total inodes: 2296
Filesystem total metadata blocks: 207
Filesystem total deduplicated bytes (of source files): 0
{"paths": 2296, "patched_files": ["etc/fstab.qcom", "build.prop"], "output": "/home/runner/work/wayne-hyperos4/wayne-hyperos4/artifacts/experimental/static/vendor.img"}
{
  "layout": "stock-size-static",
  "original_vendor": "/home/runner/work/wayne-hyperos4/wayne-hyperos4/research/base-miku-a15/vendor.img",
  "modified_files": [
    "etc/fstab.qcom",
    "build.prop"
  ],
  "partition_table_changed": false,
  "rawdump_repurposed": false,
  "hardware_tested": false,
  "output_size": 215953408,
  "output_sha256": "496a6dd892a34b3178fe25f9ac6a61c6c4816afdb1c6ed2922d308ed1906cf6b"
}
