mkfs.erofs 1.8.6
Processing . ...
Processing apex ...
Processing app ...
Processing bin ...
Processing bt_firmware ...
Processing build.prop ...
Processing dsp ...
Processing etc ...
Processing firmware ...
Processing firmware_mnt ...
Processing lib ...
Processing lib64 ...
Processing odm ...
Processing odm_dlkm ...
Processing overlay ...
Processing radio ...
Processing recovery-from-boot.p ...
Processing rfs ...
Processing usr ...
Processing vendor_dlkm ...
Processing apex/com.android.hardware.cas.apex ...
Processing app/CneApp ...
Processing app/IWlanService ...
Processing app/TimeService ...
Processing app/CneApp/CneApp.apk ...
Processing app/IWlanService/IWlanService.apk ...
Processing app/TimeService/TimeService.apk ...
Processing bin/[ ...
Processing bin/acpi ...
Processing bin/adpl ...
Processing bin/adsprpcd ...
Processing bin/applypatch ...
Processing bin/awk ...
Processing bin/base64 ...
Processing bin/basename ...
Processing bin/blockdev ...
Processing bin/boringssl_self_test32 ...
Processing bin/boringssl_self_test64 ...
Processing bin/brctl ...
Processing bin/cal ...
Processing bin/cat ...
Processing bin/chattr ...
Processing bin/chcon ...
Processing bin/chgrp ...
Processing bin/chmod ...
Processing bin/chown ...
Processing bin/chroot ...
Processing bin/chrt ...
Processing bin/cksum ...
Processing bin/clear ...
Processing bin/cmp ...
Processing bin/cnd ...
Processing bin/cnss-daemon ...
Processing bin/comm ...
Processing bin/cp ...
Processing bin/cpio ...
Processing bin/cut ...
Processing bin/date ...
Processing bin/dd ...
Processing bin/devmem ...
Processing bin/df ...
Processing bin/diff ...
Processing bin/dirname ...
Processing bin/dmesg ...
Processing bin/dos2unix ...
Processing bin/dpmQmiMgr ...
Processing bin/dspservice ...
Processing bin/du ...
Processing bin/dumpsys ...
Processing bin/echo ...
Processing bin/egrep ...
Processing bin/env ...
Processing bin/expand ...
Processing bin/expr ...
Processing bin/fallocate ...
Processing bin/false ...
Processing bin/fgrep ...
Processing bin/file ...
Processing bin/find ...
Processing bin/flock ...
Processing bin/fmt ...
Processing bin/free ...
Processing bin/fsync ...
Processing bin/garden_app ...
Processing bin/getconf ...
Processing bin/getenforce ...
Processing bin/getevent ...
Processing bin/getfattr ...
Processing bin/getopt ...
Processing bin/getprop ...
Processing bin/gpiodetect ...
Processing bin/gpiofind ...
Processing bin/gpioget ...
Processing bin/gpioinfo ...
Processing bin/gpioset ...
Processing bin/grep ...
Processing bin/groups ...
Processing bin/gunzip ...
Processing bin/gzip ...
Processing bin/head ...
Processing bin/hostname ...
Processing bin/hvdcp_opti ...
Processing bin/hw ...
Processing bin/hwclock ...
Processing bin/i2cdetect ...
Processing bin/i2cdump ...
Processing bin/i2cget ...
Processing bin/i2cset ...
Processing bin/i2ctransfer ...
Processing bin/iconv ...
Processing bin/id ...
Processing bin/ifconfig ...
Processing bin/ims_rtp_daemon ...
Processing bin/imsdatadaemon ...
Processing bin/imsqmidaemon ...
Processing bin/imsrcsd ...
Processing bin/init.qcom.early_boot.sh ...
Processing bin/init.qcom.post_boot.sh ...
Processing bin/init.qcom.sh ...
Processing bin/init.qcom.usb.sh ...
Processing bin/init.qti.dcvs.sh ...
Processing bin/inotifyd ...
Processing bin/insmod ...
Processing bin/install ...
Processing bin/install-recovery.sh ...
Processing bin/ionice ...
Processing bin/iorenice ...
Processing bin/ipacm ...
Processing bin/irsc_util ...
Processing bin/kill ...
Processing bin/killall ...
Processing bin/ln ...
Processing bin/load_policy ...
Processing bin/loc_launcher ...
Processing bin/log ...
Processing bin/logger ...
Processing bin/logname ...
Processing bin/logwrapper ...
Processing bin/losetup ...
Processing bin/lowi-server ...
Processing bin/ls ...
Processing bin/lsattr ...
Processing bin/lsmod ...
Processing bin/lsof ...
Processing bin/lspci ...
Processing bin/lsusb ...
Processing bin/md5sum ...
Processing bin/memeater ...
Processing bin/microcom ...
Processing bin/mkdir ...
Processing bin/mkfifo ...
Processing bin/mknod ...
Processing bin/mkswap ...
Processing bin/mktemp ...
Processing bin/mlipayd@1.1 ...
Processing bin/mm-pp-dpps ...
Processing bin/modinfo ...
Processing bin/modprobe ...
Processing bin/more ...
Processing bin/mount ...
Processing bin/mountpoint ...
Processing bin/mv ...
Processing bin/nc ...
Processing bin/netcat ...
Processing bin/netmgrd ...
Processing bin/netstat ...
Processing bin/nice ...
Processing bin/nl ...
Processing bin/nohup ...
Processing bin/nproc ...
Processing bin/nsenter ...
Processing bin/od ...
Processing bin/paste ...
Processing bin/patch ...
Processing bin/pd-mapper ...
Processing bin/pgrep ...
Processing bin/pidof ...
Processing bin/pkill ...
Processing bin/pm-proxy ...
Processing bin/pm-service ...
Processing bin/pmap ...
Processing bin/port-bridge ...
Processing bin/printenv ...
Processing bin/printf ...
Processing bin/ps ...
Processing bin/pwd ...
Processing bin/qrtr-cfg ...
Processing bin/qrtr-lookup ...
Processing bin/qrtr-ns ...
Processing bin/qseecomd ...
Processing bin/qti ...
Processing bin/readelf ...
Processing bin/readlink ...
Processing bin/realpath ...
Processing bin/renice ...
Processing bin/restorecon ...
Processing bin/rm ...
Processing bin/rmdir ...
Processing bin/rmmod ...
Processing bin/rmt_storage ...
Processing bin/rtcwake ...
Processing bin/runcon ...
Processing bin/sed ...
Processing bin/sendevent ...
Processing bin/sensors.qti ...
Processing bin/seq ...
Processing bin/setenforce ...
Processing bin/setfattr ...
Processing bin/setprop ...
Processing bin/setsid ...
Processing bin/sh ...
Processing bin/sha1sum ...
Processing bin/sha224sum ...
Processing bin/sha256sum ...
Processing bin/sha384sum ...
Processing bin/sha512sum ...
Processing bin/sleep ...
Processing bin/sort ...
Processing bin/split ...
Processing bin/start ...
Processing bin/stat ...
Processing bin/stop ...
Processing bin/strings ...
Processing bin/stty ...
Processing bin/swapoff ...
Processing bin/swapon ...
Processing bin/sync ...
Processing bin/sysctl ...
Processing bin/tac ...
Processing bin/tail ...
Processing bin/tar ...
Processing bin/taskset ...
Processing bin/tee ...
Processing bin/test ...
Processing bin/tftp_server ...
Processing bin/thermal-engine ...
Processing bin/time ...
Processing bin/time_daemon ...
Processing bin/timeout ...
Processing bin/toolbox ...
Processing bin/top ...
Processing bin/touch ...
Processing bin/toybox_vendor ...
Processing bin/tr ...
Processing bin/true ...
Processing bin/truncate ...
Processing bin/tty ...
Processing bin/uclampset ...
Processing bin/ulimit ...
Processing bin/umount ...
Processing bin/uname ...
Processing bin/uniq ...
Processing bin/unix2dos ...
Processing bin/unlink ...
Processing bin/unshare ...
Processing bin/uptime ...
Processing bin/usleep ...
Processing bin/uudecode ...
Processing bin/uuencode ...
Processing bin/uuidgen ...
Processing bin/vi ...
Processing bin/vmstat ...
Processing bin/vndservice ...
Processing bin/vndservicemanager ...
Processing bin/watch ...
Processing bin/wc ...
Processing bin/which ...
Processing bin/whoami ...
Processing bin/xargs ...
Processing bin/xtra-daemon ...
Processing bin/xxd ...
Processing bin/yes ...
Processing bin/zcat ...
Processing bin/hw/android.hardware.audio.service ...
Processing bin/hw/android.hardware.biometrics.fingerprint@2.1-service.wayne ...
Processing bin/hw/android.hardware.bluetooth@1.0-service-qti ...
Processing bin/hw/android.hardware.camera.provider@2.4-service ...
Processing bin/hw/android.hardware.cas@1.2-service ...
Processing bin/hw/android.hardware.drm-service.clearkey ...
Processing bin/hw/android.hardware.drm@1.3-service.widevine ...
Processing bin/hw/android.hardware.gatekeeper@1.0-service-qti ...
Processing bin/hw/android.hardware.gnss@2.1-service-qti ...
Processing bin/hw/android.hardware.graphics.composer@2.1-service ...
Processing bin/hw/android.hardware.health@2.1-service ...
Processing bin/hw/android.hardware.ir@1.0-service.wayne ...
Processing bin/hw/android.hardware.keymaster@3.0-service-qti ...
Processing bin/hw/android.hardware.lights-service.wayne ...
Processing bin/hw/android.hardware.media.omx@1.0-service ...
Processing bin/hw/android.hardware.memtrack@1.0-service ...
Processing bin/hw/android.hardware.power-service.wayne-libperfmgr ...
Processing bin/hw/android.hardware.sensors@1.0-service ...
Processing bin/hw/android.hardware.thermal@2.0-service.qti ...
Processing bin/hw/android.hardware.usb@1.3-service-qti ...
Processing bin/hw/android.hardware.wifi-service ...
Processing bin/hw/hostapd ...
Processing bin/hw/qcrild ...
Processing bin/hw/rild ...
Processing bin/hw/vendor.display.color@1.0-service ...
Processing bin/hw/vendor.qti.hardware.alarm@1.0-service ...
Processing bin/hw/vendor.qti.hardware.display.allocator-service ...
Processing bin/hw/vendor.qti.hardware.soter@1.0-service ...
Processing bin/hw/vendor.qti.hardware.tui_comm@1.0-service-qti ...
Processing bin/hw/vendor.qti.hardware.vibrator.service ...
Processing bin/hw/wpa_supplicant ...
Processing etc/IPACM_cfg.xml ...
Processing etc/NOTICE.xml.gz ...
Processing etc/a2dp_in_audio_policy_configuration.xml ...
Processing etc/acdbdata ...
Processing etc/aconfig_flags.pb ...
Processing etc/aidl ...
Processing etc/apdr.conf ...
Processing etc/audio_effects.xml ...
Processing etc/audio_output_policy.conf ...
Processing etc/audio_platform_info_intcodec.xml ...
Processing etc/audio_policy_configuration.xml ...
Processing etc/audio_policy_volumes.xml ...
Processing etc/audio_tuning_mixer.txt ...
Processing etc/bluetooth_audio_policy_configuration.xml ...
Processing etc/boringssl_self_test.no_zygote.rc ...
Processing etc/boringssl_self_test.zygote32.rc ...
Processing etc/boringssl_self_test.zygote64.rc ...
Processing etc/boringssl_self_test.zygote64_32.rc ...
Processing etc/bpf ...
Processing etc/build_flags.json ...
Processing etc/cacert_location.pem ...
Processing etc/camera ...
Processing etc/cgroups.json ...
Processing etc/cne ...
Processing etc/data ...
Processing etc/default-permissions ...
Processing etc/default_volume_tables.xml ...
Processing etc/displayconfig ...
Processing etc/excluded-input-devices.xml ...
Processing etc/flp.conf ...
Processing etc/fs_config_dirs ...
Processing etc/fs_config_files ...
Processing etc/fstab.qcom ...
Processing etc/gps.conf ...
Processing etc/graphite_ipc_platform_info.xml ...
Processing etc/group ...
Processing etc/init ...
Processing etc/izat.conf ...
Processing etc/linker.config.pb ...
Processing etc/listen_platform_info.xml ...
Processing etc/lowi.conf ...
Processing etc/media_codecs.xml ...
Processing etc/media_codecs_google_audio.xml ...
Processing etc/media_codecs_google_telephony.xml ...
Processing etc/media_codecs_google_video.xml ...
Processing etc/media_codecs_performance.xml ...
Processing etc/media_codecs_vendor.xml ...
Processing etc/media_codecs_vendor_audio.xml ...
Processing etc/media_profiles_V1_0.xml ...
Processing etc/mixer_paths.xml ...
Processing etc/mkshrc ...
Processing etc/passwd ...
Processing etc/permissions ...
Processing etc/powerhint.json ...
Processing etc/public.libraries.txt ...
Processing etc/qdcm_calib_data_jdi_nt36672_fhd_video_mode_dsi_panel.xml ...
Processing etc/qdcm_calib_data_tianma_nt36672_fhd_video_mode_dsi_panel.xml ...
Processing etc/r_submix_audio_policy_configuration.xml ...
Processing etc/recovery-resource.dat ...
Processing etc/sap.conf ...
Processing etc/sec_config ...
Processing etc/seccomp_policy ...
Processing etc/selinux ...
Processing etc/sensors ...
Processing etc/sound_trigger_mixer_paths.xml ...
Processing etc/sound_trigger_platform_info.xml ...
Processing etc/task_profiles.json ...
Processing etc/thermal-engine.conf ...
Processing etc/ueventd.rc ...
Processing etc/usb_audio_policy_configuration.xml ...
Processing etc/vintf ...
Processing etc/wifi ...
Processing etc/xtra_root_cert.pem ...
Processing etc/xtwifi.conf ...
Processing etc/acdbdata/MTP ...
Processing etc/acdbdata/adsp_avs_config.acdb ...
Processing etc/acdbdata/MTP/MTP_Bluetooth_cal.acdb ...
Processing etc/acdbdata/MTP/MTP_General_cal.acdb ...
Processing etc/acdbdata/MTP/MTP_Global_cal.acdb ...
Processing etc/acdbdata/MTP/MTP_Handset_cal.acdb ...
Processing etc/acdbdata/MTP/MTP_Hdmi_cal.acdb ...
Processing etc/acdbdata/MTP/MTP_Headset_cal.acdb ...
Processing etc/acdbdata/MTP/MTP_Speaker_cal.acdb ...
Processing etc/acdbdata/MTP/MTP_workspaceFile.qwsp ...
Processing etc/aidl/hfp ...
Processing etc/aidl/le_audio ...
Processing etc/aidl/hfp/hfp_codec_capabilities.xml ...
Processing etc/aidl/le_audio/aidl_audio_set_configurations.bfbs ...
Processing etc/aidl/le_audio/aidl_audio_set_scenarios.bfbs ...
Processing etc/aidl/le_audio/aidl_default_audio_set_configurations.json ...
Processing etc/aidl/le_audio/aidl_default_audio_set_scenarios.json ...
Processing etc/bpf/filterPowerSupplyEvents.o ...
Processing etc/camera/camera_config.xml ...
Processing etc/camera/wayne_imx376_ofilm_cn_back_ii_chromatix.xml ...
Processing etc/camera/wayne_imx376_ofilm_cn_front_ii_chromatix.xml ...
Processing etc/camera/wayne_imx376_ofilm_india_back_ii_chromatix.xml ...
Processing etc/camera/wayne_imx376_ofilm_india_front_ii_chromatix.xml ...
Processing etc/camera/wayne_imx376_sunny_cn_back_i_chromatix.xml ...
Processing etc/camera/wayne_imx376_sunny_cn_back_iii_chromatix.xml ...
Processing etc/camera/wayne_imx376_sunny_cn_front_i_chromatix.xml ...
Processing etc/camera/wayne_imx376_sunny_india_back_i_chromatix.xml ...
Processing etc/camera/wayne_imx376_sunny_india_back_iii_chromatix.xml ...
Processing etc/camera/wayne_imx376_sunny_india_front_i_chromatix.xml ...
Processing etc/camera/wayne_imx486_ofilm_cn_ii_chromatix.xml ...
Processing etc/camera/wayne_imx486_ofilm_india_ii_chromatix.xml ...
Processing etc/camera/wayne_imx486_sunny_cn_i_chromatix.xml ...
Processing etc/camera/wayne_imx486_sunny_cn_iii_chromatix.xml ...
Processing etc/camera/wayne_imx486_sunny_india_i_chromatix.xml ...
Processing etc/camera/wayne_imx486_sunny_india_iii_chromatix.xml ...
Processing etc/cne/mwqem.conf ...
Processing etc/cne/profileMwqem.xml ...
Processing etc/cne/wqeclient ...
Processing etc/cne/wqeclient/ATT ...
Processing etc/cne/wqeclient/ROW ...
Processing etc/cne/wqeclient/VZW ...
Processing etc/cne/wqeclient/ATT/ATT_profile1.xml ...
Processing etc/cne/wqeclient/ATT/ATT_profile2.xml ...
Processing etc/cne/wqeclient/ATT/ATT_profile3.xml ...
Processing etc/cne/wqeclient/ATT/ATT_profile4.xml ...
Processing etc/cne/wqeclient/ATT/ATT_profile5.xml ...
Processing etc/cne/wqeclient/ATT/ATT_profile6.xml ...
Processing etc/cne/wqeclient/ROW/ROW_profile1.xml ...
Processing etc/cne/wqeclient/ROW/ROW_profile15.xml ...
Processing etc/cne/wqeclient/ROW/ROW_profile16.xml ...
Processing etc/cne/wqeclient/ROW/ROW_profile17.xml ...
Processing etc/cne/wqeclient/ROW/ROW_profile18.xml ...
Processing etc/cne/wqeclient/ROW/ROW_profile19.xml ...
Processing etc/cne/wqeclient/ROW/ROW_profile2.xml ...
Processing etc/cne/wqeclient/ROW/ROW_profile20.xml ...
Processing etc/cne/wqeclient/ROW/ROW_profile21.xml ...
Processing etc/cne/wqeclient/ROW/ROW_profile3.xml ...
Processing etc/cne/wqeclient/ROW/ROW_profile32.xml ...
Processing etc/cne/wqeclient/ROW/ROW_profile4.xml ...
Processing etc/cne/wqeclient/ROW/ROW_profile5.xml ...
Processing etc/cne/wqeclient/ROW/ROW_profile6.xml ...
Processing etc/cne/wqeclient/ROW/ROW_profile7.xml ...
Processing etc/cne/wqeclient/VZW/VZW_profile1.xml ...
Processing etc/cne/wqeclient/VZW/VZW_profile2.xml ...
Processing etc/cne/wqeclient/VZW/VZW_profile3.xml ...
Processing etc/cne/wqeclient/VZW/VZW_profile4.xml ...
Processing etc/cne/wqeclient/VZW/VZW_profile5.xml ...
Processing etc/cne/wqeclient/VZW/VZW_profile6.xml ...
Processing etc/data/dsi_config.xml ...
Processing etc/data/netmgr_config.xml ...
Processing etc/default-permissions/com.qualcomm.qti.cne.xml ...
Processing etc/displayconfig/display_id_0.xml ...
Processing etc/init/android.hardware.audio.service.rc ...
Processing etc/init/android.hardware.biometrics.fingerprint@2.1-service.wayne.rc ...
Processing etc/init/android.hardware.bluetooth@1.0-service-qti.rc ...
Processing etc/init/android.hardware.camera.provider@2.4-service.rc ...
Processing etc/init/android.hardware.cas@1.2-service.rc ...
Processing etc/init/android.hardware.drm-service.clearkey.rc ...
Processing etc/init/android.hardware.drm@1.3-service.widevine.rc ...
Processing etc/init/android.hardware.gatekeeper@1.0-service-qti.rc ...
Processing etc/init/android.hardware.gnss@2.1-service-qti.rc ...
Processing etc/init/android.hardware.graphics.composer@2.1-service.rc ...
Processing etc/init/android.hardware.health@2.1-service.rc ...
Processing etc/init/android.hardware.ir@1.0-service.wayne.rc ...
Processing etc/init/android.hardware.keymaster@3.0-service-qti.rc ...
Processing etc/init/android.hardware.lights.wayne.rc ...
Processing etc/init/android.hardware.media.omx@1.0-service.rc ...
Processing etc/init/android.hardware.memtrack@1.0-service.rc ...
Processing etc/init/android.hardware.power-service.wayne-libperfmgr.rc ...
Processing etc/init/android.hardware.sensors@1.0-service.rc ...
Processing etc/init/android.hardware.thermal@2.0-service.qti.rc ...
Processing etc/init/android.hardware.usb@1.3-service-qti.rc ...
Processing etc/init/android.hardware.wifi-service.rc ...
Processing etc/init/android.hardware.wifi.supplicant-service.rc ...
Processing etc/init/boringssl_self_test.rc ...
Processing etc/init/cnd.rc ...
Processing etc/init/dataadpl.rc ...
Processing etc/init/dataqti.rc ...
Processing etc/init/dpmQmiMgr.rc ...
Processing etc/init/hostapd.android.rc ...
Processing etc/init/hw ...
Processing etc/init/ims_rtp_daemon_legacy.rc ...
Processing etc/init/imsdatadaemon.rc ...
Processing etc/init/imsqmidaemon.rc ...
Processing etc/init/imsrcsd.rc ...
Processing etc/init/init-qcril-data.rc ...
Processing etc/init/init.time_daemon.rc ...
Processing etc/init/ipacm.rc ...
Processing etc/init/netmgrd.rc ...
Processing etc/init/port-bridge.rc ...
Processing etc/init/qcrild.rc ...
Processing etc/init/rild.rc ...
Processing etc/init/vendor.display.color@1.0-service.rc ...
Processing etc/init/vendor.qti.adsprpc-service.rc ...
Processing etc/init/vendor.qti.hardware.alarm@1.0-service.rc ...
Processing etc/init/vendor.qti.hardware.display.allocator-service.rc ...
Processing etc/init/vendor.qti.hardware.dsp@1.0-service.rc ...
Processing etc/init/vendor.qti.hardware.soter@1.0-service.rc ...
Processing etc/init/vendor.qti.hardware.tui_comm@1.0-service-qti.rc ...
Processing etc/init/vendor.qti.hardware.vibrator.service.rc ...
Processing etc/init/vendor.qti.rmt_storage.rc ...
Processing etc/init/vendor.qti.tftp.rc ...
Processing etc/init/vendor.xiaomi.hardware.mlipay@1.1-service.rc ...
Processing etc/init/vendor_flash_recovery.rc ...
Processing etc/init/vndservicemanager.rc ...
Processing etc/init/hw/init.qcom.power.rc ...
Processing etc/init/hw/init.qcom.rc ...
Processing etc/init/hw/init.qcom.usb.rc ...
Processing etc/init/hw/init.target.rc ...
Processing etc/permissions/android.hardware.audio.low_latency.xml ...
Processing etc/permissions/android.hardware.bluetooth.xml ...
Processing etc/permissions/android.hardware.bluetooth_le.xml ...
Processing etc/permissions/android.hardware.camera.flash-autofocus.xml ...
Processing etc/permissions/android.hardware.camera.front.xml ...
Processing etc/permissions/android.hardware.camera.full.xml ...
Processing etc/permissions/android.hardware.camera.raw.xml ...
Processing etc/permissions/android.hardware.consumerir.xml ...
Processing etc/permissions/android.hardware.fingerprint.xml ...
Processing etc/permissions/android.hardware.location.gps.xml ...
Processing etc/permissions/android.hardware.opengles.aep.xml ...
Processing etc/permissions/android.hardware.sensor.accelerometer.xml ...
Processing etc/permissions/android.hardware.sensor.barometer.xml ...
Processing etc/permissions/android.hardware.sensor.compass.xml ...
Processing etc/permissions/android.hardware.sensor.gyroscope.xml ...
Processing etc/permissions/android.hardware.sensor.light.xml ...
Processing etc/permissions/android.hardware.sensor.proximity.xml ...
Processing etc/permissions/android.hardware.sensor.stepcounter.xml ...
Processing etc/permissions/android.hardware.sensor.stepdetector.xml ...
Processing etc/permissions/android.hardware.telephony.cdma.xml ...
Processing etc/permissions/android.hardware.telephony.gsm.xml ...
Processing etc/permissions/android.hardware.telephony.ims.xml ...
Processing etc/permissions/android.hardware.touchscreen.multitouch.jazzhand.xml ...
Processing etc/permissions/android.hardware.usb.accessory.xml ...
Processing etc/permissions/android.hardware.usb.host.xml ...
Processing etc/permissions/android.hardware.vulkan.compute.xml ...
Processing etc/permissions/android.hardware.vulkan.level.xml ...
Processing etc/permissions/android.hardware.vulkan.version-1_1.xml ...
Processing etc/permissions/android.hardware.wifi.direct.xml ...
Processing etc/permissions/android.hardware.wifi.passpoint.xml ...
Processing etc/permissions/android.hardware.wifi.xml ...
Processing etc/permissions/android.software.ipsec_tunnels.xml ...
Processing etc/permissions/android.software.midi.xml ...
Processing etc/permissions/android.software.opengles.deqp.level.xml ...
Processing etc/permissions/android.software.sip.voip.xml ...
Processing etc/permissions/android.software.verified_boot.xml ...
Processing etc/permissions/android.software.vulkan.deqp.level.xml ...
Processing etc/permissions/handheld_core_hardware.xml ...
Processing etc/seccomp_policy/imsrtp.policy ...
Processing etc/seccomp_policy/mediacodec.policy ...
Processing etc/seccomp_policy/mediaextractor.policy ...
Processing etc/seccomp_policy/vendor.qti.hardware.dsp.policy ...
Processing etc/selinux/plat_pub_versioned.cil ...
Processing etc/selinux/plat_sepolicy_vers.txt ...
Processing etc/selinux/precompiled_sepolicy ...
Processing etc/selinux/precompiled_sepolicy.plat_sepolicy_and_mapping.sha256 ...
Processing etc/selinux/precompiled_sepolicy.product_sepolicy_and_mapping.sha256 ...
Processing etc/selinux/precompiled_sepolicy.system_ext_sepolicy_and_mapping.sha256 ...
Processing etc/selinux/selinux_denial_metadata ...
Processing etc/selinux/vendor_file_contexts ...
Processing etc/selinux/vendor_hwservice_contexts ...
Processing etc/selinux/vendor_keystore2_key_contexts ...
Processing etc/selinux/vendor_mac_permissions.xml ...
Processing etc/selinux/vendor_property_contexts ...
Processing etc/selinux/vendor_seapp_contexts ...
Processing etc/selinux/vendor_sepolicy.cil ...
Processing etc/selinux/vendor_service_contexts ...
Processing etc/selinux/vndservice_contexts ...
Processing etc/sensors/hals.conf ...
Processing etc/vintf/compatibility_matrix.xml ...
Processing etc/vintf/manifest ...
Processing etc/vintf/manifest.xml ...
Processing etc/vintf/manifest/android.hardware.biometrics.fingerprint@2.1-service.wayne.xml ...
Processing etc/vintf/manifest/android.hardware.cas@1.2-service.xml ...
Processing etc/vintf/manifest/android.hardware.drm-service.clearkey.xml ...
Processing etc/vintf/manifest/android.hardware.gnss@2.1-service-qti.xml ...
Processing etc/vintf/manifest/android.hardware.graphics.mapper-impl-qti-display.xml ...
Processing etc/vintf/manifest/android.hardware.health@2.1.xml ...
Processing etc/vintf/manifest/android.hardware.ir@1.0-service.wayne.xml ...
Processing etc/vintf/manifest/android.hardware.lights.wayne.xml ...
Processing etc/vintf/manifest/android.hardware.power-service.wayne.xml ...
Processing etc/vintf/manifest/android.hardware.thermal@2.0-service.qti.xml ...
Processing etc/vintf/manifest/android.hardware.usb@1.3-service-qti.xml ...
Processing etc/vintf/manifest/android.hardware.wifi-service.xml ...
Processing etc/vintf/manifest/android.hardware.wifi.hostapd.xml ...
Processing etc/vintf/manifest/android.hardware.wifi.supplicant.xml ...
Processing etc/vintf/manifest/bluetooth_audio.xml ...
Processing etc/vintf/manifest/manifest_android.hardware.drm@1.3-service.widevine.xml ...
Processing etc/vintf/manifest/vendor.qti.gnss@4.0-service.xml ...
Processing etc/vintf/manifest/vendor.qti.hardware.display.allocator-service.xml ...
Processing etc/vintf/manifest/vendor.qti.hardware.vibrator.service.xml ...
Processing etc/wifi/WCNSS_qcom_cfg.ini ...
Processing etc/wifi/p2p_supplicant_overlay.conf ...
Processing etc/wifi/wpa_supplicant.conf ...
Processing etc/wifi/wpa_supplicant_overlay.conf ...
Processing firmware/a512_zap.b00 ...
Processing firmware/a512_zap.b01 ...
Processing firmware/a512_zap.b02 ...
Processing firmware/a512_zap.elf ...
Processing firmware/a512_zap.mdt ...
Processing firmware/a530_pfp.fw ...
Processing firmware/a530_pm4.fw ...
Processing firmware/a540_gpmu.fw2 ...
Processing firmware/cpp_firmware_v1_12_0.fw ...
Processing firmware/dbmd4_va_fw.bin ...
Processing firmware/fpctzappfingerprint.b00 ...
Processing firmware/fpctzappfingerprint.b01 ...
Processing firmware/fpctzappfingerprint.b02 ...
Processing firmware/fpctzappfingerprint.b03 ...
Processing firmware/fpctzappfingerprint.b04 ...
Processing firmware/fpctzappfingerprint.b05 ...
Processing firmware/fpctzappfingerprint.b06 ...
Processing firmware/fpctzappfingerprint.b07 ...
Processing firmware/fpctzappfingerprint.mdt ...
Processing firmware/goodixfp.b00 ...
Processing firmware/goodixfp.b01 ...
Processing firmware/goodixfp.b02 ...
Processing firmware/goodixfp.b03 ...
Processing firmware/goodixfp.b04 ...
Processing firmware/goodixfp.b05 ...
Processing firmware/goodixfp.b06 ...
Processing firmware/goodixfp.b07 ...
Processing firmware/goodixfp.mdt ...
Processing firmware/tas2557_uCDSP.bin ...
Processing firmware/tfa98xx.cnt ...
Processing firmware/wlan ...
Processing firmware/wlan/qca_cld ...
Processing firmware/wlan/qca_cld/WCNSS_qcom_cfg.ini ...
Processing firmware/wlan/qca_cld/wlan_mac.bin ...
Processing lib/android.frameworks.displayservice@1.0.so ...
Processing lib/android.frameworks.sensorservice-V1-ndk.so ...
Processing lib/android.frameworks.sensorservice@1.0.so ...
Processing lib/android.hardware.audio.common-V4-ndk.so ...
Processing lib/android.hardware.audio.common-util.so ...
Processing lib/android.hardware.audio.common@2.0.so ...
Processing lib/android.hardware.audio.common@5.0.so ...
Processing lib/android.hardware.audio.common@6.0-util.so ...
Processing lib/android.hardware.audio.common@6.0.so ...
Processing lib/android.hardware.audio.effect@6.0-util.so ...
Processing lib/android.hardware.audio.effect@6.0.so ...
Processing lib/android.hardware.audio@6.0-util.so ...
Processing lib/android.hardware.audio@6.0.so ...
Processing lib/android.hardware.bluetooth.audio-V5-ndk.so ...
Processing lib/android.hardware.bluetooth.audio-impl.so ...
Processing lib/android.hardware.bluetooth.audio@2.0.so ...
Processing lib/android.hardware.bluetooth.audio@2.1.so ...
Processing lib/android.hardware.bluetooth@1.0.so ...
Processing lib/android.hardware.camera.common@1.0.so ...
Processing lib/android.hardware.camera.device@1.0.so ...
Processing lib/android.hardware.camera.device@3.2.so ...
Processing lib/android.hardware.camera.device@3.3.so ...
Processing lib/android.hardware.camera.device@3.4.so ...
Processing lib/android.hardware.camera.device@3.5.so ...
Processing lib/android.hardware.camera.device@3.6.so ...
Processing lib/android.hardware.camera.provider@2.4-external.so ...
Processing lib/android.hardware.camera.provider@2.4-legacy.so ...
Processing lib/android.hardware.camera.provider@2.4.so ...
Processing lib/android.hardware.cas.native@1.0.so ...
Processing lib/android.hardware.cas@1.0.so ...
Processing lib/android.hardware.cas@1.1.so ...
Processing lib/android.hardware.cas@1.2.so ...
Processing lib/android.hardware.common-V2-ndk.so ...
Processing lib/android.hardware.common.fmq-V1-ndk.so ...
Processing lib/android.hardware.drm@1.0.so ...
Processing lib/android.hardware.drm@1.1.so ...
Processing lib/android.hardware.drm@1.2.so ...
Processing lib/android.hardware.drm@1.3.so ...
Processing lib/android.hardware.gatekeeper@1.0.so ...
Processing lib/android.hardware.gnss.measurement_corrections@1.0.so ...
Processing lib/android.hardware.gnss.measurement_corrections@1.1.so ...
Processing lib/android.hardware.gnss.visibility_control@1.0.so ...
Processing lib/android.hardware.gnss@1.0.so ...
Processing lib/android.hardware.gnss@1.1.so ...
Processing lib/android.hardware.gnss@2.0.so ...
Processing lib/android.hardware.gnss@2.1.so ...
Processing lib/android.hardware.graphics.allocator-V2-ndk.so ...
Processing lib/android.hardware.graphics.allocator@2.0.so ...
Processing lib/android.hardware.graphics.allocator@3.0.so ...
Processing lib/android.hardware.graphics.allocator@4.0.so ...
Processing lib/android.hardware.graphics.bufferqueue@1.0.so ...
Processing lib/android.hardware.graphics.bufferqueue@2.0.so ...
Processing lib/android.hardware.graphics.common-V5-ndk.so ...
Processing lib/android.hardware.graphics.common@1.0.so ...
Processing lib/android.hardware.graphics.common@1.1.so ...
Processing lib/android.hardware.graphics.common@1.2.so ...
Processing lib/android.hardware.graphics.composer@2.1.so ...
Processing lib/android.hardware.graphics.mapper@2.0.so ...
Processing lib/android.hardware.graphics.mapper@2.1.so ...
Processing lib/android.hardware.graphics.mapper@3.0.so ...
Processing lib/android.hardware.graphics.mapper@4.0.so ...
Processing lib/android.hardware.health@1.0.so ...
Processing lib/android.hardware.health@2.0.so ...
Processing lib/android.hardware.health@2.1.so ...
Processing lib/android.hardware.keymaster@3.0.so ...
Processing lib/android.hardware.keymaster@4.0.so ...
Processing lib/android.hardware.media.bufferpool@2.0.so ...
Processing lib/android.hardware.media.c2@1.0.so ...
Processing lib/android.hardware.media.omx@1.0.so ...
Processing lib/android.hardware.media@1.0.so ...
Processing lib/android.hardware.memtrack@1.0.so ...
Processing lib/android.hardware.power@1.0.so ...
Processing lib/android.hardware.power@1.1.so ...
Processing lib/android.hardware.power@1.2.so ...
Processing lib/android.hardware.radio.config@1.0.so ...
Processing lib/android.hardware.radio.config@1.1.so ...
Processing lib/android.hardware.radio.config@1.2.so ...
Processing lib/android.hardware.radio.config@1.3.so ...
Processing lib/android.hardware.radio.deprecated@1.0.so ...
Processing lib/android.hardware.radio@1.0.so ...
Processing lib/android.hardware.radio@1.1.so ...
Processing lib/android.hardware.radio@1.2.so ...
Processing lib/android.hardware.radio@1.3.so ...
Processing lib/android.hardware.radio@1.4.so ...
Processing lib/android.hardware.radio@1.5.so ...
Processing lib/android.hardware.radio@1.6.so ...
Processing lib/android.hardware.secure_element@1.0.so ...
Processing lib/android.hardware.secure_element@1.1.so ...
Processing lib/android.hardware.secure_element@1.2.so ...
Processing lib/android.hardware.security.keymint-V1-ndk.so ...
Processing lib/android.hardware.security.secureclock-V1-ndk.so ...
Processing lib/android.hardware.sensors-V2-ndk.so ...
Processing lib/android.hardware.sensors@1.0.so ...
Processing lib/android.hardware.soundtrigger@2.0-core.so ...
Processing lib/android.hardware.soundtrigger@2.0.so ...
Processing lib/android.hardware.soundtrigger@2.1.so ...
Processing lib/android.hardware.soundtrigger@2.2.so ...
Processing lib/android.hardware.soundtrigger@2.3.so ...
Processing lib/android.hidl.allocator@1.0.so ...
Processing lib/android.hidl.base@1.0.so ...
Processing lib/android.hidl.memory.token@1.0.so ...
Processing lib/android.hidl.memory@1.0.so ...
Processing lib/android.hidl.safe_union@1.0.so ...
Processing lib/android.hidl.token@1.0-utils.so ...
Processing lib/android.hidl.token@1.0.so ...
Processing lib/android.media.audio.common.types-V4-ndk.so ...
Processing lib/android.system.keystore2-V1-ndk.so ...
Processing lib/android.system.net.netd@1.0.so ...
Processing lib/android.system.net.netd@1.1.so ...
Processing lib/android.system.suspend-V1-ndk.so ...
Processing lib/android.system.wifi.keystore@1.0.so ...
Processing lib/camera.device@1.0-impl.so ...
Processing lib/camera.device@3.2-impl.so ...
Processing lib/camera.device@3.3-impl.so ...
Processing lib/camera.device@3.4-external-impl.so ...
Processing lib/camera.device@3.4-impl.so ...
Processing lib/camera.device@3.5-external-impl.so ...
Processing lib/camera.device@3.5-impl.so ...
Processing lib/camera.device@3.6-external-impl.so ...
Processing lib/com.dsi.ant@1.0.so ...
Processing lib/egl ...
Processing lib/hw ...
Processing lib/libAlacSwDec.so ...
Processing lib/libApeSwDec.so ...
Processing lib/libC2D2.so ...
Processing lib/libCB.so ...
Processing lib/libEGL_adreno.so ...
Processing lib/libFlacSwDec.so ...
Processing lib/libGLESv2_adreno.so ...
Processing lib/libI420colorconvert.so ...
Processing lib/libOmxAacDec.so ...
Processing lib/libOmxAacEnc.so ...
Processing lib/libOmxAlacDec.so ...
Processing lib/libOmxAlacDecSw.so ...
Processing lib/libOmxAmrDec.so ...
Processing lib/libOmxAmrEnc.so ...
Processing lib/libOmxAmrwbplusDec.so ...
Processing lib/libOmxApeDec.so ...
Processing lib/libOmxApeDecSw.so ...
Processing lib/libOmxCore.so ...
Processing lib/libOmxDsdDec.so ...
Processing lib/libOmxEvrcDec.so ...
Processing lib/libOmxEvrcEnc.so ...
Processing lib/libOmxG711Dec.so ...
Processing lib/libOmxG711Enc.so ...
Processing lib/libOmxQcelp13Dec.so ...
Processing lib/libOmxQcelp13Enc.so ...
Processing lib/libOmxVdec.so ...
Processing lib/libOmxVenc.so ...
Processing lib/libOmxVideoDSMode.so ...
Processing lib/libOmxWmaDec.so ...
Processing lib/libOpenCL.so ...
Processing lib/libVkLayer_q3dtools.so ...
Processing lib/lib_algo_svhdr.so ...
Processing lib/libacdb-fts.so ...
Processing lib/libacdbloader.so ...
Processing lib/libacdbrtac.so ...
Processing lib/libaconfig_storage_read_api_cc.so ...
Processing lib/libactuator_wayne_imx376_ofilm_back_ii_dw9763.so ...
Processing lib/libactuator_wayne_imx376_sunny_back_i_dw9763.so ...
Processing lib/libactuator_wayne_imx486_ofilm_ii_dw9763.so ...
Processing lib/libactuator_wayne_imx486_sunny_i_dw9763.so ...
Processing lib/libadiertac.so ...
Processing lib/libadm.so ...
Processing lib/libadpcmdec.so ...
Processing lib/libadreno_utils.so ...
Processing lib/libadsp_default_listener.so ...
Processing lib/libadsprpc.so ...
Processing lib/libalsautils.so ...
Processing lib/libaudcal.so ...
Processing lib/libaudioroute.so ...
Processing lib/libaudioutils.so ...
Processing lib/libavservices_minijail.so ...
Processing lib/libbase.so ...
Processing lib/libbatching.so ...
Processing lib/libbinder.so ...
Processing lib/libbluetooth_audio_session.so ...
Processing lib/libbluetooth_audio_session_aidl.so ...
Processing lib/libc++.so ...
Processing lib/libc2d30_bltlib.so ...
Processing lib/libc2dcolorconvert.so ...
Processing lib/libcamera_metadata.so ...
Processing lib/libcap.so ...
Processing lib/libcdsprpc.so ...
Processing lib/libchromatix_wayne_imx376_ofilm_cn_back_ii_bokeh_preview.so ...
Processing lib/libchromatix_wayne_imx376_ofilm_cn_back_ii_bokeh_preview_3a.so ...
Processing lib/libchromatix_wayne_imx376_ofilm_cn_back_ii_common.so ...
Processing lib/libchromatix_wayne_imx376_ofilm_cn_back_ii_cpp_hfr_120.so ...
Processing lib/libchromatix_wayne_imx376_ofilm_cn_back_ii_cpp_liveshot.so ...
Processing lib/libchromatix_wayne_imx376_ofilm_cn_back_ii_cpp_preview.so ...
Processing lib/libchromatix_wayne_imx376_ofilm_cn_back_ii_cpp_snapshot.so ...
Processing lib/libchromatix_wayne_imx376_ofilm_cn_back_ii_cpp_snapshot_5M.so ...
Processing lib/libchromatix_wayne_imx376_ofilm_cn_back_ii_cpp_snapshot_5M_hht.so ...
Processing lib/libchromatix_wayne_imx376_ofilm_cn_back_ii_cpp_snapshot_bokeh.so ...
Processing lib/libchromatix_wayne_imx376_ofilm_cn_back_ii_cpp_snapshot_downscale.so ...
Processing lib/libchromatix_wayne_imx376_ofilm_cn_back_ii_cpp_snapshot_hht.so ...
Processing lib/libchromatix_wayne_imx376_ofilm_cn_back_ii_cpp_snapshot_upscale.so ...
Processing lib/libchromatix_wayne_imx376_ofilm_cn_back_ii_cpp_video.so ...
Processing lib/libchromatix_wayne_imx376_ofilm_cn_back_ii_cpp_video_default.so ...
Processing lib/libchromatix_wayne_imx376_ofilm_cn_back_ii_cpp_video_weixin.so ...
Processing lib/libchromatix_wayne_imx376_ofilm_cn_back_ii_default_preview_3a.so ...
Processing lib/libchromatix_wayne_imx376_ofilm_cn_back_ii_default_video_3a.so ...
Processing lib/libchromatix_wayne_imx376_ofilm_cn_back_ii_flash_preview_3a.so ...
Processing lib/libchromatix_wayne_imx376_ofilm_cn_back_ii_flash_video_3a.so ...
Processing lib/libchromatix_wayne_imx376_ofilm_cn_back_ii_fullsize_preview_3a.so ...
Processing lib/libchromatix_wayne_imx376_ofilm_cn_back_ii_fullsize_video_3a.so ...
Processing lib/libchromatix_wayne_imx376_ofilm_cn_back_ii_hfr_120.so ...
Processing lib/libchromatix_wayne_imx376_ofilm_cn_back_ii_hfr_120_3a.so ...
Processing lib/libchromatix_wayne_imx376_ofilm_cn_back_ii_postproc.so ...
Processing lib/libchromatix_wayne_imx376_ofilm_cn_back_ii_preview.so ...
Processing lib/libchromatix_wayne_imx376_ofilm_cn_back_ii_snapshot.so ...
Processing lib/libchromatix_wayne_imx376_ofilm_cn_back_ii_video_default.so ...
Processing lib/libchromatix_wayne_imx376_ofilm_cn_back_ii_video_weixin.so ...
Processing lib/libchromatix_wayne_imx376_ofilm_cn_back_ii_weixin_video_3a.so ...
Processing lib/libchromatix_wayne_imx376_ofilm_cn_front_ii_common.so ...
Processing lib/libchromatix_wayne_imx376_ofilm_cn_front_ii_cpp_liveshot.so ...
Processing lib/libchromatix_wayne_imx376_ofilm_cn_front_ii_cpp_preview.so ...
Processing lib/libchromatix_wayne_imx376_ofilm_cn_front_ii_cpp_snapshot.so ...
Processing lib/libchromatix_wayne_imx376_ofilm_cn_front_ii_cpp_snapshot_5M.so ...
Processing lib/libchromatix_wayne_imx376_ofilm_cn_front_ii_cpp_snapshot_5M_hht.so ...
Processing lib/libchromatix_wayne_imx376_ofilm_cn_front_ii_cpp_snapshot_downscale.so ...
Processing lib/libchromatix_wayne_imx376_ofilm_cn_front_ii_cpp_snapshot_hdr.so ...
Processing lib/libchromatix_wayne_imx376_ofilm_cn_front_ii_cpp_snapshot_hht.so ...
Processing lib/libchromatix_wayne_imx376_ofilm_cn_front_ii_cpp_snapshot_upscale.so ...
Processing lib/libchromatix_wayne_imx376_ofilm_cn_front_ii_cpp_video.so ...
Processing lib/libchromatix_wayne_imx376_ofilm_cn_front_ii_cpp_video_default.so ...
Processing lib/libchromatix_wayne_imx376_ofilm_cn_front_ii_cpp_video_face.so ...
Processing lib/libchromatix_wayne_imx376_ofilm_cn_front_ii_cpp_video_weixin.so ...
Processing lib/libchromatix_wayne_imx376_ofilm_cn_front_ii_default_preview_3a.so ...
Processing lib/libchromatix_wayne_imx376_ofilm_cn_front_ii_default_video_3a.so ...
Processing lib/libchromatix_wayne_imx376_ofilm_cn_front_ii_face_video_3a.so ...
Processing lib/libchromatix_wayne_imx376_ofilm_cn_front_ii_flash_cpp_liveshot.so ...
Processing lib/libchromatix_wayne_imx376_ofilm_cn_front_ii_flash_cpp_preview.so ...
Processing lib/libchromatix_wayne_imx376_ofilm_cn_front_ii_flash_cpp_snapshot.so ...
Processing lib/libchromatix_wayne_imx376_ofilm_cn_front_ii_flash_cpp_video.so ...
Processing lib/libchromatix_wayne_imx376_ofilm_cn_front_ii_flash_preview.so ...
Processing lib/libchromatix_wayne_imx376_ofilm_cn_front_ii_flash_preview_3a.so ...
Processing lib/libchromatix_wayne_imx376_ofilm_cn_front_ii_flash_snapshot.so ...
Processing lib/libchromatix_wayne_imx376_ofilm_cn_front_ii_flash_video.so ...
Processing lib/libchromatix_wayne_imx376_ofilm_cn_front_ii_flash_video_3a.so ...
Processing lib/libchromatix_wayne_imx376_ofilm_cn_front_ii_fullsize_preview_3a.so ...
Processing lib/libchromatix_wayne_imx376_ofilm_cn_front_ii_fullsize_video_3a.so ...
Processing lib/libchromatix_wayne_imx376_ofilm_cn_front_ii_postproc.so ...
Processing lib/libchromatix_wayne_imx376_ofilm_cn_front_ii_preview.so ...
Processing lib/libchromatix_wayne_imx376_ofilm_cn_front_ii_snapshot.so ...
Processing lib/libchromatix_wayne_imx376_ofilm_cn_front_ii_snapshot_hdr.so ...
Processing lib/libchromatix_wayne_imx376_ofilm_cn_front_ii_video_default.so ...
Processing lib/libchromatix_wayne_imx376_ofilm_cn_front_ii_video_face.so ...
Processing lib/libchromatix_wayne_imx376_ofilm_cn_front_ii_video_weixin.so ...
Processing lib/libchromatix_wayne_imx376_ofilm_cn_front_ii_weixin_video_3a.so ...
Processing lib/libchromatix_wayne_imx376_ofilm_india_back_ii_bokeh_preview.so ...
Processing lib/libchromatix_wayne_imx376_ofilm_india_back_ii_bokeh_preview_3a.so ...
Processing lib/libchromatix_wayne_imx376_ofilm_india_back_ii_common.so ...
Processing lib/libchromatix_wayne_imx376_ofilm_india_back_ii_cpp_liveshot.so ...
Processing lib/libchromatix_wayne_imx376_ofilm_india_back_ii_cpp_preview.so ...
Processing lib/libchromatix_wayne_imx376_ofilm_india_back_ii_cpp_snapshot.so ...
Processing lib/libchromatix_wayne_imx376_ofilm_india_back_ii_cpp_snapshot_5M.so ...
Processing lib/libchromatix_wayne_imx376_ofilm_india_back_ii_cpp_snapshot_5M_hht.so ...
Processing lib/libchromatix_wayne_imx376_ofilm_india_back_ii_cpp_snapshot_bokeh.so ...
Processing lib/libchromatix_wayne_imx376_ofilm_india_back_ii_cpp_snapshot_downscale.so ...
Processing lib/libchromatix_wayne_imx376_ofilm_india_back_ii_cpp_snapshot_hht.so ...
Processing lib/libchromatix_wayne_imx376_ofilm_india_back_ii_cpp_snapshot_upscale.so ...
Processing lib/libchromatix_wayne_imx376_ofilm_india_back_ii_cpp_video.so ...
Processing lib/libchromatix_wayne_imx376_ofilm_india_back_ii_cpp_video_default.so ...
Processing lib/libchromatix_wayne_imx376_ofilm_india_back_ii_cpp_video_weixin.so ...
Processing lib/libchromatix_wayne_imx376_ofilm_india_back_ii_default_preview_3a.so ...
Processing lib/libchromatix_wayne_imx376_ofilm_india_back_ii_default_video_3a.so ...
Processing lib/libchromatix_wayne_imx376_ofilm_india_back_ii_flash_preview_3a.so ...
Processing lib/libchromatix_wayne_imx376_ofilm_india_back_ii_flash_video_3a.so ...
Processing lib/libchromatix_wayne_imx376_ofilm_india_back_ii_fullsize_preview_3a.so ...
Processing lib/libchromatix_wayne_imx376_ofilm_india_back_ii_fullsize_video_3a.so ...
Processing lib/libchromatix_wayne_imx376_ofilm_india_back_ii_postproc.so ...
Processing lib/libchromatix_wayne_imx376_ofilm_india_back_ii_preview.so ...
Processing lib/libchromatix_wayne_imx376_ofilm_india_back_ii_snapshot.so ...
Processing lib/libchromatix_wayne_imx376_ofilm_india_back_ii_video_default.so ...
Processing lib/libchromatix_wayne_imx376_ofilm_india_back_ii_video_weixin.so ...
Processing lib/libchromatix_wayne_imx376_ofilm_india_back_ii_weixin_video_3a.so ...
Processing lib/libchromatix_wayne_imx376_ofilm_india_front_ii_common.so ...
Processing lib/libchromatix_wayne_imx376_ofilm_india_front_ii_cpp_liveshot.so ...
Processing lib/libchromatix_wayne_imx376_ofilm_india_front_ii_cpp_preview.so ...
Processing lib/libchromatix_wayne_imx376_ofilm_india_front_ii_cpp_snapshot.so ...
Processing lib/libchromatix_wayne_imx376_ofilm_india_front_ii_cpp_snapshot_5M.so ...
Processing lib/libchromatix_wayne_imx376_ofilm_india_front_ii_cpp_snapshot_5M_hht.so ...
Processing lib/libchromatix_wayne_imx376_ofilm_india_front_ii_cpp_snapshot_downscale.so ...
Processing lib/libchromatix_wayne_imx376_ofilm_india_front_ii_cpp_snapshot_hdr.so ...
Processing lib/libchromatix_wayne_imx376_ofilm_india_front_ii_cpp_snapshot_hht.so ...
Processing lib/libchromatix_wayne_imx376_ofilm_india_front_ii_cpp_snapshot_upscale.so ...
Processing lib/libchromatix_wayne_imx376_ofilm_india_front_ii_cpp_video.so ...
Processing lib/libchromatix_wayne_imx376_ofilm_india_front_ii_cpp_video_default.so ...
Processing lib/libchromatix_wayne_imx376_ofilm_india_front_ii_cpp_video_face.so ...
Processing lib/libchromatix_wayne_imx376_ofilm_india_front_ii_cpp_video_weixin.so ...
Processing lib/libchromatix_wayne_imx376_ofilm_india_front_ii_default_preview_3a.so ...
Processing lib/libchromatix_wayne_imx376_ofilm_india_front_ii_default_video_3a.so ...
Processing lib/libchromatix_wayne_imx376_ofilm_india_front_ii_face_video_3a.so ...
Processing lib/libchromatix_wayne_imx376_ofilm_india_front_ii_flash_cpp_liveshot.so ...
Processing lib/libchromatix_wayne_imx376_ofilm_india_front_ii_flash_cpp_preview.so ...
Processing lib/libchromatix_wayne_imx376_ofilm_india_front_ii_flash_cpp_snapshot.so ...
Processing lib/libchromatix_wayne_imx376_ofilm_india_front_ii_flash_cpp_video.so ...
Processing lib/libchromatix_wayne_imx376_ofilm_india_front_ii_flash_preview.so ...
Processing lib/libchromatix_wayne_imx376_ofilm_india_front_ii_flash_preview_3a.so ...
Processing lib/libchromatix_wayne_imx376_ofilm_india_front_ii_flash_snapshot.so ...
Processing lib/libchromatix_wayne_imx376_ofilm_india_front_ii_flash_video.so ...
Processing lib/libchromatix_wayne_imx376_ofilm_india_front_ii_flash_video_3a.so ...
Processing lib/libchromatix_wayne_imx376_ofilm_india_front_ii_fullsize_preview_3a.so ...
Processing lib/libchromatix_wayne_imx376_ofilm_india_front_ii_fullsize_video_3a.so ...
Processing lib/libchromatix_wayne_imx376_ofilm_india_front_ii_postproc.so ...
Processing lib/libchromatix_wayne_imx376_ofilm_india_front_ii_preview.so ...
Processing lib/libchromatix_wayne_imx376_ofilm_india_front_ii_snapshot.so ...
Processing lib/libchromatix_wayne_imx376_ofilm_india_front_ii_snapshot_hdr.so ...
Processing lib/libchromatix_wayne_imx376_ofilm_india_front_ii_video_default.so ...
Processing lib/libchromatix_wayne_imx376_ofilm_india_front_ii_video_face.so ...
Processing lib/libchromatix_wayne_imx376_ofilm_india_front_ii_video_weixin.so ...
Processing lib/libchromatix_wayne_imx376_ofilm_india_front_ii_weixin_video_3a.so ...
Processing lib/libchromatix_wayne_imx376_sunny_cn_back_i_bokeh_preview.so ...
Processing lib/libchromatix_wayne_imx376_sunny_cn_back_i_bokeh_preview_3a.so ...
Processing lib/libchromatix_wayne_imx376_sunny_cn_back_i_common.so ...
Processing lib/libchromatix_wayne_imx376_sunny_cn_back_i_cpp_hfr_120.so ...
Processing lib/libchromatix_wayne_imx376_sunny_cn_back_i_cpp_liveshot.so ...
Processing lib/libchromatix_wayne_imx376_sunny_cn_back_i_cpp_preview.so ...
Processing lib/libchromatix_wayne_imx376_sunny_cn_back_i_cpp_snapshot.so ...
Processing lib/libchromatix_wayne_imx376_sunny_cn_back_i_cpp_snapshot_5M.so ...
Processing lib/libchromatix_wayne_imx376_sunny_cn_back_i_cpp_snapshot_5M_hht.so ...
Processing lib/libchromatix_wayne_imx376_sunny_cn_back_i_cpp_snapshot_bokeh.so ...
Processing lib/libchromatix_wayne_imx376_sunny_cn_back_i_cpp_snapshot_downscale.so ...
Processing lib/libchromatix_wayne_imx376_sunny_cn_back_i_cpp_snapshot_hht.so ...
Processing lib/libchromatix_wayne_imx376_sunny_cn_back_i_cpp_snapshot_upscale.so ...
Processing lib/libchromatix_wayne_imx376_sunny_cn_back_i_cpp_video.so ...
Processing lib/libchromatix_wayne_imx376_sunny_cn_back_i_cpp_video_default.so ...
Processing lib/libchromatix_wayne_imx376_sunny_cn_back_i_cpp_video_weixin.so ...
Processing lib/libchromatix_wayne_imx376_sunny_cn_back_i_default_preview_3a.so ...
Processing lib/libchromatix_wayne_imx376_sunny_cn_back_i_default_video_3a.so ...
Processing lib/libchromatix_wayne_imx376_sunny_cn_back_i_flash_preview_3a.so ...
Processing lib/libchromatix_wayne_imx376_sunny_cn_back_i_flash_video_3a.so ...
Processing lib/libchromatix_wayne_imx376_sunny_cn_back_i_fullsize_preview_3a.so ...
Processing lib/libchromatix_wayne_imx376_sunny_cn_back_i_fullsize_video_3a.so ...
Processing lib/libchromatix_wayne_imx376_sunny_cn_back_i_hfr_120.so ...
Processing lib/libchromatix_wayne_imx376_sunny_cn_back_i_hfr_120_3a.so ...
Processing lib/libchromatix_wayne_imx376_sunny_cn_back_i_postproc.so ...
Processing lib/libchromatix_wayne_imx376_sunny_cn_back_i_preview.so ...
Processing lib/libchromatix_wayne_imx376_sunny_cn_back_i_snapshot.so ...
Processing lib/libchromatix_wayne_imx376_sunny_cn_back_i_video_default.so ...
Processing lib/libchromatix_wayne_imx376_sunny_cn_back_i_video_weixin.so ...
Processing lib/libchromatix_wayne_imx376_sunny_cn_back_i_weixin_video_3a.so ...
Processing lib/libchromatix_wayne_imx376_sunny_cn_back_iii_bokeh_preview.so ...
Processing lib/libchromatix_wayne_imx376_sunny_cn_back_iii_bokeh_preview_3a.so ...
Processing lib/libchromatix_wayne_imx376_sunny_cn_back_iii_common.so ...
Processing lib/libchromatix_wayne_imx376_sunny_cn_back_iii_cpp_hfr_120.so ...
Processing lib/libchromatix_wayne_imx376_sunny_cn_back_iii_cpp_liveshot.so ...
Processing lib/libchromatix_wayne_imx376_sunny_cn_back_iii_cpp_preview.so ...
Processing lib/libchromatix_wayne_imx376_sunny_cn_back_iii_cpp_snapshot.so ...
Processing lib/libchromatix_wayne_imx376_sunny_cn_back_iii_cpp_snapshot_5M.so ...
Processing lib/libchromatix_wayne_imx376_sunny_cn_back_iii_cpp_snapshot_5M_hht.so ...
Processing lib/libchromatix_wayne_imx376_sunny_cn_back_iii_cpp_snapshot_bokeh.so ...
Processing lib/libchromatix_wayne_imx376_sunny_cn_back_iii_cpp_snapshot_downscale.so ...
Processing lib/libchromatix_wayne_imx376_sunny_cn_back_iii_cpp_snapshot_hht.so ...
Processing lib/libchromatix_wayne_imx376_sunny_cn_back_iii_cpp_snapshot_upscale.so ...
Processing lib/libchromatix_wayne_imx376_sunny_cn_back_iii_cpp_video.so ...
Processing lib/libchromatix_wayne_imx376_sunny_cn_back_iii_cpp_video_default.so ...
Processing lib/libchromatix_wayne_imx376_sunny_cn_back_iii_cpp_video_weixin.so ...
Processing lib/libchromatix_wayne_imx376_sunny_cn_back_iii_default_preview_3a.so ...
Processing lib/libchromatix_wayne_imx376_sunny_cn_back_iii_default_video_3a.so ...
Processing lib/libchromatix_wayne_imx376_sunny_cn_back_iii_flash_preview_3a.so ...
Processing lib/libchromatix_wayne_imx376_sunny_cn_back_iii_flash_video_3a.so ...
Processing lib/libchromatix_wayne_imx376_sunny_cn_back_iii_fullsize_preview_3a.so ...
Processing lib/libchromatix_wayne_imx376_sunny_cn_back_iii_fullsize_video_3a.so ...
Processing lib/libchromatix_wayne_imx376_sunny_cn_back_iii_hfr_120.so ...
Processing lib/libchromatix_wayne_imx376_sunny_cn_back_iii_hfr_120_3a.so ...
Processing lib/libchromatix_wayne_imx376_sunny_cn_back_iii_postproc.so ...
Processing lib/libchromatix_wayne_imx376_sunny_cn_back_iii_preview.so ...
Processing lib/libchromatix_wayne_imx376_sunny_cn_back_iii_snapshot.so ...
Processing lib/libchromatix_wayne_imx376_sunny_cn_back_iii_video_default.so ...
Processing lib/libchromatix_wayne_imx376_sunny_cn_back_iii_video_weixin.so ...
Processing lib/libchromatix_wayne_imx376_sunny_cn_back_iii_weixin_video_3a.so ...
Processing lib/libchromatix_wayne_imx376_sunny_cn_front_i_common.so ...
Processing lib/libchromatix_wayne_imx376_sunny_cn_front_i_cpp_liveshot.so ...
Processing lib/libchromatix_wayne_imx376_sunny_cn_front_i_cpp_preview.so ...
Processing lib/libchromatix_wayne_imx376_sunny_cn_front_i_cpp_snapshot.so ...
Processing lib/libchromatix_wayne_imx376_sunny_cn_front_i_cpp_snapshot_5M.so ...
Processing lib/libchromatix_wayne_imx376_sunny_cn_front_i_cpp_snapshot_5M_hht.so ...
Processing lib/libchromatix_wayne_imx376_sunny_cn_front_i_cpp_snapshot_downscale.so ...
Processing lib/libchromatix_wayne_imx376_sunny_cn_front_i_cpp_snapshot_hdr.so ...
Processing lib/libchromatix_wayne_imx376_sunny_cn_front_i_cpp_snapshot_hht.so ...
Processing lib/libchromatix_wayne_imx376_sunny_cn_front_i_cpp_snapshot_upscale.so ...
Processing lib/libchromatix_wayne_imx376_sunny_cn_front_i_cpp_video.so ...
Processing lib/libchromatix_wayne_imx376_sunny_cn_front_i_cpp_video_default.so ...
Processing lib/libchromatix_wayne_imx376_sunny_cn_front_i_cpp_video_face.so ...
Processing lib/libchromatix_wayne_imx376_sunny_cn_front_i_cpp_video_weixin.so ...
Processing lib/libchromatix_wayne_imx376_sunny_cn_front_i_default_preview_3a.so ...
Processing lib/libchromatix_wayne_imx376_sunny_cn_front_i_default_video_3a.so ...
Processing lib/libchromatix_wayne_imx376_sunny_cn_front_i_face_video_3a.so ...
Processing lib/libchromatix_wayne_imx376_sunny_cn_front_i_flash_cpp_liveshot.so ...
Processing lib/libchromatix_wayne_imx376_sunny_cn_front_i_flash_cpp_preview.so ...
Processing lib/libchromatix_wayne_imx376_sunny_cn_front_i_flash_cpp_snapshot.so ...
Processing lib/libchromatix_wayne_imx376_sunny_cn_front_i_flash_cpp_video.so ...
Processing lib/libchromatix_wayne_imx376_sunny_cn_front_i_flash_preview.so ...
Processing lib/libchromatix_wayne_imx376_sunny_cn_front_i_flash_preview_3a.so ...
Processing lib/libchromatix_wayne_imx376_sunny_cn_front_i_flash_snapshot.so ...
Processing lib/libchromatix_wayne_imx376_sunny_cn_front_i_flash_video.so ...
Processing lib/libchromatix_wayne_imx376_sunny_cn_front_i_flash_video_3a.so ...
Processing lib/libchromatix_wayne_imx376_sunny_cn_front_i_fullsize_preview_3a.so ...
Processing lib/libchromatix_wayne_imx376_sunny_cn_front_i_fullsize_video_3a.so ...
Processing lib/libchromatix_wayne_imx376_sunny_cn_front_i_postproc.so ...
Processing lib/libchromatix_wayne_imx376_sunny_cn_front_i_preview.so ...
Processing lib/libchromatix_wayne_imx376_sunny_cn_front_i_snapshot.so ...
Processing lib/libchromatix_wayne_imx376_sunny_cn_front_i_snapshot_hdr.so ...
Processing lib/libchromatix_wayne_imx376_sunny_cn_front_i_video_default.so ...
Processing lib/libchromatix_wayne_imx376_sunny_cn_front_i_video_face.so ...
Processing lib/libchromatix_wayne_imx376_sunny_cn_front_i_video_weixin.so ...
Processing lib/libchromatix_wayne_imx376_sunny_cn_front_i_weixin_video_3a.so ...
Processing lib/libchromatix_wayne_imx376_sunny_india_back_i_bokeh_preview.so ...
Processing lib/libchromatix_wayne_imx376_sunny_india_back_i_bokeh_preview_3a.so ...
Processing lib/libchromatix_wayne_imx376_sunny_india_back_i_common.so ...
Processing lib/libchromatix_wayne_imx376_sunny_india_back_i_cpp_liveshot.so ...
Processing lib/libchromatix_wayne_imx376_sunny_india_back_i_cpp_preview.so ...
Processing lib/libchromatix_wayne_imx376_sunny_india_back_i_cpp_snapshot.so ...
Processing lib/libchromatix_wayne_imx376_sunny_india_back_i_cpp_snapshot_5M.so ...
Processing lib/libchromatix_wayne_imx376_sunny_india_back_i_cpp_snapshot_5M_hht.so ...
Processing lib/libchromatix_wayne_imx376_sunny_india_back_i_cpp_snapshot_bokeh.so ...
Processing lib/libchromatix_wayne_imx376_sunny_india_back_i_cpp_snapshot_downscale.so ...
Processing lib/libchromatix_wayne_imx376_sunny_india_back_i_cpp_snapshot_hht.so ...
Processing lib/libchromatix_wayne_imx376_sunny_india_back_i_cpp_snapshot_upscale.so ...
Processing lib/libchromatix_wayne_imx376_sunny_india_back_i_cpp_video.so ...
Processing lib/libchromatix_wayne_imx376_sunny_india_back_i_cpp_video_default.so ...
Processing lib/libchromatix_wayne_imx376_sunny_india_back_i_cpp_video_weixin.so ...
Processing lib/libchromatix_wayne_imx376_sunny_india_back_i_default_preview_3a.so ...
Processing lib/libchromatix_wayne_imx376_sunny_india_back_i_default_video_3a.so ...
Processing lib/libchromatix_wayne_imx376_sunny_india_back_i_flash_preview_3a.so ...
Processing lib/libchromatix_wayne_imx376_sunny_india_back_i_flash_video_3a.so ...
Processing lib/libchromatix_wayne_imx376_sunny_india_back_i_fullsize_preview_3a.so ...
Processing lib/libchromatix_wayne_imx376_sunny_india_back_i_fullsize_video_3a.so ...
Processing lib/libchromatix_wayne_imx376_sunny_india_back_i_postproc.so ...
Processing lib/libchromatix_wayne_imx376_sunny_india_back_i_preview.so ...
Processing lib/libchromatix_wayne_imx376_sunny_india_back_i_snapshot.so ...
Processing lib/libchromatix_wayne_imx376_sunny_india_back_i_video_default.so ...
Processing lib/libchromatix_wayne_imx376_sunny_india_back_i_video_weixin.so ...
Processing lib/libchromatix_wayne_imx376_sunny_india_back_i_weixin_video_3a.so ...
Processing lib/libchromatix_wayne_imx376_sunny_india_back_iii_bokeh_preview.so ...
Processing lib/libchromatix_wayne_imx376_sunny_india_back_iii_bokeh_preview_3a.so ...
Processing lib/libchromatix_wayne_imx376_sunny_india_back_iii_common.so ...
Processing lib/libchromatix_wayne_imx376_sunny_india_back_iii_cpp_liveshot.so ...
Processing lib/libchromatix_wayne_imx376_sunny_india_back_iii_cpp_preview.so ...
Processing lib/libchromatix_wayne_imx376_sunny_india_back_iii_cpp_snapshot.so ...
Processing lib/libchromatix_wayne_imx376_sunny_india_back_iii_cpp_snapshot_5M.so ...
Processing lib/libchromatix_wayne_imx376_sunny_india_back_iii_cpp_snapshot_5M_hht.so ...
Processing lib/libchromatix_wayne_imx376_sunny_india_back_iii_cpp_snapshot_bokeh.so ...
Processing lib/libchromatix_wayne_imx376_sunny_india_back_iii_cpp_snapshot_downscale.so ...
Processing lib/libchromatix_wayne_imx376_sunny_india_back_iii_cpp_snapshot_hht.so ...
Processing lib/libchromatix_wayne_imx376_sunny_india_back_iii_cpp_snapshot_upscale.so ...
Processing lib/libchromatix_wayne_imx376_sunny_india_back_iii_cpp_video.so ...
Processing lib/libchromatix_wayne_imx376_sunny_india_back_iii_cpp_video_default.so ...
Processing lib/libchromatix_wayne_imx376_sunny_india_back_iii_cpp_video_weixin.so ...
Processing lib/libchromatix_wayne_imx376_sunny_india_back_iii_default_preview_3a.so ...
Processing lib/libchromatix_wayne_imx376_sunny_india_back_iii_default_video_3a.so ...
Processing lib/libchromatix_wayne_imx376_sunny_india_back_iii_flash_preview_3a.so ...
Processing lib/libchromatix_wayne_imx376_sunny_india_back_iii_flash_video_3a.so ...
Processing lib/libchromatix_wayne_imx376_sunny_india_back_iii_fullsize_preview_3a.so ...
Processing lib/libchromatix_wayne_imx376_sunny_india_back_iii_fullsize_video_3a.so ...
Processing lib/libchromatix_wayne_imx376_sunny_india_back_iii_postproc.so ...
Processing lib/libchromatix_wayne_imx376_sunny_india_back_iii_preview.so ...
Processing lib/libchromatix_wayne_imx376_sunny_india_back_iii_snapshot.so ...
Processing lib/libchromatix_wayne_imx376_sunny_india_back_iii_video_default.so ...
Processing lib/libchromatix_wayne_imx376_sunny_india_back_iii_video_weixin.so ...
Processing lib/libchromatix_wayne_imx376_sunny_india_back_iii_weixin_video_3a.so ...
Processing lib/libchromatix_wayne_imx376_sunny_india_front_i_common.so ...
Processing lib/libchromatix_wayne_imx376_sunny_india_front_i_cpp_liveshot.so ...
Processing lib/libchromatix_wayne_imx376_sunny_india_front_i_cpp_preview.so ...
Processing lib/libchromatix_wayne_imx376_sunny_india_front_i_cpp_snapshot.so ...
Processing lib/libchromatix_wayne_imx376_sunny_india_front_i_cpp_snapshot_5M.so ...
Processing lib/libchromatix_wayne_imx376_sunny_india_front_i_cpp_snapshot_5M_hht.so ...
Processing lib/libchromatix_wayne_imx376_sunny_india_front_i_cpp_snapshot_downscale.so ...
Processing lib/libchromatix_wayne_imx376_sunny_india_front_i_cpp_snapshot_hdr.so ...
Processing lib/libchromatix_wayne_imx376_sunny_india_front_i_cpp_snapshot_hht.so ...
Processing lib/libchromatix_wayne_imx376_sunny_india_front_i_cpp_snapshot_upscale.so ...
Processing lib/libchromatix_wayne_imx376_sunny_india_front_i_cpp_video.so ...
Processing lib/libchromatix_wayne_imx376_sunny_india_front_i_cpp_video_default.so ...
Processing lib/libchromatix_wayne_imx376_sunny_india_front_i_cpp_video_face.so ...
Processing lib/libchromatix_wayne_imx376_sunny_india_front_i_cpp_video_weixin.so ...
Processing lib/libchromatix_wayne_imx376_sunny_india_front_i_default_preview_3a.so ...
Processing lib/libchromatix_wayne_imx376_sunny_india_front_i_default_video_3a.so ...
Processing lib/libchromatix_wayne_imx376_sunny_india_front_i_face_video_3a.so ...
Processing lib/libchromatix_wayne_imx376_sunny_india_front_i_flash_cpp_liveshot.so ...
Processing lib/libchromatix_wayne_imx376_sunny_india_front_i_flash_cpp_preview.so ...
Processing lib/libchromatix_wayne_imx376_sunny_india_front_i_flash_cpp_snapshot.so ...
Processing lib/libchromatix_wayne_imx376_sunny_india_front_i_flash_cpp_video.so ...
Processing lib/libchromatix_wayne_imx376_sunny_india_front_i_flash_preview.so ...
Processing lib/libchromatix_wayne_imx376_sunny_india_front_i_flash_preview_3a.so ...
Processing lib/libchromatix_wayne_imx376_sunny_india_front_i_flash_snapshot.so ...
Processing lib/libchromatix_wayne_imx376_sunny_india_front_i_flash_video.so ...
Processing lib/libchromatix_wayne_imx376_sunny_india_front_i_flash_video_3a.so ...
Processing lib/libchromatix_wayne_imx376_sunny_india_front_i_fullsize_preview_3a.so ...
Processing lib/libchromatix_wayne_imx376_sunny_india_front_i_fullsize_video_3a.so ...
Processing lib/libchromatix_wayne_imx376_sunny_india_front_i_postproc.so ...
Processing lib/libchromatix_wayne_imx376_sunny_india_front_i_preview.so ...
Processing lib/libchromatix_wayne_imx376_sunny_india_front_i_snapshot.so ...
Processing lib/libchromatix_wayne_imx376_sunny_india_front_i_snapshot_hdr.so ...
Processing lib/libchromatix_wayne_imx376_sunny_india_front_i_video_default.so ...
Processing lib/libchromatix_wayne_imx376_sunny_india_front_i_video_face.so ...
Processing lib/libchromatix_wayne_imx376_sunny_india_front_i_video_weixin.so ...
Processing lib/libchromatix_wayne_imx376_sunny_india_front_i_weixin_video_3a.so ...
Processing lib/libchromatix_wayne_imx486_ofilm_cn_ii_4k_preview_3a.so ...
Processing lib/libchromatix_wayne_imx486_ofilm_cn_ii_4k_video_3a.so ...
Processing lib/libchromatix_wayne_imx486_ofilm_cn_ii_bokeh_preview.so ...
Processing lib/libchromatix_wayne_imx486_ofilm_cn_ii_bokeh_preview_3a.so ...
Processing lib/libchromatix_wayne_imx486_ofilm_cn_ii_common.so ...
Processing lib/libchromatix_wayne_imx486_ofilm_cn_ii_cpp_hfr_120.so ...
Processing lib/libchromatix_wayne_imx486_ofilm_cn_ii_cpp_hfr_60.so ...
Processing lib/libchromatix_wayne_imx486_ofilm_cn_ii_cpp_hfr_90.so ...
Processing lib/libchromatix_wayne_imx486_ofilm_cn_ii_cpp_liveshot.so ...
Processing lib/libchromatix_wayne_imx486_ofilm_cn_ii_cpp_preview.so ...
Processing lib/libchromatix_wayne_imx486_ofilm_cn_ii_cpp_snapshot.so ...
Processing lib/libchromatix_wayne_imx486_ofilm_cn_ii_cpp_snapshot_bokeh.so ...
Processing lib/libchromatix_wayne_imx486_ofilm_cn_ii_cpp_snapshot_hdr.so ...
Processing lib/libchromatix_wayne_imx486_ofilm_cn_ii_cpp_snapshot_hht.so ...
Processing lib/libchromatix_wayne_imx486_ofilm_cn_ii_cpp_video.so ...
Processing lib/libchromatix_wayne_imx486_ofilm_cn_ii_cpp_video_4k.so ...
Processing lib/libchromatix_wayne_imx486_ofilm_cn_ii_cpp_video_weixin.so ...
Processing lib/libchromatix_wayne_imx486_ofilm_cn_ii_default_preview_3a.so ...
Processing lib/libchromatix_wayne_imx486_ofilm_cn_ii_default_video_3a.so ...
Processing lib/libchromatix_wayne_imx486_ofilm_cn_ii_hfr_120.so ...
Processing lib/libchromatix_wayne_imx486_ofilm_cn_ii_hfr_120_3a.so ...
Processing lib/libchromatix_wayne_imx486_ofilm_cn_ii_hfr_60.so ...
Processing lib/libchromatix_wayne_imx486_ofilm_cn_ii_hfr_60_3a.so ...
Processing lib/libchromatix_wayne_imx486_ofilm_cn_ii_hfr_90.so ...
Processing lib/libchromatix_wayne_imx486_ofilm_cn_ii_hfr_90_3a.so ...
Processing lib/libchromatix_wayne_imx486_ofilm_cn_ii_pano_preview_3a.so ...
Processing lib/libchromatix_wayne_imx486_ofilm_cn_ii_postproc.so ...
Processing lib/libchromatix_wayne_imx486_ofilm_cn_ii_preview.so ...
Processing lib/libchromatix_wayne_imx486_ofilm_cn_ii_snapshot.so ...
Processing lib/libchromatix_wayne_imx486_ofilm_cn_ii_snapshot_hdr.so ...
Processing lib/libchromatix_wayne_imx486_ofilm_cn_ii_video.so ...
Processing lib/libchromatix_wayne_imx486_ofilm_cn_ii_video_4k.so ...
Processing lib/libchromatix_wayne_imx486_ofilm_cn_ii_video_weixin.so ...
Processing lib/libchromatix_wayne_imx486_ofilm_cn_ii_weixin_video_3a.so ...
Processing lib/libchromatix_wayne_imx486_ofilm_cn_ii_zsl_preview_3a.so ...
Processing lib/libchromatix_wayne_imx486_ofilm_cn_ii_zsl_video_3a.so ...
Processing lib/libchromatix_wayne_imx486_ofilm_india_ii_4k_preview_3a.so ...
Processing lib/libchromatix_wayne_imx486_ofilm_india_ii_4k_video_3a.so ...
Processing lib/libchromatix_wayne_imx486_ofilm_india_ii_bokeh_preview.so ...
Processing lib/libchromatix_wayne_imx486_ofilm_india_ii_bokeh_preview_3a.so ...
Processing lib/libchromatix_wayne_imx486_ofilm_india_ii_common.so ...
Processing lib/libchromatix_wayne_imx486_ofilm_india_ii_cpp_hfr_120.so ...
Processing lib/libchromatix_wayne_imx486_ofilm_india_ii_cpp_hfr_60.so ...
Processing lib/libchromatix_wayne_imx486_ofilm_india_ii_cpp_hfr_90.so ...
Processing lib/libchromatix_wayne_imx486_ofilm_india_ii_cpp_liveshot.so ...
Processing lib/libchromatix_wayne_imx486_ofilm_india_ii_cpp_preview.so ...
Processing lib/libchromatix_wayne_imx486_ofilm_india_ii_cpp_snapshot.so ...
Processing lib/libchromatix_wayne_imx486_ofilm_india_ii_cpp_snapshot_bokeh.so ...
Processing lib/libchromatix_wayne_imx486_ofilm_india_ii_cpp_snapshot_hdr.so ...
Processing lib/libchromatix_wayne_imx486_ofilm_india_ii_cpp_snapshot_hht.so ...
Processing lib/libchromatix_wayne_imx486_ofilm_india_ii_cpp_video.so ...
Processing lib/libchromatix_wayne_imx486_ofilm_india_ii_cpp_video_4k.so ...
Processing lib/libchromatix_wayne_imx486_ofilm_india_ii_cpp_video_weixin.so ...
Processing lib/libchromatix_wayne_imx486_ofilm_india_ii_default_preview_3a.so ...
Processing lib/libchromatix_wayne_imx486_ofilm_india_ii_default_video_3a.so ...
Processing lib/libchromatix_wayne_imx486_ofilm_india_ii_hfr_120.so ...
Processing lib/libchromatix_wayne_imx486_ofilm_india_ii_hfr_120_3a.so ...
Processing lib/libchromatix_wayne_imx486_ofilm_india_ii_hfr_60.so ...
Processing lib/libchromatix_wayne_imx486_ofilm_india_ii_hfr_60_3a.so ...
Processing lib/libchromatix_wayne_imx486_ofilm_india_ii_hfr_90.so ...
Processing lib/libchromatix_wayne_imx486_ofilm_india_ii_hfr_90_3a.so ...
Processing lib/libchromatix_wayne_imx486_ofilm_india_ii_pano_preview_3a.so ...
Processing lib/libchromatix_wayne_imx486_ofilm_india_ii_postproc.so ...
Processing lib/libchromatix_wayne_imx486_ofilm_india_ii_preview.so ...
Processing lib/libchromatix_wayne_imx486_ofilm_india_ii_snapshot.so ...
Processing lib/libchromatix_wayne_imx486_ofilm_india_ii_snapshot_hdr.so ...
Processing lib/libchromatix_wayne_imx486_ofilm_india_ii_video.so ...
Processing lib/libchromatix_wayne_imx486_ofilm_india_ii_video_4k.so ...
Processing lib/libchromatix_wayne_imx486_ofilm_india_ii_video_weixin.so ...
Processing lib/libchromatix_wayne_imx486_ofilm_india_ii_weixin_video_3a.so ...
Processing lib/libchromatix_wayne_imx486_ofilm_india_ii_zsl_preview_3a.so ...
Processing lib/libchromatix_wayne_imx486_ofilm_india_ii_zsl_video_3a.so ...
Processing lib/libchromatix_wayne_imx486_sunny_cn_i_4k_preview_3a.so ...
Processing lib/libchromatix_wayne_imx486_sunny_cn_i_4k_video_3a.so ...
Processing lib/libchromatix_wayne_imx486_sunny_cn_i_bokeh_preview.so ...
Processing lib/libchromatix_wayne_imx486_sunny_cn_i_bokeh_preview_3a.so ...
Processing lib/libchromatix_wayne_imx486_sunny_cn_i_common.so ...
Processing lib/libchromatix_wayne_imx486_sunny_cn_i_cpp_hfr_120.so ...
Processing lib/libchromatix_wayne_imx486_sunny_cn_i_cpp_hfr_60.so ...
Processing lib/libchromatix_wayne_imx486_sunny_cn_i_cpp_hfr_90.so ...
Processing lib/libchromatix_wayne_imx486_sunny_cn_i_cpp_liveshot.so ...
Processing lib/libchromatix_wayne_imx486_sunny_cn_i_cpp_preview.so ...
Processing lib/libchromatix_wayne_imx486_sunny_cn_i_cpp_snapshot.so ...
Processing lib/libchromatix_wayne_imx486_sunny_cn_i_cpp_snapshot_bokeh.so ...
Processing lib/libchromatix_wayne_imx486_sunny_cn_i_cpp_snapshot_hdr.so ...
Processing lib/libchromatix_wayne_imx486_sunny_cn_i_cpp_snapshot_hht.so ...
Processing lib/libchromatix_wayne_imx486_sunny_cn_i_cpp_video.so ...
Processing lib/libchromatix_wayne_imx486_sunny_cn_i_cpp_video_4k.so ...
Processing lib/libchromatix_wayne_imx486_sunny_cn_i_cpp_video_weixin.so ...
Processing lib/libchromatix_wayne_imx486_sunny_cn_i_default_preview_3a.so ...
Processing lib/libchromatix_wayne_imx486_sunny_cn_i_default_video_3a.so ...
Processing lib/libchromatix_wayne_imx486_sunny_cn_i_hfr_120.so ...
Processing lib/libchromatix_wayne_imx486_sunny_cn_i_hfr_120_3a.so ...
Processing lib/libchromatix_wayne_imx486_sunny_cn_i_hfr_60.so ...
Processing lib/libchromatix_wayne_imx486_sunny_cn_i_hfr_60_3a.so ...
Processing lib/libchromatix_wayne_imx486_sunny_cn_i_hfr_90.so ...
Processing lib/libchromatix_wayne_imx486_sunny_cn_i_hfr_90_3a.so ...
Processing lib/libchromatix_wayne_imx486_sunny_cn_i_pano_preview_3a.so ...
Processing lib/libchromatix_wayne_imx486_sunny_cn_i_postproc.so ...
Processing lib/libchromatix_wayne_imx486_sunny_cn_i_preview.so ...
Processing lib/libchromatix_wayne_imx486_sunny_cn_i_snapshot.so ...
Processing lib/libchromatix_wayne_imx486_sunny_cn_i_snapshot_hdr.so ...
Processing lib/libchromatix_wayne_imx486_sunny_cn_i_video.so ...
Processing lib/libchromatix_wayne_imx486_sunny_cn_i_video_4k.so ...
Processing lib/libchromatix_wayne_imx486_sunny_cn_i_video_weixin.so ...
Processing lib/libchromatix_wayne_imx486_sunny_cn_i_weixin_video_3a.so ...
Processing lib/libchromatix_wayne_imx486_sunny_cn_i_zsl_preview_3a.so ...
Processing lib/libchromatix_wayne_imx486_sunny_cn_i_zsl_video_3a.so ...
Processing lib/libchromatix_wayne_imx486_sunny_cn_iii_4k_preview_3a.so ...
Processing lib/libchromatix_wayne_imx486_sunny_cn_iii_4k_video_3a.so ...
Processing lib/libchromatix_wayne_imx486_sunny_cn_iii_bokeh_preview.so ...
Processing lib/libchromatix_wayne_imx486_sunny_cn_iii_bokeh_preview_3a.so ...
Processing lib/libchromatix_wayne_imx486_sunny_cn_iii_common.so ...
Processing lib/libchromatix_wayne_imx486_sunny_cn_iii_cpp_hfr_120.so ...
Processing lib/libchromatix_wayne_imx486_sunny_cn_iii_cpp_hfr_60.so ...
Processing lib/libchromatix_wayne_imx486_sunny_cn_iii_cpp_hfr_90.so ...
Processing lib/libchromatix_wayne_imx486_sunny_cn_iii_cpp_liveshot.so ...
Processing lib/libchromatix_wayne_imx486_sunny_cn_iii_cpp_preview.so ...
Processing lib/libchromatix_wayne_imx486_sunny_cn_iii_cpp_snapshot.so ...
Processing lib/libchromatix_wayne_imx486_sunny_cn_iii_cpp_snapshot_bokeh.so ...
Processing lib/libchromatix_wayne_imx486_sunny_cn_iii_cpp_snapshot_hdr.so ...
Processing lib/libchromatix_wayne_imx486_sunny_cn_iii_cpp_snapshot_hht.so ...
Processing lib/libchromatix_wayne_imx486_sunny_cn_iii_cpp_video.so ...
Processing lib/libchromatix_wayne_imx486_sunny_cn_iii_cpp_video_4k.so ...
Processing lib/libchromatix_wayne_imx486_sunny_cn_iii_cpp_video_weixin.so ...
Processing lib/libchromatix_wayne_imx486_sunny_cn_iii_default_preview_3a.so ...
Processing lib/libchromatix_wayne_imx486_sunny_cn_iii_default_video_3a.so ...
Processing lib/libchromatix_wayne_imx486_sunny_cn_iii_hfr_120.so ...
Processing lib/libchromatix_wayne_imx486_sunny_cn_iii_hfr_120_3a.so ...
Processing lib/libchromatix_wayne_imx486_sunny_cn_iii_hfr_60.so ...
Processing lib/libchromatix_wayne_imx486_sunny_cn_iii_hfr_60_3a.so ...
Processing lib/libchromatix_wayne_imx486_sunny_cn_iii_hfr_90.so ...
Processing lib/libchromatix_wayne_imx486_sunny_cn_iii_hfr_90_3a.so ...
Processing lib/libchromatix_wayne_imx486_sunny_cn_iii_pano_preview_3a.so ...
Processing lib/libchromatix_wayne_imx486_sunny_cn_iii_postproc.so ...
Processing lib/libchromatix_wayne_imx486_sunny_cn_iii_preview.so ...
Processing lib/libchromatix_wayne_imx486_sunny_cn_iii_snapshot.so ...
Processing lib/libchromatix_wayne_imx486_sunny_cn_iii_snapshot_hdr.so ...
Processing lib/libchromatix_wayne_imx486_sunny_cn_iii_video.so ...
Processing lib/libchromatix_wayne_imx486_sunny_cn_iii_video_4k.so ...
Processing lib/libchromatix_wayne_imx486_sunny_cn_iii_video_weixin.so ...
Processing lib/libchromatix_wayne_imx486_sunny_cn_iii_weixin_video_3a.so ...
Processing lib/libchromatix_wayne_imx486_sunny_cn_iii_zsl_preview_3a.so ...
Processing lib/libchromatix_wayne_imx486_sunny_cn_iii_zsl_video_3a.so ...
Processing lib/libchromatix_wayne_imx486_sunny_india_i_4k_preview_3a.so ...
Processing lib/libchromatix_wayne_imx486_sunny_india_i_4k_video_3a.so ...
Processing lib/libchromatix_wayne_imx486_sunny_india_i_bokeh_preview.so ...
Processing lib/libchromatix_wayne_imx486_sunny_india_i_bokeh_preview_3a.so ...
Processing lib/libchromatix_wayne_imx486_sunny_india_i_common.so ...
Processing lib/libchromatix_wayne_imx486_sunny_india_i_cpp_hfr_120.so ...
Processing lib/libchromatix_wayne_imx486_sunny_india_i_cpp_hfr_60.so ...
Processing lib/libchromatix_wayne_imx486_sunny_india_i_cpp_hfr_90.so ...
Processing lib/libchromatix_wayne_imx486_sunny_india_i_cpp_liveshot.so ...
Processing lib/libchromatix_wayne_imx486_sunny_india_i_cpp_preview.so ...
Processing lib/libchromatix_wayne_imx486_sunny_india_i_cpp_snapshot.so ...
Processing lib/libchromatix_wayne_imx486_sunny_india_i_cpp_snapshot_bokeh.so ...
Processing lib/libchromatix_wayne_imx486_sunny_india_i_cpp_snapshot_hdr.so ...
Processing lib/libchromatix_wayne_imx486_sunny_india_i_cpp_snapshot_hht.so ...
Processing lib/libchromatix_wayne_imx486_sunny_india_i_cpp_video.so ...
Processing lib/libchromatix_wayne_imx486_sunny_india_i_cpp_video_4k.so ...
Processing lib/libchromatix_wayne_imx486_sunny_india_i_cpp_video_weixin.so ...
Processing lib/libchromatix_wayne_imx486_sunny_india_i_default_preview_3a.so ...
Processing lib/libchromatix_wayne_imx486_sunny_india_i_default_video_3a.so ...
Processing lib/libchromatix_wayne_imx486_sunny_india_i_hfr_120.so ...
Processing lib/libchromatix_wayne_imx486_sunny_india_i_hfr_120_3a.so ...
Processing lib/libchromatix_wayne_imx486_sunny_india_i_hfr_60.so ...
Processing lib/libchromatix_wayne_imx486_sunny_india_i_hfr_60_3a.so ...
Processing lib/libchromatix_wayne_imx486_sunny_india_i_hfr_90.so ...
Processing lib/libchromatix_wayne_imx486_sunny_india_i_hfr_90_3a.so ...
Processing lib/libchromatix_wayne_imx486_sunny_india_i_pano_preview_3a.so ...
Processing lib/libchromatix_wayne_imx486_sunny_india_i_postproc.so ...
Processing lib/libchromatix_wayne_imx486_sunny_india_i_preview.so ...
Processing lib/libchromatix_wayne_imx486_sunny_india_i_snapshot.so ...
Processing lib/libchromatix_wayne_imx486_sunny_india_i_snapshot_hdr.so ...
Processing lib/libchromatix_wayne_imx486_sunny_india_i_video.so ...
Processing lib/libchromatix_wayne_imx486_sunny_india_i_video_4k.so ...
Processing lib/libchromatix_wayne_imx486_sunny_india_i_video_weixin.so ...
Processing lib/libchromatix_wayne_imx486_sunny_india_i_weixin_video_3a.so ...
Processing lib/libchromatix_wayne_imx486_sunny_india_i_zsl_preview_3a.so ...
Processing lib/libchromatix_wayne_imx486_sunny_india_i_zsl_video_3a.so ...
Processing lib/libchromatix_wayne_imx486_sunny_india_iii_4k_preview_3a.so ...
Processing lib/libchromatix_wayne_imx486_sunny_india_iii_4k_video_3a.so ...
Processing lib/libchromatix_wayne_imx486_sunny_india_iii_bokeh_preview.so ...
Processing lib/libchromatix_wayne_imx486_sunny_india_iii_bokeh_preview_3a.so ...
Processing lib/libchromatix_wayne_imx486_sunny_india_iii_common.so ...
Processing lib/libchromatix_wayne_imx486_sunny_india_iii_cpp_hfr_120.so ...
Processing lib/libchromatix_wayne_imx486_sunny_india_iii_cpp_hfr_60.so ...
Processing lib/libchromatix_wayne_imx486_sunny_india_iii_cpp_hfr_90.so ...
Processing lib/libchromatix_wayne_imx486_sunny_india_iii_cpp_liveshot.so ...
Processing lib/libchromatix_wayne_imx486_sunny_india_iii_cpp_preview.so ...
Processing lib/libchromatix_wayne_imx486_sunny_india_iii_cpp_snapshot.so ...
Processing lib/libchromatix_wayne_imx486_sunny_india_iii_cpp_snapshot_bokeh.so ...
Processing lib/libchromatix_wayne_imx486_sunny_india_iii_cpp_snapshot_hdr.so ...
Processing lib/libchromatix_wayne_imx486_sunny_india_iii_cpp_snapshot_hht.so ...
Processing lib/libchromatix_wayne_imx486_sunny_india_iii_cpp_video.so ...
Processing lib/libchromatix_wayne_imx486_sunny_india_iii_cpp_video_4k.so ...
Processing lib/libchromatix_wayne_imx486_sunny_india_iii_cpp_video_weixin.so ...
Processing lib/libchromatix_wayne_imx486_sunny_india_iii_default_preview_3a.so ...
Processing lib/libchromatix_wayne_imx486_sunny_india_iii_default_video_3a.so ...
Processing lib/libchromatix_wayne_imx486_sunny_india_iii_hfr_120.so ...
Processing lib/libchromatix_wayne_imx486_sunny_india_iii_hfr_120_3a.so ...
Processing lib/libchromatix_wayne_imx486_sunny_india_iii_hfr_60.so ...
Processing lib/libchromatix_wayne_imx486_sunny_india_iii_hfr_60_3a.so ...
Processing lib/libchromatix_wayne_imx486_sunny_india_iii_hfr_90.so ...
Processing lib/libchromatix_wayne_imx486_sunny_india_iii_hfr_90_3a.so ...
Processing lib/libchromatix_wayne_imx486_sunny_india_iii_pano_preview_3a.so ...
Processing lib/libchromatix_wayne_imx486_sunny_india_iii_postproc.so ...
Processing lib/libchromatix_wayne_imx486_sunny_india_iii_preview.so ...
Processing lib/libchromatix_wayne_imx486_sunny_india_iii_snapshot.so ...
Processing lib/libchromatix_wayne_imx486_sunny_india_iii_snapshot_hdr.so ...
Processing lib/libchromatix_wayne_imx486_sunny_india_iii_video.so ...
Processing lib/libchromatix_wayne_imx486_sunny_india_iii_video_4k.so ...
Processing lib/libchromatix_wayne_imx486_sunny_india_iii_video_weixin.so ...
Processing lib/libchromatix_wayne_imx486_sunny_india_iii_weixin_video_3a.so ...
Processing lib/libchromatix_wayne_imx486_sunny_india_iii_zsl_preview_3a.so ...
Processing lib/libchromatix_wayne_imx486_sunny_india_iii_zsl_video_3a.so ...
Processing lib/libcld80211.so ...
Processing lib/libcrypto.so ...
Processing lib/libcrypto_shim.so ...
Processing lib/libcrypto_utils.so ...
Processing lib/libcutils.so ...
Processing lib/libdepthmapwrapper.so ...
Processing lib/libdiag.so ...
Processing lib/libdisplayconfig.qti.so ...
Processing lib/libdng_sdk.so ...
Processing lib/libdrm.so ...
Processing lib/libdrmutils.so ...
Processing lib/libdsd2pcm.so ...
Processing lib/libdsutils.so ...
Processing lib/libeffects.so ...
Processing lib/libeffectsconfig.so ...
Processing lib/libexif.so ...
Processing lib/libexpat.so ...
Processing lib/libfastcvopt.so ...
Processing lib/libflash_pmic.so ...
Processing lib/libflatbuffers-cpp.so ...
Processing lib/libfmq.so ...
Processing lib/libgcs-calwrapper.so ...
Processing lib/libgcs-ipc.so ...
Processing lib/libgcs-osal.so ...
Processing lib/libgcs.so ...
Processing lib/libgeofencing.so ...
Processing lib/libgnss.so ...
Processing lib/libgps.utils.so ...
Processing lib/libgpu_tonemapper.so ...
Processing lib/libgpudataproducer.so ...
Processing lib/libgralloc.qti.so ...
Processing lib/libgralloccore.so ...
Processing lib/libgralloctypes.so ...
Processing lib/libgrallocutils.so ...
Processing lib/libgsl.so ...
Processing lib/libhal_dbg.so ...
Processing lib/libhardware.so ...
Processing lib/libhardware_legacy.so ...
Processing lib/libhdmiedid.so ...
Processing lib/libhdr_tm.so ...
Processing lib/libhfp.so ...
Processing lib/libhidlbase.so ...
Processing lib/libhidlmemory.so ...
Processing lib/libhidltransport.so ...
Processing lib/libhwbinder.so ...
Processing lib/libhypv_intercept.so ...
Processing lib/libidl.so ...
Processing lib/libion.so ...
Processing lib/libjpeg.so ...
Processing lib/libjpegdhw.so ...
Processing lib/libjpegdmahw.so ...
Processing lib/libjpegehw.so ...
Processing lib/libjson.so ...
Processing lib/libjsoncpp.so ...
Processing lib/libkeymasterdeviceutils.so ...
Processing lib/libkeymasterprovision.so ...
Processing lib/libkeymasterutils.so ...
Processing lib/libkeystore-engine-wifi-hidl.so ...
Processing lib/libkeystore-wifi-hidl.so ...
Processing lib/liblistensoundmodel2.so ...
Processing lib/libllvm-glnext.so ...
Processing lib/libllvm-qcom.so ...
Processing lib/libloc_core.so ...
Processing lib/liblocation_api.so ...
Processing lib/liblz4.so ...
Processing lib/liblzma.so ...
Processing lib/libmdmdetect.so ...
Processing lib/libmdsprpc.so ...
Processing lib/libmedia_helper.so ...
Processing lib/libmedia_omx.so ...
Processing lib/libmediautils_vendor.so ...
Processing lib/libmemunreachable.so ...
Processing lib/libmfpostdummy_daemon.so ...
Processing lib/libmfproc_dummy_daemon.so ...
Processing lib/libminijail.so ...
Processing lib/libminkdescriptor.so ...
Processing lib/libmm-color-convertor.so ...
Processing lib/libmm-omxcore.so ...
Processing lib/libmmcamera2_c2d_module.so ...
Processing lib/libmmcamera2_cpp_module.so ...
Processing lib/libmmcamera2_frame_algorithm.so ...
Processing lib/libmmcamera2_iface_modules.so ...
Processing lib/libmmcamera2_imglib_modules.so ...
Processing lib/libmmcamera2_is.so ...
Processing lib/libmmcamera2_isp_modules.so ...
Processing lib/libmmcamera2_mct.so ...
Processing lib/libmmcamera2_mct_shimlayer.so ...
Processing lib/libmmcamera2_pp_buf_mgr.so ...
Processing lib/libmmcamera2_pproc_modules.so ...
Processing lib/libmmcamera2_q3a_core.so ...
Processing lib/libmmcamera2_sensor_modules.so ...
Processing lib/libmmcamera2_stats_algorithm.so ...
Processing lib/libmmcamera2_stats_lib.so ...
Processing lib/libmmcamera2_stats_modules.so ...
Processing lib/libmmcamera_bokeh.so ...
Processing lib/libmmcamera_bp_svhdr.so ...
Processing lib/libmmcamera_dbg.so ...
Processing lib/libmmcamera_depth_map.so ...
Processing lib/libmmcamera_eebinparse.so ...
Processing lib/libmmcamera_eeprom_util.so ...
Processing lib/libmmcamera_eztune_module.so ...
Processing lib/libmmcamera_facedetection_lib.so ...
Processing lib/libmmcamera_faceproc2.so ...
Processing lib/libmmcamera_hdr_gb_lib.so ...
Processing lib/libmmcamera_imglib.so ...
Processing lib/libmmcamera_imglib_faceproc_adspstub.so ...
Processing lib/libmmcamera_imglib_faceproc_adspstub2.so ...
Processing lib/libmmcamera_interface.so ...
Processing lib/libmmcamera_isp_abf48.so ...
Processing lib/libmmcamera_isp_aec_bg_stats47.so ...
Processing lib/libmmcamera_isp_bf_stats47.so ...
Processing lib/libmmcamera_isp_bg_stats46.so ...
Processing lib/libmmcamera_isp_bhist_stats44.so ...
Processing lib/libmmcamera_isp_black_level48.so ...
Processing lib/libmmcamera_isp_bpc48.so ...
Processing lib/libmmcamera_isp_cac47.so ...
Processing lib/libmmcamera_isp_chroma_enhan40.so ...
Processing lib/libmmcamera_isp_chroma_suppress40.so ...
Processing lib/libmmcamera_isp_clamp_encoder40.so ...
Processing lib/libmmcamera_isp_clamp_video40.so ...
Processing lib/libmmcamera_isp_clamp_viewfinder40.so ...
Processing lib/libmmcamera_isp_color_correct46.so ...
Processing lib/libmmcamera_isp_color_xform_encoder46.so ...
Processing lib/libmmcamera_isp_color_xform_video46.so ...
Processing lib/libmmcamera_isp_color_xform_viewfinder46.so ...
Processing lib/libmmcamera_isp_cs_stats46.so ...
Processing lib/libmmcamera_isp_demosaic48.so ...
Processing lib/libmmcamera_isp_demux48.so ...
Processing lib/libmmcamera_isp_fovcrop_encoder46.so ...
Processing lib/libmmcamera_isp_fovcrop_video46.so ...
Processing lib/libmmcamera_isp_fovcrop_viewfinder46.so ...
Processing lib/libmmcamera_isp_gamma44.so ...
Processing lib/libmmcamera_isp_gic48.so ...
Processing lib/libmmcamera_isp_gtm46.so ...
Processing lib/libmmcamera_isp_hdr48.so ...
Processing lib/libmmcamera_isp_hdr_be_stats46.so ...
Processing lib/libmmcamera_isp_hdr_bhist_stats44.so ...
Processing lib/libmmcamera_isp_ihist_stats46.so ...
Processing lib/libmmcamera_isp_linearization40.so ...
Processing lib/libmmcamera_isp_ltm47.so ...
Processing lib/libmmcamera_isp_luma_adaptation40.so ...
Processing lib/libmmcamera_isp_mce40.so ...
Processing lib/libmmcamera_isp_mesh_rolloff44.so ...
Processing lib/libmmcamera_isp_pdaf48.so ...
Processing lib/libmmcamera_isp_pedestal_correct46.so ...
Processing lib/libmmcamera_isp_rs_stats46.so ...
Processing lib/libmmcamera_isp_scaler_encoder46.so ...
Processing lib/libmmcamera_isp_scaler_video46.so ...
Processing lib/libmmcamera_isp_scaler_viewfinder46.so ...
Processing lib/libmmcamera_isp_sce40.so ...
Processing lib/libmmcamera_isp_snr47.so ...
Processing lib/libmmcamera_isp_sub_module.so ...
Processing lib/libmmcamera_mfproc_postcpp.so ...
Processing lib/libmmcamera_mfproc_precpp.so ...
Processing lib/libmmcamera_paaf_lib.so ...
Processing lib/libmmcamera_pdaf.so ...
Processing lib/libmmcamera_pdafcamif.so ...
Processing lib/libmmcamera_ppbase_module.so ...
Processing lib/libmmcamera_ppeiscore.so ...
Processing lib/libmmcamera_quadracfa.so ...
Processing lib/libmmcamera_stillmore_lib.so ...
Processing lib/libmmcamera_sw2d_lib.so ...
Processing lib/libmmcamera_thread_services.so ...
Processing lib/libmmcamera_tintless_algo.so ...
Processing lib/libmmcamera_wayne_imx376_ofilm_back_ii.so ...
Processing lib/libmmcamera_wayne_imx376_ofilm_back_ii_eeprom.so ...
Processing lib/libmmcamera_wayne_imx376_ofilm_front_ii.so ...
Processing lib/libmmcamera_wayne_imx376_ofilm_front_ii_eeprom.so ...
Processing lib/libmmcamera_wayne_imx376_sunny_back_i.so ...
Processing lib/libmmcamera_wayne_imx376_sunny_back_i_eeprom.so ...
Processing lib/libmmcamera_wayne_imx376_sunny_back_iii.so ...
Processing lib/libmmcamera_wayne_imx376_sunny_back_iii_eeprom.so ...
Processing lib/libmmcamera_wayne_imx376_sunny_front_i.so ...
Processing lib/libmmcamera_wayne_imx376_sunny_front_i_eeprom.so ...
Processing lib/libmmcamera_wayne_imx486_ofilm_ii.so ...
Processing lib/libmmcamera_wayne_imx486_ofilm_ii_eeprom.so ...
Processing lib/libmmcamera_wayne_imx486_sunny_i.so ...
Processing lib/libmmcamera_wayne_imx486_sunny_i_eeprom.so ...
Processing lib/libmmcamera_wayne_imx486_sunny_iii.so ...
Processing lib/libmmcamera_wayne_imx486_sunny_iii_eeprom.so ...
Processing lib/libmmjpeg.so ...
Processing lib/libmmjpeg_interface.so ...
Processing lib/libmmosal.so ...
Processing lib/libmmqjpeg_codec.so ...
Processing lib/libmmqjpegdma.so ...
Processing lib/libnbaio_mono.so ...
Processing lib/libnetutils.so ...
Processing lib/libnl.so ...
Processing lib/libpasn.so ...
Processing lib/libpng.so ...
Processing lib/libpower.so ...
Processing lib/libprocessgroup.so ...
Processing lib/libprotobuf-cpp-full-21.12.so ...
Processing lib/libprotobuf-cpp-full-3.9.1.so ...
Processing lib/libprotobuf-cpp-lite-21.12.so ...
Processing lib/libprotobuf-cpp-lite-3.9.1.so ...
Processing lib/libq3dtools_adreno.so ...
Processing lib/libqcci_legacy.so ...
Processing lib/libqdMetaData.so ...
Processing lib/libqdi.so ...
Processing lib/libqdp.so ...
Processing lib/libqdutils.so ...
Processing lib/libqmi.so ...
Processing lib/libqmi_cci.so ...
Processing lib/libqmi_client_helper.so ...
Processing lib/libqmi_client_qmux.so ...
Processing lib/libqmi_common_so.so ...
Processing lib/libqmi_csi.so ...
Processing lib/libqmi_encdec.so ...
Processing lib/libqmi_legacy.so ...
Processing lib/libqmiservices.so ...
Processing lib/libqomx_core.so ...
Processing lib/libqomx_jpegdec.so ...
Processing lib/libqomx_jpegenc.so ...
Processing lib/libqomx_jpegenc_pipe.so ...
Processing lib/libqseed3.so ...
Processing lib/libqservice.so ...
Processing lib/libqti-perfd-client.so ...
Processing lib/libqti_vndfwk_detect.so ...
Processing lib/libqtigef.so ...
Processing lib/libreference-ril.so ...
Processing lib/libremosaic_daemon.so ...
Processing lib/libril.so ...
Processing lib/librilutils.so ...
Processing lib/librmnetctl.so ...
Processing lib/librs_adreno.so ...
Processing lib/libsdm-color.so ...
Processing lib/libsdm-diag.so ...
Processing lib/libsdm-disp-vndapis.so ...
Processing lib/libsdmcore.so ...
Processing lib/libsdmextension.so ...
Processing lib/libsdmutils.so ...
Processing lib/libsdsprpc.so ...
Processing lib/libseemore.so ...
Processing lib/libsensor1.so ...
Processing lib/libsensor_reg.so ...
Processing lib/libsensorndkbridge.so ...
Processing lib/libsmwrapper.so ...
Processing lib/libsndmonitor.so ...
Processing lib/libspeexresampler.so ...
Processing lib/libsqlite.so ...
Processing lib/libssl.so ...
Processing lib/libstagefright_bufferqueue_helper.so ...
Processing lib/libstagefright_foundation.so ...
Processing lib/libstagefright_omx.so ...
Processing lib/libstagefright_omx_utils.so ...
Processing lib/libstagefright_softomx.so ...
Processing lib/libstagefright_softomx_plugin.so ...
Processing lib/libstagefright_xmlparser.so ...
Processing lib/libstagefrighthw.so ...
Processing lib/libthermalclient.so ...
Processing lib/libtinyalsa.so ...
Processing lib/libtinycompress.so ...
Processing lib/libtinyxml.so ...
Processing lib/libtinyxml2.so ...
Processing lib/libtinyxml2_1.so ...
Processing lib/libui.so ...
Processing lib/libunwindstack.so ...
Processing lib/libutils.so ...
Processing lib/libutilscallstack.so ...
Processing lib/libvibratorutils.so ...
Processing lib/libvndfwk_detect_jni.qti.so ...
Processing lib/libwifi-hal-ctrl.so ...
Processing lib/libwifi-hal-qcom.so ...
Processing lib/libwifi-system-iface.so ...
Processing lib/libwpa_client.so ...
Processing lib/libxml2.so ...
Processing lib/libyuv.so ...
Processing lib/libz.so ...
Processing lib/mediacas ...
Processing lib/mediadrm ...
Processing lib/rfsa ...
Processing lib/sensors.ssc.so ...
Processing lib/server_configurable_flags.so ...
Processing lib/soundfx ...
Processing lib/vendor.display.config@2.0.so ...
Processing lib/vendor.qti.hardware.btconfigstore@1.0.so ...
Processing lib/vendor.qti.hardware.btconfigstore@2.0.so ...
Processing lib/vendor.qti.hardware.display.mapper@1.0.so ...
Processing lib/vendor.qti.hardware.display.mapper@1.1.so ...
Processing lib/vendor.qti.hardware.display.mapper@2.0.so ...
Processing lib/vendor.qti.hardware.display.mapper@3.0.so ...
Processing lib/vendor.qti.hardware.display.mapper@4.0.so ...
Processing lib/vendor.qti.hardware.display.mapperextensions@1.0.so ...
Processing lib/vendor.qti.hardware.display.mapperextensions@1.1.so ...
Processing lib/vendor.qti.hardware.dsp@1.0.so ...
Processing lib/vendor.qti.hardware.mwqemadapter@1.0.so ...
Processing lib/vendor.qti.hardware.perf@2.0.so ...
Processing lib/vendor.qti.hardware.perf@2.1.so ...
Processing lib/vendor.qti.hardware.perf@2.2.so ...
Processing lib/egl/eglSubDriverAndroid.so ...
Processing lib/egl/libEGL_adreno.so ...
Processing lib/egl/libGLESv1_CM_adreno.so ...
Processing lib/egl/libGLESv2_adreno.so ...
Processing lib/egl/libq3dtools_adreno.so ...
Processing lib/egl/libq3dtools_esx.so ...
Processing lib/hw/android.hardware.audio.effect@6.0-impl.so ...
Processing lib/hw/android.hardware.audio@6.0-impl.so ...
Processing lib/hw/android.hardware.camera.provider@2.4-impl.so ...
Processing lib/hw/android.hardware.gatekeeper@1.0-impl-qti.so ...
Processing lib/hw/android.hardware.gnss@2.1-impl-qti.so ...
Processing lib/hw/android.hardware.graphics.mapper@3.0-impl-qti-display.so ...
Processing lib/hw/android.hardware.graphics.mapper@4.0-impl-qti-display.so ...
Processing lib/hw/android.hardware.keymaster@3.0-impl-qti.so ...
Processing lib/hw/android.hardware.memtrack@1.0-impl.so ...
Processing lib/hw/android.hardware.soundtrigger@2.3-impl.so ...
Processing lib/hw/android.hidl.memory@1.0-impl.so ...
Processing lib/hw/audio.bluetooth.default.so ...
Processing lib/hw/audio.primary.default.so ...
Processing lib/hw/audio.primary.sdm660.so ...
Processing lib/hw/audio.r_submix.default.so ...
Processing lib/hw/audio.usb.default.so ...
Processing lib/hw/camera.sdm660.so ...
Processing lib/hw/gralloc.default.so ...
Processing lib/hw/gralloc.sdm660.so ...
Processing lib/hw/hwcomposer.sdm660.so ...
Processing lib/hw/local_time.default.so ...
Processing lib/hw/memtrack.sdm660.so ...
Processing lib/hw/power.default.so ...
Processing lib/hw/sound_trigger.primary.sdm660.so ...
Processing lib/hw/vibrator.default.so ...
Processing lib/hw/vulkan.adreno.so ...
Processing lib/mediacas/libclearkeycasplugin.so ...
Processing lib/mediadrm/libdrmclearkeyplugin.so ...
Processing lib/rfsa/adsp ...
Processing lib/rfsa/adsp/capi_v2_aptX_Classic.so ...
Processing lib/rfsa/adsp/capi_v2_aptX_HD.so ...
Processing lib/rfsa/adsp/dirac_resource.dar ...
Processing lib/rfsa/adsp/libFastRPC_AUE_Forward_skel.so ...
Processing lib/rfsa/adsp/libFastRPC_UTF_Forward_800h_skel.so ...
Processing lib/rfsa/adsp/libFastRPC_UTF_Forward_Qtc2_skel.so ...
Processing lib/rfsa/adsp/libadsp_fd_skel.so ...
Processing lib/rfsa/adsp/libadsp_hvx_add_constant.so ...
Processing lib/rfsa/adsp/libadsp_hvx_skel.so ...
Processing lib/rfsa/adsp/libapps_mem_heap.so ...
Processing lib/rfsa/adsp/libdirac-capiv2.so ...
Processing lib/rfsa/adsp/libdspCV_skel.so ...
Processing lib/rfsa/adsp/libfastcvadsp.so ...
Processing lib/rfsa/adsp/libfastcvadsp_skel.so ...
Processing lib/rfsa/adsp/libscveObjectSegmentation_skel.so ...
Processing lib/rfsa/adsp/libscveT2T_skel.so ...
Processing lib/soundfx/libasphere.so ...
Processing lib/soundfx/libaudiopreprocessing.so ...
Processing lib/soundfx/libbundlewrapper.so ...
Processing lib/soundfx/libdownmix.so ...
Processing lib/soundfx/libdynproc.so ...
Processing lib/soundfx/libeffectproxy.so ...
Processing lib/soundfx/libhapticgenerator.so ...
Processing lib/soundfx/libldnhncr.so ...
Processing lib/soundfx/libqcbassboost.so ...
Processing lib/soundfx/libqcompostprocbundle.so ...
Processing lib/soundfx/libqcomvisualizer.so ...
Processing lib/soundfx/libqcomvoiceprocessing.so ...
Processing lib/soundfx/libqcreverb.so ...
Processing lib/soundfx/libqcvirt.so ...
Processing lib/soundfx/libreverbwrapper.so ...
Processing lib/soundfx/libvisualizer.so ...
Processing lib/soundfx/libvolumelistener.so ...
Processing lib64/android.frameworks.displayservice@1.0.so ...
Processing lib64/android.frameworks.sensorservice-V1-ndk.so ...
Processing lib64/android.frameworks.sensorservice@1.0.so ...
Processing lib64/android.hardware.audio.common-V4-ndk.so ...
Processing lib64/android.hardware.audio.common@5.0.so ...
Processing lib64/android.hardware.biometrics.fingerprint@2.1.so ...
Processing lib64/android.hardware.bluetooth.audio-V5-ndk.so ...
Processing lib64/android.hardware.bluetooth.audio-impl.so ...
Processing lib64/android.hardware.bluetooth.audio@2.0.so ...
Processing lib64/android.hardware.bluetooth.audio@2.1.so ...
Processing lib64/android.hardware.bluetooth@1.0.so ...
Processing lib64/android.hardware.common-V2-ndk.so ...
Processing lib64/android.hardware.common.fmq-V1-ndk.so ...
Processing lib64/android.hardware.drm-V1-ndk.so ...
Processing lib64/android.hardware.drm.common-V1-ndk.so ...
Processing lib64/android.hardware.drm@1.0.so ...
Processing lib64/android.hardware.drm@1.1.so ...
Processing lib64/android.hardware.drm@1.2.so ...
Processing lib64/android.hardware.drm@1.3.so ...
Processing lib64/android.hardware.gatekeeper@1.0.so ...
Processing lib64/android.hardware.gnss.measurement_corrections@1.0.so ...
Processing lib64/android.hardware.gnss.measurement_corrections@1.1.so ...
Processing lib64/android.hardware.gnss.visibility_control@1.0.so ...
Processing lib64/android.hardware.gnss@1.0.so ...
Processing lib64/android.hardware.gnss@1.1.so ...
Processing lib64/android.hardware.gnss@2.0.so ...
Processing lib64/android.hardware.gnss@2.1.so ...
Processing lib64/android.hardware.graphics.allocator-V2-ndk.so ...
Processing lib64/android.hardware.graphics.allocator@2.0.so ...
Processing lib64/android.hardware.graphics.allocator@3.0.so ...
Processing lib64/android.hardware.graphics.allocator@4.0.so ...
Processing lib64/android.hardware.graphics.bufferqueue@1.0.so ...
Processing lib64/android.hardware.graphics.bufferqueue@2.0.so ...
Processing lib64/android.hardware.graphics.common-V5-ndk.so ...
Processing lib64/android.hardware.graphics.common@1.0.so ...
Processing lib64/android.hardware.graphics.common@1.1.so ...
Processing lib64/android.hardware.graphics.common@1.2.so ...
Processing lib64/android.hardware.graphics.composer@2.1-resources.so ...
Processing lib64/android.hardware.graphics.composer@2.1.so ...
Processing lib64/android.hardware.graphics.mapper@2.0.so ...
Processing lib64/android.hardware.graphics.mapper@2.1.so ...
Processing lib64/android.hardware.graphics.mapper@3.0.so ...
Processing lib64/android.hardware.graphics.mapper@4.0.so ...
Processing lib64/android.hardware.health@1.0.so ...
Processing lib64/android.hardware.health@2.0.so ...
Processing lib64/android.hardware.health@2.1.so ...
Processing lib64/android.hardware.ir@1.0.so ...
Processing lib64/android.hardware.keymaster@3.0.so ...
Processing lib64/android.hardware.keymaster@4.0.so ...
Processing lib64/android.hardware.light-V1-ndk.so ...
Processing lib64/android.hardware.media.bufferpool@2.0.so ...
Processing lib64/android.hardware.media.c2@1.0.so ...
Processing lib64/android.hardware.media.omx@1.0.so ...
Processing lib64/android.hardware.media@1.0.so ...
Processing lib64/android.hardware.memtrack@1.0.so ...
Processing lib64/android.hardware.power-V5-ndk.so ...
Processing lib64/android.hardware.power@1.0.so ...
Processing lib64/android.hardware.power@1.1.so ...
Processing lib64/android.hardware.power@1.2.so ...
Processing lib64/android.hardware.radio.config@1.0.so ...
Processing lib64/android.hardware.radio.config@1.1.so ...
Processing lib64/android.hardware.radio.config@1.2.so ...
Processing lib64/android.hardware.radio.config@1.3.so ...
Processing lib64/android.hardware.radio.deprecated@1.0.so ...
Processing lib64/android.hardware.radio@1.0.so ...
Processing lib64/android.hardware.radio@1.1.so ...
Processing lib64/android.hardware.radio@1.2.so ...
Processing lib64/android.hardware.radio@1.3.so ...
Processing lib64/android.hardware.radio@1.4.so ...
Processing lib64/android.hardware.radio@1.5.so ...
Processing lib64/android.hardware.radio@1.6.so ...
Processing lib64/android.hardware.secure_element@1.0.so ...
Processing lib64/android.hardware.secure_element@1.1.so ...
Processing lib64/android.hardware.secure_element@1.2.so ...
Processing lib64/android.hardware.security.keymint-V1-ndk.so ...
Processing lib64/android.hardware.security.secureclock-V1-ndk.so ...
Processing lib64/android.hardware.sensors-V2-ndk.so ...
Processing lib64/android.hardware.sensors@1.0.so ...
Processing lib64/android.hardware.tetheroffload.config@1.0.so ...
Processing lib64/android.hardware.tetheroffload.control@1.0.so ...
Processing lib64/android.hardware.thermal@1.0.so ...
Processing lib64/android.hardware.thermal@2.0.so ...
Processing lib64/android.hardware.usb@1.0.so ...
Processing lib64/android.hardware.usb@1.1.so ...
Processing lib64/android.hardware.usb@1.2.so ...
Processing lib64/android.hardware.usb@1.3.so ...
Processing lib64/android.hardware.vibrator-V2-ndk.so ...
Processing lib64/android.hardware.wifi-V2-ndk.so ...
Processing lib64/android.hardware.wifi.common-V1-ndk.so ...
Processing lib64/android.hardware.wifi.hostapd-V3-ndk.so ...
Processing lib64/android.hardware.wifi.supplicant-V4-ndk.so ...
Processing lib64/android.hidl.allocator@1.0.so ...
Processing lib64/android.hidl.base@1.0.so ...
Processing lib64/android.hidl.memory.token@1.0.so ...
Processing lib64/android.hidl.memory@1.0.so ...
Processing lib64/android.hidl.safe_union@1.0.so ...
Processing lib64/android.media.audio.common.types-V4-ndk.so ...
Processing lib64/android.system.keystore2-V1-ndk.so ...
Processing lib64/android.system.net.netd@1.0.so ...
Processing lib64/android.system.net.netd@1.1.so ...
Processing lib64/android.system.suspend-V1-ndk.so ...
Processing lib64/android.system.wifi.keystore@1.0.so ...
Processing lib64/com.dsi.ant@1.0.so ...
Processing lib64/com.fingerprints.extension@1.0.so ...
Processing lib64/com.qualcomm.qti.dpm.api@1.0.so ...
Processing lib64/com.qualcomm.qti.imscmservice@1.0.so ...
Processing lib64/com.qualcomm.qti.imscmservice@2.0.so ...
Processing lib64/com.qualcomm.qti.imscmservice@2.1.so ...
Processing lib64/com.qualcomm.qti.imscmservice@2.2.so ...
Processing lib64/com.qualcomm.qti.uceservice@2.0.so ...
Processing lib64/com.qualcomm.qti.uceservice@2.1.so ...
Processing lib64/com.qualcomm.qti.uceservice@2.2.so ...
Processing lib64/com.qualcomm.qti.uceservice@2.3.so ...
Processing lib64/egl ...
Processing lib64/hw ...
Processing lib64/lib-imscmservice.so ...
Processing lib64/lib-imsdpl.so ...
Processing lib64/lib-imsqimf.so ...
Processing lib64/lib-imsrcs-v2.so ...
Processing lib64/lib-imsrcsbaseimpl.so ...
Processing lib64/lib-imsvtcore.so ...
Processing lib64/lib-imsxml.so ...
Processing lib64/lib-rcsconfig.so ...
Processing lib64/lib-rtpcommon.so ...
Processing lib64/lib-rtpcore.so ...
Processing lib64/lib-rtpsl.so ...
Processing lib64/lib-siputility.so ...
Processing lib64/lib-uceservice.so ...
Processing lib64/libC2D2.so ...
Processing lib64/libCB.so ...
Processing lib64/libEGL_adreno.so ...
Processing lib64/libGLESv2_adreno.so ...
Processing lib64/libGPreqcancel.so ...
Processing lib64/libGPreqcancel_svc.so ...
Processing lib64/libOmxAacEnc.so ...
Processing lib64/libOmxAmrEnc.so ...
Processing lib64/libOmxCore.so ...
Processing lib64/libOmxEvrcEnc.so ...
Processing lib64/libOmxG711Enc.so ...
Processing lib64/libOmxQcelp13Enc.so ...
Processing lib64/libOmxVdec.so ...
Processing lib64/libOmxVenc.so ...
Processing lib64/libOpenCL.so ...
Processing lib64/libQSEEComAPI.so ...
Processing lib64/libSecureUILib.so ...
Processing lib64/libStDrvInt.so ...
Processing lib64/libVkLayer_q3dtools.so ...
Processing lib64/libaconfig_storage_read_api_cc.so ...
Processing lib64/libadreno_utils.so ...
Processing lib64/libadsp_default_listener.so ...
Processing lib64/libadsprpc.so ...
Processing lib64/libalsautils.so ...
Processing lib64/libaoa.so ...
Processing lib64/libaudioroute.so ...
Processing lib64/libaudioutils.so ...
Processing lib64/libavservices_minijail.so ...
Processing lib64/libbase.so ...
Processing lib64/libbase64.so ...
Processing lib64/libbatching.so ...
Processing lib64/libbinder.so ...
Processing lib64/libbinderdebug.so ...
Processing lib64/libbluetooth_audio_session.so ...
Processing lib64/libbluetooth_audio_session_aidl.so ...
Processing lib64/libbt-hidlclient.so ...
Processing lib64/libbtnv.so ...
Processing lib64/libc++.so ...
Processing lib64/libc2d30_bltlib.so ...
Processing lib64/libc2dcolorconvert.so ...
Processing lib64/libcacertclient.so ...
Processing lib64/libcamera_metadata.so ...
Processing lib64/libcap.so ...
Processing lib64/libcdfw.so ...
Processing lib64/libcdfw_remote_api.so ...
Processing lib64/libcld80211.so ...
Processing lib64/libcne.so ...
Processing lib64/libcneapiclient.so ...
Processing lib64/libcneoplookup.so ...
Processing lib64/libcneqmiutils.so ...
Processing lib64/libconfigdb.so ...
Processing lib64/libcpion.so ...
Processing lib64/libcrypto.so ...
Processing lib64/libcrypto_shim.so ...
Processing lib64/libcrypto_utils.so ...
Processing lib64/libcutils.so ...
Processing lib64/libdataitems.so ...
Processing lib64/libdiag.so ...
Processing lib64/libdisp-aba.so ...
Processing lib64/libdisplayconfig.qti.so ...
Processing lib64/libdng_sdk.so ...
Processing lib64/libdpmqmihal.so ...
Processing lib64/libdrm.so ...
Processing lib64/libdrmfs.so ...
Processing lib64/libdrmtime.so ...
Processing lib64/libdrmutils.so ...
Processing lib64/libdsi_netctrl.so ...
Processing lib64/libdsutils.so ...
Processing lib64/libeffects.so ...
Processing lib64/libeffectsconfig.so ...
Processing lib64/libexif.so ...
Processing lib64/libexpat.so ...
Processing lib64/libflatbuffers-cpp.so ...
Processing lib64/libfmq.so ...
Processing lib64/libgarden.so ...
Processing lib64/libgarden_haltests_e2e.so ...
Processing lib64/libgdtap.so ...
Processing lib64/libgeofencing.so ...
Processing lib64/libgf_ca.so ...
Processing lib64/libgf_hal.so ...
Processing lib64/libgnss.so ...
Processing lib64/libgnsspps.so ...
Processing lib64/libgps.utils.so ...
Processing lib64/libgpu_tonemapper.so ...
Processing lib64/libgpudataproducer.so ...
Processing lib64/libgralloc.qti.so ...
Processing lib64/libgralloccore.so ...
Processing lib64/libgralloctypes.so ...
Processing lib64/libgrallocutils.so ...
Processing lib64/libgsl.so ...
Processing lib64/libhardware.so ...
Processing lib64/libhardware_legacy.so ...
Processing lib64/libhdmiedid.so ...
Processing lib64/libhdr_tm.so ...
Processing lib64/libhfp.so ...
Processing lib64/libhidlbase-v32.so ...
Processing lib64/libhidlbase.so ...
Processing lib64/libhidlmemory.so ...
Processing lib64/libhidltransport.so ...
Processing lib64/libhwbinder.so ...
Processing lib64/libhwc2on1adapter.so ...
Processing lib64/libhwc2onfbadapter.so ...
Processing lib64/libhypv_intercept.so ...
Processing lib64/libidl.so ...
Processing lib64/libion.so ...
Processing lib64/libipanat.so ...
Processing lib64/libizat_client_api.so ...
Processing lib64/libizat_core.so ...
Processing lib64/libjpeg.so ...
Processing lib64/libjson.so ...
Processing lib64/libjsoncpp.so ...
Processing lib64/libkeymasterdeviceutils.so ...
Processing lib64/libkeymasterprovision.so ...
Processing lib64/libkeymasterutils.so ...
Processing lib64/libkeystore-engine-wifi-hidl.so ...
Processing lib64/libkeystore-wifi-hidl.so ...
Processing lib64/liblbs_core.so ...
Processing lib64/libllvm-glnext.so ...
Processing lib64/libllvm-qcom.so ...
Processing lib64/libloc_api_v02.so ...
Processing lib64/libloc_core.so ...
Processing lib64/libloc_socket.so ...
Processing lib64/liblocation_api.so ...
Processing lib64/liblocationservice.so ...
Processing lib64/liblocationservice_glue.so ...
Processing lib64/liblowi_client.so ...
Processing lib64/liblowi_wifihal.so ...
Processing lib64/liblqe.so ...
Processing lib64/liblz4.so ...
Processing lib64/liblzma.so ...
Processing lib64/libmdmdetect.so ...
Processing lib64/libmdsprpc.so ...
Processing lib64/libmedia_helper.so ...
Processing lib64/libminijail.so ...
Processing lib64/libminkdescriptor.so ...
Processing lib64/libmlipay.so ...
Processing lib64/libmlipay@1.1.so ...
Processing lib64/libmm-omxcore.so ...
Processing lib64/libmmosal.so ...
Processing lib64/libnbaio_mono.so ...
Processing lib64/libnetfilter_conntrack.so ...
Processing lib64/libnetmgr.so ...
Processing lib64/libnetmgr_common.so ...
Processing lib64/libnetmgr_nr_fusion.so ...
Processing lib64/libnetmgr_rmnet_ext.so ...
Processing lib64/libnetutils.so ...
Processing lib64/libnfnetlink.so ...
Processing lib64/libnl.so ...
Processing lib64/libnlnetmgr.so ...
Processing lib64/liboemaids_vendor.so ...
Processing lib64/liboffloadhal.so ...
Processing lib64/libpasn.so ...
Processing lib64/libpdmapper.so ...
Processing lib64/libpdnotifier.so ...
Processing lib64/libperfmgr.so ...
Processing lib64/libperipheral_client.so ...
Processing lib64/libpng.so ...
Processing lib64/libpower.so ...
Processing lib64/libprocessgroup.so ...
Processing lib64/libprotobuf-cpp-full-21.12.so ...
Processing lib64/libprotobuf-cpp-full-3.9.1.so ...
Processing lib64/libprotobuf-cpp-lite-21.12.so ...
Processing lib64/libprotobuf-cpp-lite-3.9.1.so ...
Processing lib64/libq3dtools_adreno.so ...
Processing lib64/libqcc_file_agent.so ...
Processing lib64/libqcci_legacy.so ...
Processing lib64/libqcmaputils.so ...
Processing lib64/libqcrilFramework.so ...
Processing lib64/libqcrildatactl.so ...
Processing lib64/libqdMetaData.so ...
Processing lib64/libqdi.so ...
Processing lib64/libqdp.so ...
Processing lib64/libqdutils.so ...
Processing lib64/libqisl.so ...
Processing lib64/libqmi.so ...
Processing lib64/libqmi_cci.so ...
Processing lib64/libqmi_client_helper.so ...
Processing lib64/libqmi_client_qmux.so ...
Processing lib64/libqmi_common_so.so ...
Processing lib64/libqmi_csi.so ...
Processing lib64/libqmi_encdec.so ...
Processing lib64/libqmi_legacy.so ...
Processing lib64/libqmiservices.so ...
Processing lib64/libqrtr.so ...
Processing lib64/libqseed3.so ...
Processing lib64/libqservice.so ...
Processing lib64/libqsocket.so ...
Processing lib64/libqti-perfd-client.so ...
Processing lib64/libqti_vndfwk_detect.so ...
Processing lib64/libqtivibratoreffect.so ...
Processing lib64/librcc.so ...
Processing lib64/libreference-ril.so ...
Processing lib64/libril-qc-hal-qmi.so ...
Processing lib64/libril-qc-logger.so ...
Processing lib64/libril-qc-ltedirectdisc.so ...
Processing lib64/libril-qc-radioconfig.so ...
Processing lib64/libril-qcril-hook-oem.so ...
Processing lib64/libril.so ...
Processing lib64/librilqmiservices.so ...
Processing lib64/librilutils.so ...
Processing lib64/librmnetctl.so ...
Processing lib64/librmp.so ...
Processing lib64/librpmb.so ...
Processing lib64/librs_adreno.so ...
Processing lib64/libsdm-color.so ...
Processing lib64/libsdm-diag.so ...
Processing lib64/libsdm-disp-vndapis.so ...
Processing lib64/libsdmcore.so ...
Processing lib64/libsdmextension.so ...
Processing lib64/libsdmutils.so ...
Processing lib64/libsdsprpc.so ...
Processing lib64/libsecureui_svcsock.so ...
Processing lib64/libsensor1.so ...
Processing lib64/libsensor_reg.so ...
Processing lib64/libsensorndkbridge.so ...
Processing lib64/libsettings.so ...
Processing lib64/libsndmonitor.so ...
Processing lib64/libspeexresampler.so ...
Processing lib64/libsqlite.so ...
Processing lib64/libssd.so ...
Processing lib64/libssl.so ...
Processing lib64/libstagefright_foundation.so ...
Processing lib64/libstagefright_softomx.so ...
Processing lib64/libstagefright_softomx_plugin.so ...
Processing lib64/libstagefrighthw.so ...
Processing lib64/libsystem_health_mon.so ...
Processing lib64/libthermalclient.so ...
Processing lib64/libtime_genoff.so ...
Processing lib64/libtinyalsa.so ...
Processing lib64/libtinycompress.so ...
Processing lib64/libtinyxml.so ...
Processing lib64/libtinyxml2.so ...
Processing lib64/libtinyxml2_1.so ...
Processing lib64/libui.so ...
Processing lib64/libunwindstack.so ...
Processing lib64/libutils.so ...
Processing lib64/libutilscallstack.so ...
Processing lib64/libvendor.goodix.hardware.fingerprint@1.0-service.so ...
Processing lib64/libvendor.goodix.hardware.fingerprint@1.0.so ...
Processing lib64/libvibratorutils.so ...
Processing lib64/libvndfwk_detect_jni.qti.so ...
Processing lib64/libwifi-hal-ctrl.so ...
Processing lib64/libwifi-hal-qcom.so ...
Processing lib64/libwifi-hal.so ...
Processing lib64/libwifi-system-iface.so ...
Processing lib64/libwms.so ...
Processing lib64/libwpa_client.so ...
Processing lib64/libwqe.so ...
Processing lib64/libwvhidl.so ...
Processing lib64/libxml.so ...
Processing lib64/libxml2.so ...
Processing lib64/libxtadapter.so ...
Processing lib64/libyuv.so ...
Processing lib64/libz.so ...
Processing lib64/libz_stable.so ...
Processing lib64/libziparchive.so ...
Processing lib64/mediacas ...
Processing lib64/mediadrm ...
Processing lib64/pixel-power-ext-V1-ndk.so ...
Processing lib64/qcrild_librilutils.so ...
Processing lib64/qtibus.so ...
Processing lib64/qtimutex.so ...
Processing lib64/sensors.ssc.so ...
Processing lib64/server_configurable_flags.so ...
Processing lib64/soundfx ...
Processing lib64/vendor.display.color@1.0.so ...
Processing lib64/vendor.display.color@1.1.so ...
Processing lib64/vendor.display.color@1.2.so ...
Processing lib64/vendor.display.config@2.0.so ...
Processing lib64/vendor.display.postproc@1.0.so ...
Processing lib64/vendor.qti.data.factory@2.0.so ...
Processing lib64/vendor.qti.data.factory@2.1.so ...
Processing lib64/vendor.qti.data.factory@2.2.so ...
Processing lib64/vendor.qti.data.mwqem@1.0.so ...
Processing lib64/vendor.qti.data.slm@1.0.so ...
Processing lib64/vendor.qti.gnss@1.0.so ...
Processing lib64/vendor.qti.gnss@1.1.so ...
Processing lib64/vendor.qti.gnss@1.2.so ...
Processing lib64/vendor.qti.gnss@2.0.so ...
Processing lib64/vendor.qti.gnss@2.1.so ...
Processing lib64/vendor.qti.gnss@3.0.so ...
Processing lib64/vendor.qti.gnss@4.0-service.so ...
Processing lib64/vendor.qti.gnss@4.0.so ...
Processing lib64/vendor.qti.hardware.alarm@1.0.so ...
Processing lib64/vendor.qti.hardware.bluetooth_sar@1.0.so ...
Processing lib64/vendor.qti.hardware.bluetooth_sar@1.1.so ...
Processing lib64/vendor.qti.hardware.btconfigstore@1.0.so ...
Processing lib64/vendor.qti.hardware.btconfigstore@2.0.so ...
Processing lib64/vendor.qti.hardware.cacert@1.0.so ...
Processing lib64/vendor.qti.hardware.data.cne.internal.api@1.0.so ...
Processing lib64/vendor.qti.hardware.data.cne.internal.constants@1.0.so ...
Processing lib64/vendor.qti.hardware.data.cne.internal.server@1.0.so ...
Processing lib64/vendor.qti.hardware.data.connection@1.0.so ...
Processing lib64/vendor.qti.hardware.data.connection@1.1.so ...
Processing lib64/vendor.qti.hardware.data.dynamicdds@1.0.so ...
Processing lib64/vendor.qti.hardware.data.iwlan@1.0.so ...
Processing lib64/vendor.qti.hardware.data.latency@1.0.so ...
Processing lib64/vendor.qti.hardware.data.qmi@1.0.so ...
Processing lib64/vendor.qti.hardware.display.allocator@3.0.so ...
Processing lib64/vendor.qti.hardware.display.allocator@4.0.so ...
Processing lib64/vendor.qti.hardware.display.mapper@1.0.so ...
Processing lib64/vendor.qti.hardware.display.mapper@1.1.so ...
Processing lib64/vendor.qti.hardware.display.mapper@2.0.so ...
Processing lib64/vendor.qti.hardware.display.mapper@3.0.so ...
Processing lib64/vendor.qti.hardware.display.mapper@4.0.so ...
Processing lib64/vendor.qti.hardware.display.mapperextensions@1.0.so ...
Processing lib64/vendor.qti.hardware.display.mapperextensions@1.1.so ...
Processing lib64/vendor.qti.hardware.dsp@1.0.so ...
Processing lib64/vendor.qti.hardware.fm@1.0.so ...
Processing lib64/vendor.qti.hardware.mwqemadapter@1.0.so ...
Processing lib64/vendor.qti.hardware.perf@2.0.so ...
Processing lib64/vendor.qti.hardware.perf@2.1.so ...
Processing lib64/vendor.qti.hardware.perf@2.2.so ...
Processing lib64/vendor.qti.hardware.qccsyshal@1.0.so ...
Processing lib64/vendor.qti.hardware.radio.am@1.0.so ...
Processing lib64/vendor.qti.hardware.radio.ims@1.0.so ...
Processing lib64/vendor.qti.hardware.radio.ims@1.1.so ...
Processing lib64/vendor.qti.hardware.radio.ims@1.2.so ...
Processing lib64/vendor.qti.hardware.radio.ims@1.3.so ...
Processing lib64/vendor.qti.hardware.radio.ims@1.4.so ...
Processing lib64/vendor.qti.hardware.radio.ims@1.5.so ...
Processing lib64/vendor.qti.hardware.radio.ims@1.6.so ...
Processing lib64/vendor.qti.hardware.radio.ims@1.7.so ...
Processing lib64/vendor.qti.hardware.radio.internal.deviceinfo@1.0.so ...
Processing lib64/vendor.qti.hardware.radio.lpa@1.0.so ...
Processing lib64/vendor.qti.hardware.radio.lpa@1.1.so ...
Processing lib64/vendor.qti.hardware.radio.qcrilhook@1.0.so ...
Processing lib64/vendor.qti.hardware.radio.qtiradio@1.0.so ...
Processing lib64/vendor.qti.hardware.radio.qtiradio@2.0.so ...
Processing lib64/vendor.qti.hardware.radio.qtiradio@2.1.so ...
Processing lib64/vendor.qti.hardware.radio.qtiradio@2.2.so ...
Processing lib64/vendor.qti.hardware.radio.qtiradio@2.3.so ...
Processing lib64/vendor.qti.hardware.radio.qtiradio@2.4.so ...
Processing lib64/vendor.qti.hardware.radio.uim@1.0.so ...
Processing lib64/vendor.qti.hardware.radio.uim@1.1.so ...
Processing lib64/vendor.qti.hardware.radio.uim@1.2.so ...
Processing lib64/vendor.qti.hardware.radio.uim_remote_client@1.0.so ...
Processing lib64/vendor.qti.hardware.radio.uim_remote_client@1.1.so ...
Processing lib64/vendor.qti.hardware.radio.uim_remote_client@1.2.so ...
Processing lib64/vendor.qti.hardware.radio.uim_remote_server@1.0.so ...
Processing lib64/vendor.qti.hardware.slmadapter@1.0.so ...
Processing lib64/vendor.qti.hardware.soter@1.0.so ...
Processing lib64/vendor.qti.hardware.tui_comm@1.0.so ...
Processing lib64/vendor.qti.hardware.vibrator.impl.so ...
Processing lib64/vendor.qti.ims.callcapability@1.0.so ...
Processing lib64/vendor.qti.ims.callinfo@1.0.so ...
Processing lib64/vendor.qti.ims.factory@1.0.so ...
Processing lib64/vendor.qti.ims.rcsconfig@1.0.so ...
Processing lib64/vendor.qti.ims.rcsconfig@1.1.so ...
Processing lib64/vendor.qti.ims.rcsconfig@2.0.so ...
Processing lib64/vendor.qti.imsrtpservice@3.0-service-Impl.so ...
Processing lib64/vendor.qti.imsrtpservice@3.0.so ...
Processing lib64/vendor.qti.latency@2.0.so ...
Processing lib64/vendor.xiaomi.hardware.mlipay@1.0.so ...
Processing lib64/vendor.xiaomi.hardware.mlipay@1.1.so ...
Processing lib64/egl/eglSubDriverAndroid.so ...
Processing lib64/egl/libEGL_adreno.so ...
Processing lib64/egl/libGLESv1_CM_adreno.so ...
Processing lib64/egl/libGLESv2_adreno.so ...
Processing lib64/egl/libq3dtools_adreno.so ...
Processing lib64/egl/libq3dtools_esx.so ...
Processing lib64/hw/android.hardware.bluetooth@1.0-impl-qti.so ...
Processing lib64/hw/android.hardware.gatekeeper@1.0-impl-qti.so ...
Processing lib64/hw/android.hardware.gnss@2.1-impl-qti.so ...
Processing lib64/hw/android.hardware.graphics.mapper@3.0-impl-qti-display.so ...
Processing lib64/hw/android.hardware.graphics.mapper@4.0-impl-qti-display.so ...
Processing lib64/hw/android.hardware.health@2.0-impl-2.1.so ...
Processing lib64/hw/android.hardware.keymaster@3.0-impl-qti.so ...
Processing lib64/hw/android.hardware.memtrack@1.0-impl.so ...
Processing lib64/hw/android.hardware.sensors@1.0-impl.so ...
Processing lib64/hw/android.hidl.memory@1.0-impl.so ...
Processing lib64/hw/audio.bluetooth.default.so ...
Processing lib64/hw/audio.primary.default.so ...
Processing lib64/hw/audio.primary.sdm660.so ...
Processing lib64/hw/audio.r_submix.default.so ...
Processing lib64/hw/audio.usb.default.so ...
Processing lib64/hw/consumerir.lirc.sdm660.so ...
Processing lib64/hw/consumerir.spi.sdm660.so ...
Processing lib64/hw/fingerprint.fpc.default.so ...
Processing lib64/hw/fingerprint.goodix.default.so ...
Processing lib64/hw/fingerprint.sdm660.so ...
Processing lib64/hw/gralloc.default.so ...
Processing lib64/hw/gralloc.sdm660.so ...
Processing lib64/hw/hwcomposer.sdm660.so ...
Processing lib64/hw/local_time.default.so ...
Processing lib64/hw/memtrack.sdm660.so ...
Processing lib64/hw/power.default.so ...
Processing lib64/hw/vendor.qti.gnss@4.0-impl.so ...
Processing lib64/hw/vendor.qti.hardware.alarm@1.0-impl.so ...
Processing lib64/hw/vendor.qti.hardware.bluetooth_sar@1.0-impl.so ...
Processing lib64/hw/vendor.qti.hardware.bluetooth_sar@1.1-impl.so ...
Processing lib64/hw/vendor.qti.hardware.soter@1.0-impl.so ...
Processing lib64/hw/vibrator.default.so ...
Processing lib64/hw/vulkan.adreno.so ...
Processing lib64/mediacas/libclearkeycasplugin.so ...
Processing lib64/mediadrm/libdrmclearkeyplugin.so ...
Processing lib64/mediadrm/libwvdrmengine.so ...
Processing lib64/soundfx/libaudiopreprocessing.so ...
Processing lib64/soundfx/libbundlewrapper.so ...
Processing lib64/soundfx/libdownmix.so ...
Processing lib64/soundfx/libdynproc.so ...
Processing lib64/soundfx/libeffectproxy.so ...
Processing lib64/soundfx/libhapticgenerator.so ...
Processing lib64/soundfx/libldnhncr.so ...
Processing lib64/soundfx/libqcompostprocbundle.so ...
Processing lib64/soundfx/libqcomvisualizer.so ...
Processing lib64/soundfx/libqcomvoiceprocessing.so ...
Processing lib64/soundfx/libreverbwrapper.so ...
Processing lib64/soundfx/libvisualizer.so ...
Processing lib64/soundfx/libvolumelistener.so ...
Processing odm/etc ...
Processing odm/etc/build.prop ...
Processing odm/etc/group ...
Processing odm/etc/passwd ...
Processing odm_dlkm/etc ...
Processing odm_dlkm/etc/build.prop ...
Processing overlay/Aperture__miku_wayne__auto_generated_rro_vendor.apk ...
Processing overlay/SettingsProvider__miku_wayne__auto_generated_rro_vendor.apk ...
Processing overlay/Settings__miku_wayne__auto_generated_rro_vendor.apk ...
Processing overlay/SystemUI__miku_wayne__auto_generated_rro_vendor.apk ...
Processing overlay/TeleService__miku_wayne__auto_generated_rro_vendor.apk ...
Processing overlay/framework-res__miku_wayne__auto_generated_rro_vendor.apk ...
Processing radio/qcril_database ...
Processing radio/qcril_database/qcril.db ...
Processing radio/qcril_database/upgrade ...
Processing radio/qcril_database/upgrade/0_initial.sql ...
Processing radio/qcril_database/upgrade/1_version_intro.sql ...
Processing radio/qcril_database/upgrade/2_version_add_wps_config.sql ...
Processing radio/qcril_database/upgrade/3_version_update_wps_config.sql ...
Processing radio/qcril_database/upgrade/4_version_update_ecc_table.sql ...
Processing radio/qcril_database/upgrade/5_version_update_ecc_table.sql ...
Processing radio/qcril_database/upgrade/6_version_update_ecc_table.sql ...
Processing radio/qcril_database/upgrade/7_version_update_ecc_table.sql ...
Processing rfs/msm ...
Processing rfs/msm/adsp ...
Processing rfs/msm/mpss ...
Processing rfs/msm/slpi ...
Processing rfs/msm/adsp/hlos ...
Processing rfs/msm/adsp/ramdumps ...
Processing rfs/msm/adsp/readonly ...
Processing rfs/msm/adsp/readwrite ...
Processing rfs/msm/adsp/shared ...
Processing rfs/msm/adsp/readonly/firmware ...
Processing rfs/msm/adsp/readonly/vendor ...
Processing rfs/msm/adsp/readonly/vendor/firmware ...
Processing rfs/msm/mpss/hlos ...
Processing rfs/msm/mpss/ramdumps ...
Processing rfs/msm/mpss/readonly ...
Processing rfs/msm/mpss/readwrite ...
Processing rfs/msm/mpss/shared ...
Processing rfs/msm/mpss/readonly/firmware ...
Processing rfs/msm/mpss/readonly/vendor ...
Processing rfs/msm/mpss/readonly/vendor/firmware ...
Processing rfs/msm/slpi/hlos ...
Processing rfs/msm/slpi/ramdumps ...
Processing rfs/msm/slpi/readonly ...
Processing rfs/msm/slpi/readwrite ...
Processing rfs/msm/slpi/shared ...
Processing rfs/msm/slpi/readonly/firmware ...
Processing rfs/msm/slpi/readonly/vendor ...
Processing rfs/msm/slpi/readonly/vendor/firmware ...
Processing usr/idc ...
Processing usr/keylayout ...
Processing usr/idc/uinput-fpc.idc ...
Processing usr/idc/uinput-goodix.idc ...
Processing usr/keylayout/uinput-fpc.kl ...
Processing usr/keylayout/uinput-goodix.kl ...
Processing vendor_dlkm/etc ...
Processing vendor_dlkm/etc/build.prop ...
Build completed.

------
Filesystem UUID: 36b70828-7600-5b69-9c83-f2d6d7f8ae01
Filesystem total blocks: 52725 (of 4096-byte blocks)
Filesystem total inodes: 2296
Filesystem total metadata blocks: 207
Filesystem total deduplicated bytes (of source files): 0
{"paths": 2296, "patched_files": ["etc/fstab.qcom", "build.prop"], "output": "artifacts/experimental/static/vendor.img"}
{
  "layout": "stock-size-static",
  "original_vendor": "research/base-miku-a15/vendor.img",
  "modified_files": [
    "etc/fstab.qcom",
    "build.prop"
  ],
  "partition_table_changed": false,
  "rawdump_repurposed": false,
  "hardware_tested": false,
  "output_size": 215961600,
  "output_sha256": "a68f268d5d240e9308c4a58ce15741806bfc64791d561142ff3427d79d34eaa1"
}
